Console Name,Company,Gen Years,UnitsSold,Genre,JP Sales,EU Sales,NA Sales,Other Sales,Global Sales
Magnavox Odyssey,Magnavox,1972-1978,0.35,Sports,3.77,29.02,41.49,8.46,82.74
Home Pong,Atari,1972-1978,0.15,Platform,6.81,3.58,29.08,0.77,40.24
Atari 2600,Atari,1978-1982,30.0,Racing,3.79,12.88,15.85,3.31,35.82
Magnavox Odyssey 2,Magnavox,1978-1982,2.0,Sports,3.28,11.01,15.75,2.96,33.0
Intellivision,Mattel,1978-1982,3.0,Role-Playing,10.22,8.89,11.27,1.0,31.37
Atari 5200/7800,Atari,1982-1988,2.0,Puzzle,4.22,2.26,23.2,0.58,30.26
Nintendo Entertainment System,Nintendo,1982-1988,62.0,Platform,6.5,9.23,11.38,2.9,30.01
Sega Master System,Sega,1982-1988,13.0,Misc,2.93,9.2,14.03,2.85,29.02
Sega Genesis,Sega,1988-1994,33.0,Platform,4.7,7.06,14.59,2.26,28.62
Super Nintendo,Nintendo,1988-1994,49.0,Shooter,0.28,0.63,26.93,0.47,28.31
PlayStation,Sony,1994-1998,102.0,Simulation,1.93,11.0,9.07,2.75,24.76
Sega Saturn,Sega,1994-1998,9.0,Racing,4.13,7.57,9.81,1.92,23.42
Nintendo 64,Nintendo,1994-1998,33.0,Role-Playing,7.2,6.18,9.0,0.71,23.1
Sega Dreamcast,Sega,1998-2005,9.0,Sports,3.6,8.03,8.94,2.15,22.72
PlayStation 2,Sony,1998-2005,155.0,Sports,2.53,8.59,9.09,1.79,22.0
GameCube,Nintendo,1998-2005,22.0,Misc,0.24,4.94,14.97,1.67,21.82
Xbox,Microsoft,1998-2005,24.0,Action,0.97,9.27,7.01,4.14,21.4
Xbox 360,Microsoft,2005-2012,84.0,Action,0.41,0.4,9.43,10.57,20.81
PlayStation 3,Sony,2005-2012,87.0,Platform,3.54,3.75,12.78,0.55,20.61
Wii,Nintendo,2005-2012,101.0,Misc,4.16,9.26,4.75,2.05,20.22
Wii U,Nintendo,2012-2017,14.0,Role-Playing,6.04,4.52,6.42,1.37,18.36
PlayStation 4,Sony,2012-2017,117.0,Platform,4.18,2.71,10.83,0.42,18.14
Xbox One,Microsoft,2012-2017,58.0,Platform,3.84,3.44,9.54,0.46,17.28
Nintendo Switch,Nintendo,2017-Ongoing,138.0,Action,0.06,5.31,9.63,1.38,16.38
PlayStation 5,Sony,2017-Ongoing,55.0,Action,0.47,5.49,8.41,1.78,16.15
Xbox Series,Microsoft,2017-Ongoing,28.0,Role-Playing,5.38,3.9,6.06,0.5,15.85
,,,,Role-Playing,5.65,3.28,5.57,0.82,15.32
,,,,Puzzle,5.32,5.36,3.44,1.18,15.3
,,,,Racing,1.87,5.09,6.85,1.16,14.98
,,,,Shooter,0.13,4.28,9.03,1.32,14.76
,,,,Role-Playing,3.12,5.04,5.89,0.59,14.64
,,,,Shooter,0.11,3.73,9.67,1.13,14.64
,,,,Role-Playing,4.34,4.05,5.17,0.79,14.35
,,,,Shooter,0.35,5.81,5.77,2.31,14.24
,,,,Shooter,0.65,5.88,4.99,2.52,14.03
,,,,Shooter,0.07,4.3,8.25,1.12,13.73
,,,,Shooter,0.08,3.63,8.52,1.29,13.51
,,,,Shooter,0.49,5.82,5.54,1.62,13.46
,,,,Action,0.3,4.51,6.99,1.3,13.1
,,,,Fighting,2.66,2.61,6.75,1.02,13.04
,,,,Shooter,0.48,4.44,5.98,1.83,12.73
,,,,Simulation,5.33,3.52,2.55,0.88,12.27
,,,,Racing,2.67,3.91,4.74,0.89,12.21
,,,,Shooter,0.13,2.83,7.97,1.21,12.14
,,,,Action,0.36,5.81,3.8,2.02,11.98
,,,,Action,3.96,2.77,4.4,0.77,11.9
,,,,Platform,1.91,2.85,6.91,0.23,11.89
,,,,Racing,1.1,0.01,3.01,7.53,11.66
,,,,Platform,1.2,3.4,6.16,0.76,11.52
,,,,Role-Playing,3.08,3.37,4.23,0.65,11.33
,,,,Adventure,2.69,2.04,6.16,0.29,11.18
,,,,Action,0.14,3.1,6.76,1.03,11.02
,,,,Racing,2.54,3.87,4.02,0.52,10.95
,,,,Platform,2.13,2.99,4.89,0.78,10.79
,,,,Racing,0.81,4.88,2.96,2.12,10.77
,,,,Shooter,0.38,3.69,4.99,1.63,10.69
,,,,Action,0.44,3.76,4.76,1.62,10.57
,,,,Platform,2.12,2.15,5.99,0.29,10.55
,,,,Role-Playing,3.15,2.65,4.34,0.35,10.49
,,,,Platform,1.25,3.11,5.08,0.98,10.42
,,,,Misc,0.0,3.15,6.05,1.07,10.26
,,,,Shooter,0.04,2.63,6.72,0.82,10.21
,,,,Shooter,0.08,1.98,7.03,0.78,9.88
,,,,Racing,2.23,1.94,5.55,0.15,9.87
,,,,Platform,2.47,3.07,3.66,0.63,9.82
,,,,Shooter,0.04,2.36,6.63,0.73,9.76
,,,,Role-Playing,3.28,2.47,3.01,0.96,9.72
,,,,Shooter,0.38,3.73,4.09,1.38,9.59
,,,,Misc,0.01,2.89,5.84,0.78,9.52
,,,,Racing,1.69,3.42,3.88,0.5,9.49
,,,,Shooter,0.13,2.38,5.91,0.9,9.32
,,,,Platform,3.0,1.71,4.36,0.23,9.3
,,,,Misc,0.02,2.83,5.58,0.77,9.2
,,,,Simulation,4.36,2.32,2.01,0.41,9.09
,,,,Misc,1.98,1.88,4.46,0.7,9.02
,,,,Role-Playing,0.1,2.86,5.03,0.85,8.84
,,,,Racing,3.81,1.24,3.54,0.18,8.76
,,,,Sports,0.06,6.06,1.11,1.26,8.49
,,,,Misc,2.49,3.53,1.79,0.68,8.49
,,,,Shooter,0.05,1.53,6.82,0.08,8.49
,,,,Misc,1.58,2.3,3.81,0.73,8.42
,,,,Role-Playing,3.14,1.86,2.91,0.43,8.33
,,,,Action,0.13,5.05,1.06,2.01,8.24
,,,,Simulation,0.0,6.42,0.98,0.71,8.11
,,,,Shooter,0.13,2.01,5.8,0.15,8.09
,,,,Sports,0.66,3.9,2.58,0.91,8.06
,,,,Role-Playing,2.73,2.07,2.91,0.33,8.05
,,,,Role-Playing,3.63,1.72,2.28,0.23,7.86
,,,,Role-Playing,2.69,1.78,2.82,0.55,7.84
,,,,Puzzle,0.0,0.45,7.28,0.08,7.81
,,,,Action,0.24,2.83,2.9,1.75,7.72
,,,,Platform,0.98,2.42,3.66,0.64,7.69
,,,,Shooter,0.22,3.29,2.93,1.23,7.67
,,,,Shooter,0.14,3.3,2.8,1.37,7.6
,,,,Action,1.45,1.89,4.1,0.16,7.6
,,,,Platform,1.31,2.17,3.78,0.31,7.58
,,,,Platform,0.7,1.18,5.39,0.19,7.46
,,,,Fighting,2.42,1.35,3.24,0.43,7.45
,,,,Shooter,0.0,1.9,4.79,0.69,7.37
,,,,Shooter,0.06,2.13,4.46,0.69,7.34
,,,,Action,0.6,2.19,3.83,0.7,7.31
,,,,Shooter,0.01,2.09,4.52,0.67,7.3
,,,,Misc,0.0,3.03,3.51,0.73,7.27
,,,,Shooter,0.35,2.93,2.85,1.1,7.23
,,,,Racing,0.08,2.83,3.27,1.02,7.2
,,,,Fighting,1.4,2.22,3.27,0.29,7.16
,,,,Platform,1.42,1.75,3.68,0.28,7.13
,,,,Fighting,1.39,1.04,4.41,0.22,7.07
,,,,Racing,1.27,2.07,3.13,0.49,6.96
,,,,Role-Playing,0.24,3.15,2.47,1.1,6.96
,,,,Racing,0.87,1.77,4.12,0.19,6.95
,,,,Misc,0.0,2.21,4.14,0.56,6.91
,,,,Sports,0.07,4.32,0.78,1.73,6.9
,,,,Racing,0.08,3.02,2.71,1.09,6.9
,,,,Shooter,0.17,2.75,2.93,0.99,6.83
,,,,Action,0.19,2.8,2.77,1.06,6.83
,,,,Platform,0.94,2.35,3.23,0.3,6.82
,,,,Sports,0.0,2.64,3.5,0.67,6.81
,,,,Shooter,0.06,1.92,4.15,0.64,6.76
,,,,Action,0.21,2.25,3.27,1.0,6.73
,,,,Shooter,0.28,2.3,3.1,1.04,6.72
,,,,Sports,0.11,4.32,0.84,1.42,6.69
,,,,Misc,1.6,2.78,1.67,0.62,6.67
,,,,Action,0.17,2.61,2.79,1.03,6.6
,,,,Sports,0.05,4.29,0.79,1.47,6.59
,,,,Platform,1.03,1.84,3.25,0.47,6.59
,,,,Role-Playing,0.25,2.71,2.55,1.05,6.56
,,,,Action,1.69,0.93,3.74,0.14,6.51
,,,,Action,0.16,2.56,2.64,1.14,6.5
,,,,Shooter,0.08,1.3,4.98,0.07,6.43
,,,,Role-Playing,2.06,1.58,2.57,0.21,6.41
,,,,Role-Playing,1.49,1.2,3.64,0.07,6.4
,,,,Role-Playing,1.29,1.56,2.55,0.99,6.39
,,,,Shooter,0.06,1.35,4.34,0.61,6.36
,,,,Action,0.09,1.97,3.7,0.57,6.34
,,,,Platform,0.87,1.26,4.01,0.17,6.31
,,,,Fighting,2.87,0.83,2.47,0.12,6.3
,,,,Role-Playing,0.0,6.21,0.07,0.0,6.28
,,,,Action,0.02,2.8,3.11,0.33,6.27
,,,,Sports,0.03,1.78,3.92,0.51,6.24
,,,,Shooter,0.07,1.62,4.05,0.49,6.24
,,,,Shooter,0.07,1.9,3.54,0.6,6.11
,,,,Action,0.87,2.01,2.45,0.72,6.05
,,,,Platform,0.16,1.2,4.47,0.19,6.03
,,,,Action,0.83,1.74,2.63,0.83,6.03
,,,,Action,0.78,1.83,3.18,0.24,6.03
,,,,Action,0.28,2.28,2.41,1.01,5.99
,,,,Role-Playing,2.33,0.0,1.88,1.74,5.95
,,,,Platform,0.17,2.05,2.8,0.9,5.92
,,,,Role-Playing,4.35,0.69,0.66,0.15,5.84
,,,,Action,0.0,1.63,3.66,0.53,5.83
,,,,Action,2.02,1.47,1.88,0.45,5.82
,,,,Fighting,1.36,1.89,2.26,0.23,5.74
,,,,Simulation,0.07,1.94,3.13,0.58,5.72
,,,,Shooter,0.16,2.05,2.49,0.96,5.65
,,,,Puzzle,1.81,0.69,2.97,0.11,5.58
,,,,Action,0.21,1.95,2.54,0.87,5.57
,,,,Fighting,1.97,0.6,2.95,0.04,5.55
,,,,Adventure,0.07,1.65,3.28,0.55,5.55
,,,,Action,0.11,1.91,2.7,0.8,5.53
,,,,Racing,0.1,1.92,2.99,0.51,5.51
,,,,Role-Playing,4.13,0.57,0.47,0.34,5.5
,,,,Platform,0.91,1.24,3.14,0.2,5.49
,,,,Racing,0.99,1.64,2.62,0.23,5.47
,,,,Platform,0.95,1.11,3.21,0.2,5.46
,,,,Strategy,0.94,1.24,3.18,0.09,5.45
,,,,Shooter,0.0,1.87,2.72,0.84,5.43
,,,,Platform,0.24,2.29,2.07,0.82,5.42
,,,,Misc,0.0,2.51,1.97,0.94,5.42
,,,,Role-Playing,1.87,1.24,1.74,0.52,5.36
,,,,Puzzle,2.0,0.96,2.18,0.2,5.34
,,,,Misc,1.01,1.12,3.02,0.16,5.31
,,,,Action,0.03,1.71,3.13,0.44,5.3
,,,,Role-Playing,2.78,0.77,1.62,0.14,5.3
,,,,Role-Playing,2.11,1.08,1.92,0.17,5.29
,,,,Platform,1.09,0.79,3.33,0.06,5.27
,,,,Action,0.08,1.56,3.1,0.51,5.27
,,,,Puzzle,1.03,2.48,1.22,0.52,5.26
,,,,Action,0.2,2.46,2.3,0.28,5.24
,,,,Sports,0.01,0.26,4.26,0.71,5.23
,,,,Role-Playing,3.61,0.75,0.65,0.2,5.21
,,,,Role-Playing,0.0,2.15,2.43,0.62,5.2
,,,,Platform,0.83,1.25,2.93,0.2,5.2
,,,,Platform,1.27,1.3,2.32,0.31,5.19
,,,,Platform,1.57,0.98,2.49,0.15,5.19
,,,,Action,0.03,3.48,1.08,0.58,5.18
,,,,Action,0.95,1.83,1.9,0.49,5.17
,,,,Platform,2.2,0.74,2.1,0.11,5.15
,,,,Simulation,1.89,2.02,0.96,0.28,5.15
,,,,Sports,0.44,2.48,1.64,0.58,5.14
,,,,Shooter,0.13,2.23,1.98,0.8,5.13
,,,,Platform,1.7,0.61,2.71,0.11,5.13
,,,,Role-Playing,0.05,1.11,3.59,0.38,5.13
,,,,Shooter,0.01,1.53,3.21,0.38,5.13
,,,,Simulation,0.0,1.69,3.22,0.2,5.12
,,,,Misc,0.0,0.63,3.81,0.68,5.12
,,,,Action,1.08,1.43,1.96,0.65,5.11
,,,,Action,0.0,2.01,2.66,0.41,5.08
,,,,Action,0.16,2.02,1.7,1.21,5.08
,,,,Sports,0.06,3.29,0.6,1.13,5.08
,,,,Platform,0.15,1.3,3.4,0.22,5.07
,,,,Action,1.11,1.16,2.05,0.73,5.05
,,,,Sports,0.02,1.38,3.42,0.2,5.02
,,,,Fighting,0.8,1.06,2.59,0.57,5.02
,,,,Strategy,0.0,1.89,2.79,0.33,5.01
,,,,Platform,0.07,1.36,3.36,0.21,5.0
,,,,Shooter,0.29,1.18,3.06,0.46,5.0
,,,,Misc,0.01,0.01,3.49,1.48,4.98
,,,,Role-Playing,0.09,1.03,3.39,0.44,4.96
,,,,Role-Playing,1.54,1.2,1.85,0.37,4.96
,,,,Action,0.12,1.73,2.31,0.78,4.94
,,,,Sports,0.01,0.26,3.98,0.66,4.91
,,,,Action,0.0,1.54,2.89,0.46,4.9
,,,,Racing,0.89,0.99,2.91,0.1,4.88
,,,,Role-Playing,4.87,0.0,0.0,0.0,4.87
,,,,Puzzle,1.52,0.6,2.62,0.1,4.85
,,,,Action,0.12,1.36,2.74,0.63,4.84
,,,,Strategy,0.0,1.68,2.56,0.59,4.83
,,,,Adventure,0.09,2.0,1.91,0.83,4.83
,,,,Sports,0.04,3.14,0.57,1.07,4.82
,,,,Racing,0.44,1.57,2.57,0.21,4.79
,,,,Sports,0.06,3.75,0.28,0.69,4.77
,,,,Action,0.04,1.31,2.99,0.41,4.76
,,,,Action,0.02,2.1,2.36,0.25,4.73
,,,,Racing,0.0,2.19,1.73,0.79,4.7
,,,,Sports,0.02,1.41,3.05,0.2,4.68
,,,,Simulation,1.32,1.12,1.87,0.37,4.68
,,,,Action,0.08,1.95,1.94,0.7,4.67
,,,,Racing,0.06,2.04,2.08,0.47,4.64
,,,,Action,0.13,1.97,2.29,0.24,4.63
,,,,Misc,0.0,1.12,3.06,0.44,4.62
,,,,Action,1.15,0.91,2.42,0.13,4.61
,,,,Action,0.89,0.99,2.6,0.13,4.6
,,,,Sports,0.22,1.99,1.89,0.48,4.58
,,,,Action,1.1,1.39,1.78,0.3,4.58
,,,,Shooter,1.44,1.15,1.55,0.43,4.57
,,,,Action,0.07,1.87,1.78,0.82,4.55
,,,,Misc,0.01,0.92,3.19,0.42,4.53
,,,,Sports,0.01,0.26,4.18,0.08,4.53
,,,,Platform,0.0,0.24,4.21,0.05,4.5
,,,,Sports,0.01,0.24,3.63,0.61,4.49
,,,,Action,0.03,1.51,2.71,0.23,4.48
,,,,Role-Playing,4.1,0.14,0.2,0.02,4.47
,,,,Action,0.08,1.69,1.96,0.74,4.47
,,,,Shooter,0.19,1.94,1.54,0.77,4.45
,,,,Action,0.02,1.29,2.71,0.43,4.45
,,,,Misc,0.46,1.11,2.55,0.33,4.44
,,,,Misc,0.01,1.35,2.67,0.39,4.42
,,,,Sports,0.01,1.29,2.66,0.46,4.41
,,,,Sports,1.05,2.39,0.1,0.86,4.39
,,,,Role-Playing,0.13,1.05,2.82,0.4,4.39
,,,,Adventure,1.61,0.5,2.19,0.08,4.38
,,,,Racing,0.08,1.79,2.03,0.47,4.37
,,,,Shooter,0.14,1.73,1.73,0.75,4.35
,,,,Platform,0.26,0.91,3.03,0.13,4.34
,,,,Role-Playing,1.38,0.58,2.2,0.17,4.33
,,,,Sports,0.01,2.93,0.92,0.46,4.31
,,,,Shooter,0.0,1.18,2.75,0.37,4.31
,,,,Shooter,0.0,0.26,4.0,0.05,4.31
,,,,Role-Playing,0.11,1.27,2.51,0.41,4.31
,,,,Shooter,0.03,1.2,2.64,0.39,4.26
,,,,Platform,0.72,1.11,2.11,0.3,4.25
,,,,Action,0.07,1.34,2.23,0.61,4.25
,,,,Action,0.1,2.02,1.41,0.72,4.24
,,,,Misc,0.05,1.11,3.0,0.07,4.24
,,,,Action,0.83,0.0,1.46,1.93,4.23
,,,,Platform,0.0,1.02,2.45,0.75,4.22
,,,,Strategy,0.0,2.27,1.7,0.23,4.21
,,,,Action,0.62,1.27,2.03,0.3,4.21
,,,,Sports,0.04,2.55,0.78,0.84,4.21
,,,,Misc,0.2,2.3,0.88,0.83,4.2
,,,,Shooter,0.18,2.07,1.3,0.65,4.2
,,,,Racing,0.57,1.83,1.28,0.53,4.2
,,,,Action,0.04,1.47,2.25,0.43,4.19
,,,,Fighting,0.58,1.06,2.02,0.53,4.19
,,,,Sports,0.02,2.79,0.84,0.53,4.19
,,,,Action,0.31,0.44,3.38,0.04,4.17
,,,,Racing,1.57,0.48,2.04,0.07,4.16
,,,,Action,0.0,0.27,3.79,0.11,4.16
,,,,Sports,0.01,0.21,3.36,0.56,4.14
,,,,Action,0.11,1.86,1.4,0.77,4.14
,,,,Shooter,0.09,0.0,4.03,0.0,4.12
,,,,Platform,1.76,0.61,1.65,0.09,4.12
,,,,Sports,0.03,2.48,0.71,0.89,4.11
,,,,Action,0.37,1.2,2.14,0.4,4.1
,,,,Fighting,2.1,0.51,1.42,0.07,4.1
,,,,Misc,0.05,1.5,2.13,0.42,4.1
,,,,Role-Playing,0.01,1.26,2.45,0.37,4.09
,,,,Role-Playing,0.0,1.52,2.57,0.0,4.09
,,,,Role-Playing,0.04,1.06,2.65,0.33,4.08
,,,,Action,0.04,0.04,2.32,1.67,4.07
,,,,Racing,0.03,1.28,2.35,0.41,4.06
,,,,Sports,0.9,2.26,0.12,0.77,4.06
,,,,Misc,0.16,1.55,2.28,0.06,4.05
,,,,Fighting,0.51,1.51,1.68,0.35,4.05
,,,,Shooter,0.1,2.12,1.12,0.69,4.03
,,,,Shooter,0.64,0.58,2.78,0.04,4.03
,,,,Misc,0.12,1.87,1.38,0.65,4.02
,,,,Sports,2.46,0.28,1.22,0.04,4.01
,,,,Role-Playing,0.07,1.2,2.15,0.59,4.01
,,,,Puzzle,0.92,1.78,0.92,0.37,4.0
,,,,Shooter,0.05,0.89,2.67,0.37,3.99
,,,,Misc,0.0,1.35,2.08,0.54,3.98
,,,,Sports,0.06,1.36,2.1,0.4,3.92
,,,,Action,0.08,1.96,1.18,0.7,3.92
,,,,Platform,1.07,0.76,1.97,0.11,3.91
,,,,Sports,0.01,1.17,2.29,0.42,3.9
,,,,Action,0.13,1.71,1.33,0.73,3.89
,,,,Role-Playing,2.62,0.49,0.67,0.11,3.89
,,,,Racing,0.06,1.61,1.53,0.67,3.88
,,,,Role-Playing,0.0,2.09,1.15,0.64,3.88
,,,,Fighting,0.31,1.94,0.93,0.7,3.87
,,,,Role-Playing,3.77,0.0,0.1,0.0,3.87
,,,,Sports,0.1,1.14,2.12,0.51,3.87
,,,,Sports,0.03,0.65,2.48,0.69,3.85
,,,,Sports,1.12,1.89,0.16,0.68,3.85
,,,,Misc,1.05,1.57,0.87,0.35,3.84
,,,,Misc,0.22,1.44,2.12,0.06,3.84
,,,,Action,0.54,0.96,2.21,0.13,3.83
,,,,Role-Playing,0.81,0.48,2.26,0.27,3.83
,,,,Misc,0.41,1.93,1.06,0.43,3.82
,,,,Simulation,0.73,1.37,1.44,0.27,3.81
,,,,Action,0.1,1.58,1.49,0.61,3.79
,,,,Sports,0.27,1.91,1.14,0.46,3.78
,,,,Action,0.0,1.03,2.4,0.36,3.78
,,,,Action,0.47,1.24,1.82,0.25,3.77
,,,,Platform,0.1,1.4,1.4,0.87,3.77
,,,,Misc,0.0,1.47,1.98,0.32,3.76
,,,,Simulation,0.0,1.56,2.03,0.17,3.76
,,,,Platform,0.59,0.88,1.98,0.32,3.76
,,,,Action,0.14,2.0,1.37,0.22,3.73
,,,,Role-Playing,0.21,2.0,0.96,0.56,3.73
,,,,Action,1.54,0.77,1.3,0.11,3.72
,,,,Platform,0.0,1.58,1.93,0.19,3.71
,,,,Sports,0.04,2.48,0.58,0.59,3.7
,,,,Strategy,1.38,0.73,1.49,0.1,3.7
,,,,Shooter,0.27,1.51,1.3,0.61,3.69
,,,,Simulation,0.08,1.61,1.59,0.41,3.69
,,,,Misc,3.67,0.0,0.0,0.0,3.67
,,,,Sports,0.01,1.18,2.13,0.35,3.67
,,,,Racing,0.0,1.22,1.65,0.79,3.66
,,,,Platform,0.55,1.13,1.87,0.1,3.65
,,,,Shooter,0.06,0.81,2.53,0.24,3.65
,,,,Misc,0.0,0.97,2.33,0.35,3.65
,,,,Racing,0.4,1.8,0.71,0.74,3.64
,,,,Platform,0.15,1.09,2.08,0.33,3.64
,,,,Simulation,0.66,0.68,2.23,0.06,3.63
,,,,Sports,0.05,2.46,0.6,0.52,3.63
,,,,Sports,0.64,0.0,0.05,2.93,3.63
,,,,Shooter,0.05,1.42,1.78,0.38,3.63
,,,,Action,0.46,0.83,2.08,0.25,3.62
,,,,Shooter,0.15,1.61,1.28,0.57,3.61
,,,,Shooter,0.03,1.22,1.93,0.44,3.61
,,,,Shooter,0.0,1.4,2.05,0.16,3.61
,,,,Racing,0.0,1.17,2.02,0.42,3.61
,,,,Simulation,0.1,1.5,1.61,0.39,3.61
,,,,Action,0.46,0.67,2.38,0.1,3.6
,,,,Shooter,0.03,1.02,2.18,0.37,3.59
,,,,Fighting,0.06,1.35,2.01,0.16,3.58
,,,,Platform,0.0,1.79,1.57,0.2,3.56
,,,,Action,0.07,1.4,1.56,0.5,3.54
,,,,Action,0.05,1.77,1.23,0.49,3.54
,,,,Action,0.12,1.58,1.66,0.18,3.54
,,,,Shooter,0.1,1.13,1.9,0.41,3.53
,,,,Action,0.01,1.14,1.98,0.41,3.53
,,,,Shooter,0.02,1.08,2.14,0.29,3.53
,,,,Sports,0.02,2.4,0.71,0.4,3.53
,,,,Action,0.0,1.33,1.96,0.23,3.52
,,,,Platform,0.01,1.21,2.14,0.17,3.52
,,,,Shooter,0.05,0.5,2.66,0.3,3.52
,,,,Sports,0.27,1.66,1.22,0.38,3.52
,,,,Action,0.12,0.94,2.11,0.34,3.51
,,,,Platform,1.75,0.5,1.17,0.08,3.51
,,,,Action,0.03,0.39,2.84,0.24,3.5
,,,,Action,1.42,0.38,1.64,0.06,3.5
,,,,Action,0.02,0.97,2.2,0.31,3.5
,,,,Misc,0.73,1.83,0.59,0.35,3.5
,,,,Sports,0.04,2.36,0.59,0.51,3.49
,,,,Shooter,0.02,1.22,1.94,0.31,3.49
,,,,Shooter,0.04,1.02,2.09,0.32,3.48
,,,,Misc,0.01,1.01,2.11,0.35,3.48
,,,,Action,0.0,0.89,2.26,0.3,3.46
,,,,Shooter,0.1,1.75,0.88,0.72,3.45
,,,,Role-Playing,3.44,0.0,0.0,0.0,3.44
,,,,Shooter,0.03,0.73,2.39,0.29,3.44
,,,,Fighting,0.33,1.27,1.55,0.29,3.44
,,,,Shooter,0.17,1.54,1.34,0.38,3.43
,,,,Platform,0.06,1.07,1.82,0.47,3.42
,,,,Action,0.0,2.07,1.13,0.22,3.42
,,,,Role-Playing,2.55,0.0,0.86,0.02,3.42
,,,,Action,0.02,1.2,1.75,0.43,3.41
,,,,Racing,0.59,0.69,1.73,0.4,3.41
,,,,Sports,0.05,2.28,0.46,0.61,3.4
,,,,Misc,0.19,1.47,1.56,0.17,3.39
,,,,Action,0.0,1.03,2.03,0.32,3.38
,,,,Action,0.48,1.35,1.08,0.47,3.38
,,,,Action,0.74,0.94,1.43,0.27,3.38
,,,,Fighting,0.0,0.76,2.47,0.13,3.36
,,,,Action,0.73,0.67,1.9,0.06,3.36
,,,,Puzzle,0.82,1.61,0.65,0.28,3.36
,,,,Adventure,0.0,1.53,1.63,0.18,3.34
,,,,Action,0.01,1.14,1.9,0.29,3.34
,,,,Misc,2.32,0.99,0.0,0.02,3.33
,,,,Shooter,0.12,1.29,1.45,0.46,3.33
,,,,Platform,0.57,1.01,1.44,0.3,3.33
,,,,Misc,0.76,1.17,1.15,0.24,3.32
,,,,Action,0.03,1.39,1.47,0.43,3.32
,,,,Shooter,0.05,1.05,1.99,0.22,3.31
,,,,Action,0.05,1.28,1.5,0.46,3.28
,,,,Action,0.06,1.92,0.8,0.5,3.28
,,,,Shooter,0.0,0.92,2.13,0.23,3.28
,,,,Action,0.02,1.05,1.89,0.31,3.27
,,,,Misc,0.46,1.13,1.36,0.32,3.27
,,,,Racing,0.31,1.59,0.5,0.87,3.27
,,,,Action,2.78,0.19,0.25,0.04,3.26
,,,,Fighting,0.77,1.3,0.95,0.22,3.24
,,,,Sports,0.0,2.11,0.88,0.23,3.23
,,,,Adventure,0.12,1.33,1.27,0.51,3.23
,,,,Sports,0.0,0.3,2.33,0.59,3.22
,,,,Role-Playing,3.18,0.0,0.03,0.0,3.22
,,,,Shooter,0.0,1.33,1.72,0.16,3.21
,,,,Sports,2.35,0.1,0.73,0.02,3.2
,,,,Fighting,0.12,0.72,2.26,0.1,3.2
,,,,Fighting,0.07,1.21,1.76,0.16,3.2
,,,,Role-Playing,0.8,0.6,1.35,0.44,3.19
,,,,Action,0.04,1.01,1.48,0.66,3.19
,,,,Role-Playing,3.19,0.0,0.0,0.0,3.19
,,,,Misc,0.01,0.77,2.15,0.26,3.19
,,,,Action,0.09,1.12,1.78,0.19,3.18
,,,,Platform,0.93,0.87,1.18,0.2,3.18
,,,,Role-Playing,0.1,1.08,1.52,0.47,3.17
,,,,Action,0.0,1.02,1.86,0.29,3.17
,,,,Misc,1.93,0.51,0.58,0.14,3.17
,,,,Simulation,0.38,0.56,2.06,0.17,3.17
,,,,Adventure,0.0,0.98,1.88,0.3,3.16
,,,,Simulation,0.99,0.16,1.92,0.09,3.15
,,,,Action,0.0,1.06,1.79,0.29,3.15
,,,,Platform,0.06,1.57,1.22,0.29,3.15
,,,,Shooter,0.88,0.97,0.88,0.42,3.15
,,,,Shooter,0.03,0.99,1.89,0.24,3.15
,,,,Sports,0.0,0.0,0.68,2.46,3.14
,,,,Action,0.02,1.25,1.7,0.16,3.13
,,,,Racing,0.0,0.86,2.14,0.13,3.12
,,,,Racing,0.14,0.62,2.31,0.04,3.12
,,,,Misc,1.03,1.0,0.91,0.17,3.12
,,,,Role-Playing,0.14,0.87,1.69,0.42,3.12
,,,,Role-Playing,3.03,0.0,0.08,0.01,3.12
,,,,Adventure,0.06,1.27,1.29,0.5,3.12
,,,,Role-Playing,0.03,0.82,1.99,0.27,3.11
,,,,Sports,0.0,2.02,0.78,0.3,3.11
,,,,Fighting,0.55,0.28,2.17,0.08,3.09
,,,,Sports,0.01,0.16,2.5,0.42,3.08
,,,,Sports,0.64,0.45,1.92,0.07,3.08
,,,,Shooter,0.04,0.91,1.89,0.24,3.07
,,,,Action,0.46,0.99,1.4,0.22,3.07
,,,,Platform,0.55,0.62,1.57,0.34,3.07
,,,,Simulation,0.0,1.21,1.72,0.14,3.07
,,,,Role-Playing,0.03,0.86,1.94,0.24,3.07
,,,,Action,0.0,0.84,1.91,0.29,3.05
,,,,Shooter,0.02,1.35,1.38,0.28,3.04
,,,,Platform,0.12,0.64,2.06,0.22,3.04
,,,,Action,0.02,0.8,1.94,0.27,3.03
,,,,Platform,0.0,1.33,1.54,0.16,3.03
,,,,Shooter,0.08,1.07,1.4,0.47,3.02
,,,,Action,0.0,1.04,1.85,0.13,3.02
,,,,Fighting,0.45,0.47,2.03,0.07,3.02
,,,,Sports,0.07,1.13,1.45,0.38,3.02
,,,,Shooter,0.0,0.32,2.38,0.31,3.0
,,,,Sports,0.01,0.21,2.6,0.19,3.0
,,,,Fighting,0.76,0.0,1.15,1.09,3.0
,,,,Fighting,0.0,1.02,1.57,0.41,3.0
,,,,Action,0.05,1.41,1.01,0.53,2.99
,,,,Shooter,0.8,0.51,1.61,0.07,2.99
,,,,Misc,0.0,1.18,1.67,0.13,2.99
,,,,Sports,1.16,1.26,0.12,0.45,2.99
,,,,Action,0.64,0.86,1.36,0.13,2.99
,,,,Simulation,1.39,1.0,0.47,0.12,2.98
,,,,Shooter,0.08,1.12,1.33,0.45,2.97
,,,,Simulation,0.0,1.72,0.96,0.29,2.97
,,,,Role-Playing,0.0,1.01,1.58,0.38,2.97
,,,,Platform,0.06,1.37,1.04,0.49,2.96
,,,,Platform,1.19,0.04,1.57,0.15,2.96
,,,,Action,0.04,1.15,1.36,0.41,2.96
,,,,Fighting,0.15,0.71,1.82,0.26,2.95
,,,,Racing,0.34,0.58,1.98,0.04,2.94
,,,,Shooter,0.06,0.51,2.22,0.15,2.94
,,,,Fighting,0.04,1.11,1.45,0.33,2.94
,,,,Action,0.12,0.69,1.76,0.37,2.94
,,,,Puzzle,0.05,0.77,2.07,0.05,2.94
,,,,Role-Playing,0.03,0.8,1.83,0.27,2.93
,,,,Puzzle,0.73,1.06,0.87,0.26,2.92
,,,,Simulation,0.05,1.13,1.43,0.3,2.91
,,,,Platform,0.62,0.45,1.75,0.09,2.91
,,,,Sports,0.11,1.85,0.61,0.33,2.9
,,,,Shooter,0.04,0.8,1.84,0.22,2.9
,,,,Misc,0.0,1.14,1.54,0.22,2.9
,,,,Sports,0.0,0.86,1.75,0.28,2.9
,,,,Sports,1.13,1.24,0.08,0.45,2.9
,,,,Racing,0.06,1.51,0.71,0.61,2.89
,,,,Sports,1.38,0.32,0.99,0.2,2.89
,,,,Shooter,0.01,1.12,1.51,0.24,2.89
,,,,Sports,0.0,1.07,1.54,0.28,2.88
,,,,Shooter,0.02,0.72,2.03,0.11,2.88
,,,,Simulation,0.0,1.27,1.3,0.31,2.88
,,,,Racing,0.12,2.43,0.09,0.22,2.87
,,,,Shooter,0.0,0.77,1.87,0.22,2.86
,,,,Sports,0.0,0.16,2.53,0.17,2.86
,,,,Role-Playing,0.03,0.63,2.09,0.11,2.86
,,,,Fighting,0.0,0.55,1.98,0.32,2.85
,,,,Racing,0.89,0.51,1.37,0.07,2.85
,,,,Platform,0.98,0.53,1.29,0.05,2.85
,,,,Strategy,0.0,1.34,1.37,0.14,2.85
,,,,Action,0.0,1.14,1.4,0.31,2.85
,,,,Sports,0.05,1.98,0.4,0.42,2.85
,,,,Action,0.11,0.57,1.87,0.3,2.84
,,,,Shooter,0.05,0.86,1.65,0.28,2.83
,,,,Sports,0.0,0.09,2.52,0.22,2.83
,,,,Shooter,0.07,1.05,1.28,0.43,2.83
,,,,Fighting,0.04,1.08,1.32,0.39,2.83
,,,,Shooter,0.1,0.67,1.96,0.09,2.82
,,,,Action,0.04,1.05,1.59,0.14,2.82
,,,,Adventure,0.0,2.79,0.02,0.0,2.81
,,,,Racing,0.03,1.25,1.05,0.48,2.81
,,,,Simulation,0.0,1.19,1.32,0.3,2.81
,,,,Fighting,0.04,1.06,1.32,0.38,2.8
,,,,Action,0.0,0.8,1.74,0.26,2.8
,,,,Platform,1.1,0.07,1.47,0.15,2.8
,,,,Sports,2.13,0.2,0.29,0.18,2.79
,,,,Shooter,0.09,0.88,1.45,0.38,2.79
,,,,Platform,0.0,0.72,1.96,0.11,2.79
,,,,Fighting,0.04,1.15,1.19,0.41,2.79
,,,,Role-Playing,2.78,0.0,0.0,0.01,2.79
,,,,Fighting,0.0,0.7,1.98,0.11,2.79
,,,,Shooter,0.0,1.43,0.89,0.48,2.79
,,,,Sports,0.0,0.22,2.19,0.38,2.79
,,,,Puzzle,0.68,1.47,0.3,0.34,2.79
,,,,Role-Playing,1.96,0.29,0.46,0.07,2.79
,,,,Platform,0.0,0.74,1.68,0.36,2.78
,,,,Action,0.07,0.97,1.27,0.47,2.78
,,,,Platform,0.26,0.83,1.44,0.25,2.78
,,,,Fighting,0.17,0.98,1.2,0.43,2.78
,,,,Simulation,0.0,1.12,1.41,0.24,2.77
,,,,Platform,0.04,1.2,1.24,0.3,2.77
,,,,Action,0.07,1.15,1.25,0.3,2.77
,,,,Shooter,0.0,0.17,2.56,0.03,2.76
,,,,Misc,0.71,0.54,1.43,0.07,2.75
,,,,Action,0.06,1.31,1.07,0.31,2.74
,,,,Strategy,1.13,0.36,1.02,0.23,2.73
,,,,Action,1.04,0.31,1.33,0.05,2.73
,,,,Adventure,0.02,0.94,1.52,0.24,2.72
,,,,Shooter,0.02,0.93,1.49,0.27,2.71
,,,,Action,0.33,0.52,1.75,0.1,2.7
,,,,Action,1.09,0.48,0.99,0.14,2.7
,,,,Fighting,0.0,0.76,1.47,0.47,2.7
,,,,Misc,0.87,0.53,1.25,0.05,2.7
,,,,Sports,0.0,0.11,2.42,0.16,2.69
,,,,Action,0.01,0.64,1.85,0.19,2.69
,,,,Sports,0.0,0.12,2.38,0.18,2.69
,,,,Puzzle,0.35,0.52,1.63,0.18,2.69
,,,,Sports,0.0,0.98,1.46,0.24,2.68
,,,,Racing,0.0,1.11,1.23,0.34,2.68
,,,,Role-Playing,2.68,0.0,0.0,0.0,2.68
,,,,Racing,0.04,1.41,0.69,0.53,2.68
,,,,Role-Playing,0.89,0.75,0.78,0.26,2.68
,,,,Fighting,0.0,0.63,1.95,0.09,2.67
,,,,Shooter,0.01,0.92,1.48,0.26,2.67
,,,,Misc,0.0,0.64,1.78,0.25,2.67
,,,,Shooter,0.0,1.09,1.44,0.14,2.67
,,,,Role-Playing,0.0,0.58,1.99,0.09,2.66
,,,,Action,0.0,0.8,1.59,0.26,2.65
,,,,Action,0.0,1.11,1.15,0.4,2.65
,,,,Action,0.0,0.88,1.56,0.22,2.65
,,,,Shooter,0.01,1.11,0.86,0.66,2.65
,,,,Platform,2.65,0.0,0.0,0.0,2.65
,,,,Action,0.12,0.5,2.0,0.03,2.65
,,,,Action,0.0,0.87,1.53,0.24,2.64
,,,,Racing,0.02,0.47,2.0,0.14,2.63
,,,,Fighting,0.12,1.1,0.76,0.65,2.63
,,,,Strategy,0.04,0.82,1.53,0.24,2.63
,,,,Action,0.06,0.46,1.7,0.41,2.63
,,,,Sports,0.0,0.12,2.15,0.36,2.62
,,,,Sports,0.24,1.06,1.07,0.25,2.62
,,,,Shooter,0.04,0.81,1.55,0.21,2.62
,,,,Sports,0.01,1.79,0.59,0.23,2.62
,,,,Sports,0.01,0.14,2.31,0.16,2.62
,,,,Simulation,0.96,0.84,0.63,0.19,2.61
,,,,Action,0.04,1.22,0.9,0.44,2.61
,,,,Platform,0.92,0.52,1.02,0.14,2.6
,,,,Action,0.11,0.55,1.86,0.08,2.6
,,,,Sports,0.04,1.63,0.48,0.43,2.59
,,,,Platform,0.08,1.12,0.93,0.45,2.59
,,,,Sports,0.0,0.21,2.03,0.35,2.59
,,,,Platform,0.01,1.24,0.64,0.69,2.58
,,,,Shooter,0.07,1.33,0.89,0.28,2.58
,,,,Action,0.03,1.24,1.04,0.27,2.58
,,,,Role-Playing,1.75,0.27,0.37,0.18,2.58
,,,,Fighting,0.03,0.88,1.4,0.26,2.58
,,,,Platform,0.31,0.74,1.31,0.22,2.57
,,,,Misc,0.33,1.68,0.28,0.28,2.57
,,,,Role-Playing,0.03,0.56,1.76,0.22,2.57
,,,,Sports,0.0,0.08,2.14,0.35,2.57
,,,,Platform,0.21,0.59,1.7,0.07,2.56
,,,,Role-Playing,2.41,0.0,0.15,0.0,2.56
,,,,Sports,0.0,0.23,2.11,0.22,2.56
,,,,Role-Playing,0.7,0.57,1.21,0.07,2.54
,,,,Sports,0.29,0.87,1.13,0.25,2.54
,,,,Sports,0.0,0.12,2.21,0.2,2.54
,,,,Shooter,0.0,0.14,2.36,0.03,2.53
,,,,Racing,0.06,1.12,1.13,0.22,2.52
,,,,Action,0.16,0.75,1.55,0.06,2.52
,,,,Misc,0.0,0.78,1.5,0.24,2.52
,,,,Role-Playing,0.52,0.0,0.49,1.51,2.52
,,,,Action,0.08,1.31,0.6,0.52,2.51
,,,,Role-Playing,0.0,0.02,2.29,0.19,2.5
,,,,Sports,0.26,0.07,0.13,2.05,2.5
,,,,Misc,1.08,0.14,1.28,0.01,2.5
,,,,Action,0.18,1.06,0.86,0.39,2.49
,,,,Action,0.0,0.56,1.84,0.09,2.49
,,,,Action,0.0,0.97,1.29,0.23,2.49
,,,,Fighting,0.0,0.52,1.81,0.15,2.49
,,,,Shooter,0.1,0.85,1.15,0.39,2.48
,,,,Racing,0.0,0.85,1.38,0.25,2.48
,,,,Action,0.06,1.14,1.15,0.13,2.48
,,,,Sports,0.05,0.44,1.72,0.27,2.48
,,,,Misc,0.0,0.34,1.93,0.21,2.48
,,,,Sports,0.0,0.2,2.1,0.17,2.47
,,,,Misc,0.92,0.36,1.13,0.07,2.47
,,,,Misc,0.0,0.58,1.67,0.2,2.46
,,,,Racing,0.05,0.54,1.55,0.31,2.45
,,,,Role-Playing,2.43,0.0,0.0,0.02,2.45
,,,,Role-Playing,1.34,0.12,0.93,0.06,2.45
,,,,Racing,0.0,0.25,2.12,0.07,2.44
,,,,Shooter,0.04,0.73,1.44,0.22,2.44
,,,,Racing,0.0,0.98,0.87,0.59,2.44
,,,,Simulation,0.0,1.19,1.07,0.18,2.43
,,,,Adventure,0.0,0.82,1.52,0.1,2.43
,,,,Shooter,0.02,0.61,1.56,0.23,2.42
,,,,Platform,0.46,0.61,1.26,0.08,2.42
,,,,Sports,0.78,0.32,1.27,0.05,2.42
,,,,Sports,0.54,1.18,0.29,0.41,2.42
,,,,Fighting,0.51,0.22,1.63,0.06,2.41
,,,,Racing,0.0,0.26,2.07,0.08,2.41
,,,,Action,0.7,0.76,0.81,0.14,2.41
,,,,Misc,0.0,0.76,1.43,0.22,2.41
,,,,Racing,0.04,0.0,0.69,1.68,2.41
,,,,Sports,0.0,0.08,2.07,0.26,2.4
,,,,Puzzle,0.0,0.24,2.1,0.07,2.4
,,,,Fighting,1.42,0.18,0.77,0.03,2.4
,,,,Strategy,0.0,0.1,2.3,0.0,2.4
,,,,Adventure,0.0,0.18,2.15,0.07,2.39
,,,,Racing,0.05,1.49,0.49,0.36,2.39
,,,,Sports,0.0,0.48,1.74,0.18,2.39
,,,,Action,0.0,0.63,1.54,0.22,2.39
,,,,Misc,0.0,0.81,1.49,0.1,2.39
,,,,Action,0.04,0.87,1.07,0.4,2.39
,,,,Action,0.0,0.71,1.48,0.2,2.39
,,,,Misc,0.03,0.61,1.67,0.07,2.38
,,,,Action,0.0,0.97,1.02,0.39,2.38
,,,,Misc,0.02,0.46,1.73,0.18,2.38
,,,,Fighting,0.03,0.39,1.94,0.02,2.38
,,,,Action,0.26,0.76,1.0,0.36,2.38
,,,,Sports,0.01,0.54,1.46,0.37,2.38
,,,,Sports,0.0,0.15,2.04,0.19,2.38
,,,,Misc,0.0,0.91,1.16,0.3,2.38
,,,,Sports,0.0,0.01,2.18,0.18,2.37
,,,,Shooter,0.08,0.02,2.28,0.0,2.37
,,,,Action,0.04,1.08,0.96,0.3,2.37
,,,,Sports,0.01,0.86,1.25,0.26,2.37
,,,,Sports,0.0,0.13,2.03,0.21,2.37
,,,,Sports,0.02,0.74,1.38,0.22,2.36
,,,,Platform,1.48,0.14,0.69,0.05,2.36
,,,,Action,0.0,1.05,1.07,0.23,2.35
,,,,Platform,0.4,0.48,1.39,0.08,2.35
,,,,Role-Playing,2.34,0.0,0.0,0.01,2.35
,,,,Racing,0.01,0.46,1.68,0.2,2.35
,,,,Platform,0.0,0.83,1.32,0.2,2.34
,,,,Fighting,0.01,0.0,0.92,1.41,2.34
,,,,Sports,0.0,0.9,1.2,0.24,2.34
,,,,Action,0.34,0.7,1.08,0.21,2.34
,,,,Simulation,0.0,0.86,1.27,0.2,2.33
,,,,Action,0.47,0.54,1.14,0.17,2.32
,,,,Sports,0.0,0.14,1.93,0.24,2.32
,,,,Misc,0.0,0.56,1.57,0.19,2.32
,,,,Sports,1.06,0.4,0.78,0.07,2.32
,,,,Action,0.04,1.35,0.79,0.14,2.32
,,,,Shooter,0.09,1.06,0.85,0.32,2.31
,,,,Puzzle,1.21,0.45,0.52,0.13,2.31
,,,,Racing,0.0,0.64,1.58,0.09,2.31
,,,,Role-Playing,2.02,0.0,0.28,0.01,2.31
,,,,Sports,0.1,0.46,1.65,0.1,2.31
,,,,Action,0.0,0.85,1.24,0.21,2.3
,,,,Action,0.0,1.06,0.95,0.29,2.3
,,,,Role-Playing,0.62,0.54,0.95,0.18,2.3
,,,,Action,0.15,0.75,1.08,0.31,2.29
,,,,Action,0.0,1.25,0.91,0.13,2.29
,,,,Action,0.04,0.68,1.23,0.34,2.29
,,,,Racing,0.0,0.8,1.38,0.1,2.28
,,,,Sports,0.46,1.27,0.3,0.26,2.28
,,,,Misc,0.0,0.98,1.11,0.2,2.28
,,,,Action,2.28,0.0,0.0,0.0,2.28
,,,,Platform,1.63,0.12,0.51,0.02,2.28
,,,,Sports,0.01,0.07,0.38,1.82,2.28
,,,,Action,0.0,0.9,1.01,0.37,2.28
,,,,Shooter,0.1,0.77,1.05,0.36,2.28
,,,,Racing,0.02,2.0,0.07,0.18,2.28
,,,,Role-Playing,0.64,0.39,1.12,0.12,2.27
,,,,Misc,0.0,0.62,1.34,0.31,2.27
,,,,Misc,0.04,0.92,1.07,0.24,2.27
,,,,Platform,0.91,0.1,1.22,0.04,2.27
,,,,Platform,0.54,0.73,0.9,0.09,2.26
,,,,Misc,0.02,0.54,1.4,0.3,2.26
,,,,Shooter,0.0,0.84,1.19,0.23,2.26
,,,,Action,0.14,0.57,1.34,0.21,2.26
,,,,Misc,0.87,0.79,0.28,0.32,2.25
,,,,Adventure,1.06,0.44,0.62,0.13,2.25
,,,,Sports,0.2,0.46,1.52,0.08,2.25
,,,,Role-Playing,0.46,0.25,1.48,0.06,2.25
,,,,Sports,0.0,0.15,1.93,0.17,2.25
,,,,Role-Playing,1.05,0.41,0.67,0.11,2.25
,,,,Fighting,0.91,0.51,0.51,0.32,2.25
,,,,Platform,0.22,0.71,1.19,0.13,2.24
,,,,Platform,0.0,0.83,1.29,0.11,2.23
,,,,Action,0.21,0.25,1.74,0.03,2.23
,,,,Action,0.0,0.61,1.42,0.21,2.23
,,,,Simulation,0.0,0.85,1.09,0.28,2.23
,,,,Platform,0.18,0.62,1.27,0.16,2.22
,,,,Action,0.0,1.03,0.88,0.31,2.22
,,,,Puzzle,0.02,0.32,1.71,0.18,2.22
,,,,Adventure,0.45,0.63,1.0,0.13,2.22
,,,,Racing,0.0,0.98,1.03,0.21,2.22
,,,,Shooter,0.02,0.55,1.45,0.19,2.21
,,,,Action,0.0,0.55,1.47,0.19,2.21
,,,,Action,0.05,0.82,1.06,0.28,2.21
,,,,Misc,0.0,0.24,1.78,0.18,2.2
,,,,Action,0.0,0.12,2.06,0.02,2.2
,,,,Misc,0.0,0.02,2.01,0.17,2.2
,,,,Platform,0.34,0.51,1.11,0.23,2.2
,,,,Sports,2.05,0.0,0.15,0.0,2.2
,,,,Platform,0.02,0.68,1.28,0.21,2.2
,,,,Puzzle,0.0,0.91,1.06,0.23,2.2
,,,,Action,0.55,0.97,0.34,0.33,2.19
,,,,Action,0.02,0.78,1.17,0.22,2.19
,,,,Role-Playing,0.0,0.44,1.68,0.08,2.19
,,,,Misc,1.1,0.17,0.87,0.05,2.19
,,,,Platform,0.3,0.72,1.04,0.13,2.19
,,,,Action,0.07,1.07,0.59,0.45,2.19
,,,,Role-Playing,2.17,0.0,0.0,0.01,2.18
,,,,Racing,0.0,0.2,1.92,0.06,2.18
,,,,Racing,0.01,0.78,1.21,0.17,2.18
,,,,Sports,0.0,0.07,1.97,0.13,2.18
,,,,Role-Playing,0.73,0.04,1.29,0.12,2.18
,,,,Role-Playing,0.47,0.17,1.48,0.06,2.17
,,,,Role-Playing,0.01,0.68,1.27,0.2,2.17
,,,,Simulation,0.08,0.46,1.6,0.03,2.17
,,,,Sports,1.56,0.11,0.48,0.02,2.17
,,,,Simulation,0.0,0.83,1.23,0.1,2.16
,,,,Sports,0.0,0.47,1.51,0.18,2.16
,,,,Shooter,0.02,0.55,1.5,0.08,2.15
,,,,Shooter,0.13,1.16,0.54,0.32,2.15
,,,,Sports,1.98,0.03,0.14,0.0,2.15
,,,,Sports,0.0,1.41,0.6,0.14,2.15
,,,,Shooter,0.0,1.03,0.52,0.59,2.14
,,,,Role-Playing,1.45,0.0,0.66,0.03,2.14
,,,,Misc,2.13,0.0,0.01,0.0,2.14
,,,,Racing,0.19,0.38,1.47,0.1,2.14
,,,,Simulation,0.0,0.84,1.2,0.1,2.14
,,,,Shooter,0.0,0.12,1.99,0.02,2.13
,,,,Simulation,0.0,0.81,1.04,0.27,2.13
,,,,Puzzle,1.35,0.07,0.64,0.08,2.13
,,,,Role-Playing,0.89,0.37,0.82,0.05,2.13
,,,,Action,0.06,1.16,0.59,0.33,2.13
,,,,Action,0.02,0.97,0.93,0.21,2.12
,,,,Role-Playing,1.07,0.05,0.91,0.09,2.12
,,,,Platform,0.45,0.09,1.47,0.11,2.12
,,,,Racing,0.05,0.61,1.37,0.09,2.12
,,,,Sports,0.92,0.33,0.83,0.04,2.12
,,,,Sports,0.05,0.27,1.61,0.18,2.11
,,,,Shooter,0.0,0.62,1.2,0.29,2.11
,,,,Sports,0.0,0.4,1.68,0.03,2.11
,,,,Sports,0.4,1.34,0.11,0.26,2.11
,,,,Racing,0.02,0.31,1.68,0.09,2.11
,,,,Sports,0.63,0.45,0.9,0.13,2.11
,,,,Misc,0.0,0.56,1.35,0.2,2.11
,,,,Action,1.13,0.21,0.63,0.13,2.11
,,,,Fighting,0.0,0.33,1.63,0.15,2.11
,,,,Role-Playing,1.05,0.07,0.94,0.04,2.1
,,,,Platform,0.0,0.72,1.17,0.22,2.1
,,,,Action,0.04,0.44,1.54,0.07,2.1
,,,,Racing,0.02,0.13,1.77,0.18,2.1
,,,,Shooter,0.01,0.51,1.41,0.17,2.1
,,,,Action,0.29,0.63,0.99,0.19,2.09
,,,,Sports,1.96,0.0,0.0,0.14,2.09
,,,,Action,0.08,0.65,1.16,0.2,2.09
,,,,Action,0.05,0.6,1.26,0.18,2.09
,,,,Action,0.01,0.12,1.84,0.13,2.09
,,,,Misc,0.0,0.0,1.97,0.12,2.09
,,,,Simulation,0.0,0.94,0.92,0.22,2.09
,,,,Shooter,0.14,0.93,0.7,0.32,2.09
,,,,Action,0.96,0.42,0.46,0.25,2.09
,,,,Role-Playing,0.0,0.32,1.77,0.0,2.08
,,,,Puzzle,0.0,0.71,1.11,0.27,2.08
,,,,Racing,0.05,1.02,0.63,0.39,2.08
,,,,Simulation,0.0,0.52,1.36,0.2,2.08
,,,,Misc,0.73,0.33,0.97,0.06,2.08
,,,,Action,0.13,0.99,0.59,0.36,2.08
,,,,Strategy,0.0,0.04,2.04,0.0,2.08
,,,,Strategy,0.0,1.08,0.89,0.11,2.08
,,,,Sports,0.0,0.94,0.79,0.35,2.08
,,,,Shooter,0.0,0.46,1.54,0.08,2.07
,,,,Role-Playing,0.75,0.42,0.63,0.26,2.07
,,,,Fighting,0.0,0.39,1.48,0.19,2.07
,,,,Role-Playing,0.54,0.54,0.75,0.23,2.07
,,,,Strategy,0.0,0.36,1.64,0.07,2.07
,,,,Racing,0.01,0.8,1.04,0.22,2.06
,,,,Simulation,0.02,0.97,0.73,0.34,2.06
,,,,Action,0.04,0.63,1.2,0.19,2.06
,,,,Role-Playing,0.74,0.52,0.71,0.08,2.06
,,,,Action,0.04,0.77,1.15,0.1,2.06
,,,,Racing,0.79,0.46,0.68,0.13,2.06
,,,,Fighting,0.13,0.62,1.06,0.25,2.06
,,,,Role-Playing,0.46,0.57,0.89,0.13,2.06
,,,,Racing,0.04,0.92,0.73,0.37,2.05
,,,,Misc,0.0,0.64,1.23,0.19,2.05
,,,,Sports,0.04,0.33,1.43,0.25,2.05
,,,,Role-Playing,0.83,0.06,1.16,0.0,2.05
,,,,Misc,0.05,0.48,1.47,0.06,2.05
,,,,Role-Playing,0.15,0.83,0.71,0.35,2.05
,,,,Sports,0.0,0.25,1.75,0.05,2.05
,,,,Racing,0.02,1.29,0.48,0.25,2.05
,,,,Role-Playing,0.53,0.27,1.11,0.14,2.04
,,,,Misc,0.01,0.42,1.45,0.16,2.04
,,,,Misc,0.0,1.09,0.73,0.23,2.04
,,,,Shooter,0.0,0.02,1.74,0.28,2.04
,,,,Action,0.0,1.02,0.71,0.31,2.04
,,,,Platform,0.29,0.48,1.2,0.07,2.04
,,,,Action,0.03,1.06,0.58,0.37,2.04
,,,,Sports,0.0,0.25,1.53,0.25,2.03
,,,,Sports,0.13,0.61,1.25,0.05,2.03
,,,,Misc,0.0,0.4,1.47,0.16,2.03
,,,,Sports,0.0,0.18,1.57,0.27,2.03
,,,,Action,0.0,0.67,1.05,0.3,2.02
,,,,Shooter,0.01,0.05,1.81,0.15,2.02
,,,,Sports,0.0,0.09,1.76,0.17,2.02
,,,,Racing,0.04,0.98,0.82,0.18,2.02
,,,,Puzzle,0.0,1.27,0.49,0.25,2.01
,,,,Shooter,0.0,0.62,1.2,0.18,2.01
,,,,Action,0.01,0.85,0.77,0.37,2.0
,,,,Role-Playing,0.53,0.45,0.89,0.13,2.0
,,,,Racing,0.02,1.31,0.35,0.33,2.0
,,,,Fighting,1.29,0.16,0.52,0.03,2.0
,,,,Fighting,0.0,0.3,1.48,0.22,2.0
,,,,Action,0.27,0.64,0.95,0.13,1.99
,,,,Sports,0.9,0.3,0.75,0.04,1.99
,,,,Action,0.05,0.64,1.21,0.09,1.99
,,,,Action,0.02,1.09,0.75,0.12,1.98
,,,,Simulation,0.75,0.27,0.93,0.04,1.98
,,,,Shooter,0.0,0.58,1.25,0.16,1.98
,,,,Shooter,0.07,0.63,1.11,0.16,1.98
,,,,Role-Playing,0.08,0.86,0.72,0.32,1.97
,,,,Platform,0.0,0.8,0.99,0.18,1.97
,,,,Platform,0.0,0.95,0.74,0.28,1.97
,,,,Shooter,0.0,0.59,1.2,0.19,1.97
,,,,Action,0.51,0.58,0.71,0.17,1.97
,,,,Racing,0.02,0.64,1.01,0.3,1.97
,,,,Action,0.0,0.11,1.84,0.02,1.97
,,,,Shooter,0.02,0.57,1.22,0.15,1.96
,,,,Sports,0.63,0.5,0.5,0.33,1.96
,,,,Racing,0.41,0.37,1.13,0.05,1.96
,,,,Sports,1.53,0.23,0.18,0.02,1.96
,,,,Platform,1.05,0.03,0.79,0.08,1.96
,,,,Shooter,0.02,0.65,1.09,0.2,1.96
,,,,Shooter,0.0,0.49,1.3,0.16,1.95
,,,,Racing,0.0,1.01,0.74,0.2,1.95
,,,,Action,0.0,0.61,1.26,0.09,1.95
,,,,Shooter,0.0,0.77,1.09,0.09,1.95
,,,,Sports,0.0,0.2,1.69,0.06,1.95
,,,,Fighting,0.0,0.74,0.95,0.25,1.94
,,,,Sports,0.01,1.26,0.49,0.18,1.94
,,,,Misc,0.0,0.0,1.94,0.0,1.94
,,,,Adventure,0.0,1.23,0.59,0.13,1.94
,,,,Puzzle,0.55,0.38,0.96,0.05,1.94
,,,,Fighting,0.65,0.15,1.09,0.04,1.94
,,,,Racing,0.03,0.42,1.41,0.07,1.94
,,,,Shooter,0.0,0.4,1.42,0.12,1.94
,,,,Role-Playing,0.0,0.72,1.0,0.21,1.93
,,,,Action,0.0,0.61,1.15,0.17,1.93
,,,,Misc,0.0,0.56,1.1,0.27,1.93
,,,,Fighting,0.0,0.39,1.48,0.06,1.93
,,,,Fighting,1.3,0.26,0.34,0.03,1.93
,,,,Puzzle,0.2,0.6,1.06,0.07,1.93
,,,,Fighting,0.0,0.24,1.53,0.16,1.93
,,,,Action,0.1,0.89,0.56,0.37,1.93
,,,,Sports,0.29,0.0,1.51,0.12,1.93
,,,,Action,0.01,0.87,0.86,0.17,1.92
,,,,Action,0.41,0.53,0.92,0.06,1.92
,,,,Racing,0.01,0.97,0.73,0.22,1.92
,,,,Misc,0.0,0.85,0.87,0.2,1.92
,,,,Shooter,0.0,0.96,0.76,0.2,1.92
,,,,Simulation,0.0,0.8,1.03,0.09,1.92
,,,,Racing,0.0,0.73,0.94,0.25,1.92
,,,,Misc,1.46,0.16,0.26,0.03,1.92
,,,,Misc,0.0,0.67,1.06,0.18,1.92
,,,,Misc,1.01,0.16,0.72,0.02,1.91
,,,,Action,0.0,0.57,1.14,0.19,1.91
,,,,Misc,0.0,0.44,1.3,0.17,1.91
,,,,Shooter,0.04,0.78,0.77,0.31,1.91
,,,,Action,0.0,0.66,1.08,0.17,1.91
,,,,Simulation,0.03,0.75,1.03,0.09,1.9
,,,,Shooter,0.06,0.92,0.59,0.32,1.9
,,,,Racing,0.03,0.91,0.73,0.22,1.89
,,,,Sports,0.0,0.15,1.56,0.18,1.89
,,,,Role-Playing,1.33,0.3,0.21,0.04,1.89
,,,,Platform,0.03,0.54,1.05,0.26,1.88
,,,,Role-Playing,0.0,0.44,1.37,0.08,1.88
,,,,Fighting,0.0,0.72,0.92,0.24,1.88
,,,,Sports,1.48,0.12,0.25,0.03,1.88
,,,,Shooter,0.09,0.69,0.89,0.21,1.88
,,,,Fighting,0.03,0.36,1.42,0.07,1.88
,,,,Misc,0.0,0.08,0.47,1.33,1.87
,,,,Adventure,0.3,0.53,0.96,0.09,1.87
,,,,Sports,0.04,1.47,0.22,0.14,1.87
,,,,Action,1.07,0.16,0.53,0.1,1.87
,,,,Platform,0.4,0.62,0.73,0.12,1.87
,,,,Adventure,0.41,0.52,0.87,0.06,1.86
,,,,Sports,0.0,0.03,1.75,0.08,1.86
,,,,Platform,0.03,0.69,1.12,0.02,1.86
,,,,Role-Playing,0.39,0.44,0.94,0.1,1.86
,,,,Platform,0.04,0.41,1.37,0.04,1.86
,,,,Misc,0.0,1.37,0.0,0.49,1.86
,,,,Platform,0.01,0.92,0.64,0.29,1.86
,,,,Sports,0.0,0.71,0.91,0.24,1.86
,,,,Action,0.0,0.37,1.34,0.15,1.86
,,,,Role-Playing,0.69,0.42,0.62,0.12,1.86
,,,,Action,0.13,0.71,0.85,0.16,1.86
,,,,Misc,0.55,0.59,0.61,0.11,1.85
,,,,Platform,0.0,0.49,1.33,0.03,1.85
,,,,Misc,0.0,0.82,0.83,0.2,1.85
,,,,Role-Playing,0.35,0.18,1.26,0.06,1.85
,,,,Action,0.83,0.19,0.8,0.03,1.85
,,,,Action,0.08,0.49,1.05,0.23,1.85
,,,,Racing,0.42,1.1,0.0,0.33,1.84
,,,,Role-Playing,0.35,0.34,0.97,0.18,1.84
,,,,Sports,0.0,0.05,1.53,0.25,1.84
,,,,Simulation,0.93,0.06,0.83,0.0,1.83
,,,,Misc,0.0,0.49,1.31,0.03,1.83
,,,,Role-Playing,0.0,0.76,0.84,0.23,1.83
,,,,Racing,0.03,0.4,1.33,0.07,1.83
,,,,Action,0.07,1.02,0.46,0.28,1.83
,,,,Role-Playing,1.49,0.07,0.25,0.02,1.83
,,,,Shooter,0.02,0.54,1.09,0.17,1.83
,,,,Simulation,0.52,0.33,0.92,0.05,1.83
,,,,Platform,0.79,0.34,0.61,0.09,1.82
,,,,Platform,0.03,0.43,1.24,0.12,1.82
,,,,Misc,0.0,0.07,1.73,0.02,1.82
,,,,Simulation,0.0,0.0,1.81,0.0,1.82
,,,,Shooter,0.07,0.74,0.91,0.09,1.82
,,,,Role-Playing,1.35,0.21,0.22,0.03,1.81
,,,,Action,0.11,0.84,0.55,0.31,1.81
,,,,Simulation,0.0,0.59,1.05,0.18,1.81
,,,,Racing,0.12,0.51,1.1,0.08,1.81
,,,,Fighting,0.56,0.44,0.78,0.04,1.81
,,,,Platform,0.0,0.69,0.88,0.23,1.81
,,,,Misc,0.0,0.03,1.0,0.77,1.8
,,,,Platform,0.21,0.59,0.93,0.07,1.8
,,,,Sports,0.01,0.0,1.66,0.13,1.8
,,,,Action,0.03,0.21,1.41,0.16,1.8
,,,,Sports,0.0,0.68,1.0,0.12,1.8
,,,,Shooter,0.07,0.96,0.49,0.27,1.79
,,,,Platform,0.08,0.39,1.26,0.06,1.79
,,,,Adventure,0.06,0.88,0.52,0.34,1.79
,,,,Action,0.03,0.57,1.05,0.14,1.78
,,,,Racing,0.0,0.29,1.25,0.24,1.78
,,,,Role-Playing,1.49,0.03,0.23,0.03,1.78
,,,,Action,0.0,0.58,1.12,0.08,1.78
,,,,Action,0.02,1.01,0.39,0.36,1.78
,,,,Puzzle,0.36,0.95,0.32,0.14,1.78
,,,,Action,0.06,0.94,0.45,0.33,1.78
,,,,Role-Playing,0.72,0.46,0.41,0.19,1.78
,,,,Action,0.14,0.57,0.93,0.13,1.77
,,,,Action,0.0,0.76,0.85,0.16,1.77
,,,,Misc,0.0,0.45,1.16,0.16,1.77
,,,,Misc,0.84,0.54,0.31,0.08,1.77
,,,,Sports,0.0,0.03,1.59,0.15,1.77
,,,,Role-Playing,1.33,0.09,0.24,0.12,1.77
,,,,Platform,1.03,0.06,0.63,0.04,1.77
,,,,Fighting,0.24,0.29,1.19,0.06,1.77
,,,,Fighting,0.01,0.45,1.07,0.24,1.77
,,,,Adventure,0.56,0.31,0.85,0.04,1.76
,,,,Fighting,0.0,0.42,1.27,0.07,1.76
,,,,Platform,0.0,0.54,1.06,0.16,1.76
,,,,Role-Playing,0.4,0.38,0.93,0.06,1.76
,,,,Platform,0.2,0.47,1.02,0.07,1.76
,,,,Platform,1.09,0.12,0.53,0.02,1.76
,,,,Fighting,0.0,0.67,0.86,0.22,1.76
,,,,Shooter,0.0,0.46,1.23,0.07,1.76
,,,,Action,0.0,0.67,0.86,0.22,1.76
,,,,Shooter,0.04,0.69,0.72,0.31,1.76
,,,,Action,0.01,0.9,0.68,0.17,1.76
,,,,Action,0.0,0.47,1.26,0.03,1.76
,,,,Shooter,0.0,0.48,1.11,0.16,1.76
,,,,Simulation,0.0,0.95,0.52,0.29,1.76
,,,,Sports,0.02,1.07,0.35,0.32,1.76
,,,,Simulation,0.02,0.87,0.61,0.26,1.76
,,,,Sports,0.0,0.04,1.68,0.04,1.75
,,,,Role-Playing,0.25,0.37,0.9,0.24,1.75
,,,,Shooter,0.0,0.45,1.24,0.07,1.75
,,,,Sports,0.53,0.9,0.06,0.27,1.75
,,,,Shooter,0.03,0.54,1.0,0.18,1.75
,,,,Puzzle,0.91,0.13,0.7,0.01,1.75
,,,,Platform,0.21,0.34,0.94,0.27,1.75
,,,,Platform,0.8,0.14,0.79,0.02,1.75
,,,,Simulation,0.08,0.66,0.83,0.18,1.75
,,,,Simulation,0.01,0.66,0.85,0.22,1.75
,,,,Misc,0.0,0.46,1.25,0.03,1.75
,,,,Adventure,0.04,0.89,0.72,0.1,1.74
,,,,Role-Playing,0.45,0.49,0.63,0.17,1.74
,,,,Shooter,0.02,0.63,0.83,0.25,1.74
,,,,Misc,0.0,0.4,1.19,0.16,1.74
,,,,Racing,0.03,0.89,0.69,0.14,1.74
,,,,Platform,0.01,0.61,0.96,0.16,1.74
,,,,Racing,0.0,0.04,1.69,0.01,1.74
,,,,Sports,0.0,0.04,1.66,0.04,1.74
,,,,Role-Playing,0.06,0.88,0.49,0.3,1.74
,,,,Shooter,0.13,0.75,0.59,0.27,1.74
,,,,Shooter,0.12,0.66,0.67,0.27,1.73
,,,,Sports,0.0,0.66,0.85,0.22,1.73
,,,,Shooter,0.14,0.68,0.64,0.26,1.73
,,,,Action,0.0,0.2,1.48,0.05,1.73
,,,,Action,0.1,0.62,0.94,0.07,1.73
,,,,Action,0.0,0.44,1.15,0.14,1.73
,,,,Platform,0.0,0.7,0.95,0.08,1.73
,,,,Action,0.01,0.52,1.06,0.14,1.73
,,,,Action,0.0,0.66,0.85,0.22,1.72
,,,,Shooter,0.06,0.78,0.61,0.27,1.72
,,,,Role-Playing,0.0,0.78,0.66,0.28,1.72
,,,,Shooter,0.0,0.18,0.61,0.94,1.72
,,,,Simulation,0.0,0.83,0.7,0.19,1.72
,,,,Shooter,0.0,0.98,0.41,0.33,1.72
,,,,Sports,0.0,0.03,1.61,0.08,1.72
,,,,Role-Playing,0.55,0.21,0.8,0.15,1.72
,,,,Simulation,0.0,0.87,0.59,0.25,1.71
,,,,Puzzle,0.0,0.16,1.43,0.12,1.71
,,,,Platform,0.0,0.64,0.99,0.08,1.71
,,,,Misc,0.0,0.41,1.15,0.15,1.71
,,,,Simulation,0.32,0.34,0.88,0.18,1.71
,,,,Racing,0.0,0.55,1.09,0.07,1.71
,,,,Misc,1.71,0.0,0.0,0.0,1.71
,,,,Puzzle,0.0,0.39,1.25,0.06,1.71
,,,,Sports,0.0,0.0,1.58,0.12,1.7
,,,,Racing,0.03,1.08,0.34,0.26,1.7
,,,,Sports,0.0,0.24,0.23,1.23,1.7
,,,,Sports,0.14,0.42,0.99,0.15,1.7
,,,,Puzzle,0.0,1.12,0.49,0.09,1.7
,,,,Platform,0.79,0.21,0.62,0.08,1.7
,,,,Puzzle,1.69,0.0,0.0,0.01,1.7
,,,,Action,0.0,0.83,0.69,0.19,1.7
,,,,Sports,0.0,0.05,1.41,0.23,1.7
,,,,Shooter,0.04,0.34,1.22,0.1,1.69
,,,,Sports,0.0,0.18,1.36,0.15,1.69
,,,,Action,0.02,0.54,0.88,0.25,1.69
,,,,Action,0.01,0.53,1.01,0.14,1.69
,,,,Misc,0.0,0.64,0.94,0.11,1.69
,,,,Role-Playing,0.08,0.44,0.96,0.22,1.69
,,,,Sports,0.0,1.01,0.55,0.13,1.69
,,,,Fighting,0.03,0.28,1.37,0.02,1.69
,,,,Fighting,0.04,0.48,1.1,0.07,1.69
,,,,Action,0.08,0.66,0.87,0.08,1.69
,,,,Racing,0.01,0.71,0.79,0.18,1.69
,,,,Role-Playing,0.0,0.12,1.52,0.05,1.69
,,,,Strategy,0.0,0.52,0.98,0.19,1.69
,,,,Action,0.22,0.42,0.98,0.06,1.69
,,,,Action,0.07,0.52,0.8,0.3,1.69
,,,,Shooter,0.0,0.47,0.9,0.32,1.68
,,,,Misc,0.0,0.64,0.82,0.22,1.68
,,,,Sports,0.0,0.06,1.58,0.04,1.68
,,,,Action,0.0,0.64,0.9,0.15,1.68
,,,,Puzzle,0.82,0.24,0.59,0.03,1.68
,,,,Shooter,0.33,0.87,0.38,0.1,1.68
,,,,Simulation,0.0,0.0,1.67,0.0,1.68
,,,,Action,0.0,0.3,1.23,0.14,1.68
,,,,Simulation,0.04,0.55,0.91,0.17,1.68
,,,,Action,0.17,0.27,1.18,0.06,1.68
,,,,Sports,0.0,0.57,0.94,0.17,1.67
,,,,Sports,0.0,0.52,0.93,0.22,1.67
,,,,Sports,0.0,1.02,0.45,0.2,1.67
,,,,Sports,0.0,0.05,1.58,0.04,1.67
,,,,Fighting,0.01,0.59,0.81,0.26,1.67
,,,,Platform,0.42,0.67,0.43,0.15,1.67
,,,,Shooter,0.0,0.39,1.22,0.06,1.67
,,,,Platform,0.42,0.3,0.91,0.04,1.67
,,,,Sports,0.02,0.49,1.09,0.07,1.67
,,,,Adventure,0.03,0.95,0.59,0.1,1.67
,,,,Strategy,0.0,0.65,0.82,0.19,1.67
,,,,Racing,0.04,0.59,0.97,0.07,1.67
,,,,Racing,0.0,0.32,1.13,0.22,1.67
,,,,Sports,0.0,0.09,1.35,0.23,1.67
,,,,Platform,0.0,0.45,1.08,0.14,1.67
,,,,Action,0.11,0.66,0.63,0.26,1.66
,,,,Action,0.06,0.73,0.57,0.3,1.66
,,,,Fighting,0.31,0.3,1.0,0.04,1.66
,,,,Sports,0.06,0.61,0.78,0.2,1.66
,,,,Shooter,0.01,0.64,0.86,0.14,1.66
,,,,Sports,0.0,0.63,0.81,0.21,1.66
,,,,Racing,0.02,0.7,0.76,0.18,1.66
,,,,Sports,0.03,0.15,1.25,0.22,1.66
,,,,Fighting,0.54,0.12,0.96,0.04,1.66
,,,,Puzzle,0.0,0.1,1.54,0.02,1.65
,,,,Misc,0.6,0.11,0.9,0.05,1.65
,,,,Shooter,0.15,0.38,1.06,0.05,1.65
,,,,Misc,0.33,0.68,0.48,0.16,1.65
,,,,Role-Playing,1.65,0.0,0.0,0.0,1.65
,,,,Shooter,0.02,0.38,1.09,0.16,1.65
,,,,Role-Playing,1.27,0.02,0.32,0.03,1.64
,,,,Platform,0.76,0.05,0.8,0.03,1.64
,,,,Action,0.0,0.72,0.76,0.16,1.64
,,,,Puzzle,0.0,0.1,1.52,0.02,1.64
,,,,Shooter,0.0,0.63,0.93,0.08,1.64
,,,,Action,0.61,0.26,0.74,0.03,1.64
,,,,Sports,0.0,0.63,0.8,0.21,1.64
,,,,Sports,0.0,0.15,1.44,0.05,1.64
,,,,Action,0.0,0.88,0.54,0.22,1.64
,,,,Simulation,0.0,0.48,1.02,0.14,1.64
,,,,Adventure,0.05,0.89,0.44,0.25,1.64
,,,,Sports,0.0,0.02,1.54,0.07,1.63
,,,,Simulation,0.02,0.96,0.45,0.2,1.63
,,,,Strategy,0.56,0.25,0.78,0.04,1.63
,,,,Shooter,0.0,0.81,0.58,0.24,1.63
,,,,Platform,0.02,0.73,0.6,0.28,1.63
,,,,Sports,0.0,0.34,1.18,0.1,1.63
,,,,Platform,0.32,0.48,0.71,0.11,1.63
,,,,Sports,0.0,0.14,1.33,0.15,1.63
,,,,Sports,0.0,0.09,1.32,0.22,1.62
,,,,Action,0.02,0.85,0.59,0.17,1.62
,,,,Misc,0.0,0.41,0.99,0.22,1.62
,,,,Sports,0.01,0.63,0.8,0.19,1.62
,,,,Shooter,0.03,0.61,0.82,0.15,1.62
,,,,Sports,0.49,0.04,0.99,0.1,1.62
,,,,Racing,0.45,0.11,1.01,0.04,1.62
,,,,Racing,0.0,0.61,0.9,0.11,1.62
,,,,Role-Playing,0.3,0.38,0.8,0.13,1.61
,,,,Sports,0.0,0.62,0.79,0.21,1.61
,,,,Shooter,0.03,0.53,0.92,0.13,1.61
,,,,Sports,0.65,0.27,0.66,0.03,1.61
,,,,Strategy,1.61,0.0,0.0,0.01,1.61
,,,,Sports,0.2,0.38,0.98,0.04,1.61
,,,,Misc,0.0,1.18,0.0,0.43,1.61
,,,,Action,0.0,0.0,1.5,0.11,1.61
,,,,Shooter,0.01,0.68,0.79,0.13,1.61
,,,,Simulation,0.01,0.48,0.95,0.15,1.6
,,,,Misc,0.0,0.99,0.4,0.22,1.6
,,,,Action,0.0,0.23,1.3,0.07,1.6
,,,,Action,0.02,0.69,0.71,0.18,1.6
,,,,Racing,0.09,0.96,0.46,0.08,1.6
,,,,Shooter,0.0,0.09,1.49,0.02,1.6
,,,,Action,0.3,0.48,0.71,0.1,1.6
,,,,Role-Playing,1.36,0.02,0.19,0.02,1.6
,,,,Action,0.02,0.74,0.58,0.26,1.6
,,,,Platform,0.06,0.44,1.05,0.04,1.6
,,,,Sports,0.0,0.12,1.26,0.21,1.59
,,,,Role-Playing,0.0,1.58,0.01,0.0,1.59
,,,,Action,0.04,0.36,1.15,0.04,1.59
,,,,Fighting,0.46,0.41,0.61,0.1,1.59
,,,,Action,0.34,0.46,0.58,0.21,1.59
,,,,Platform,0.0,0.09,1.48,0.02,1.59
,,,,Sports,0.32,1.1,0.04,0.13,1.59
,,,,Fighting,0.07,0.44,0.92,0.15,1.59
,,,,Action,0.0,0.5,0.95,0.14,1.59
,,,,Racing,0.0,0.6,0.88,0.1,1.59
,,,,Shooter,0.03,0.8,0.47,0.29,1.58
,,,,Sports,0.0,0.56,0.87,0.15,1.58
,,,,Misc,0.0,0.58,0.85,0.16,1.58
,,,,Simulation,0.01,0.6,0.81,0.17,1.58
,,,,Misc,0.0,0.6,0.88,0.1,1.58
,,,,Racing,0.01,0.8,0.62,0.15,1.58
,,,,Misc,0.0,0.49,0.94,0.15,1.58
,,,,Misc,0.0,0.76,0.64,0.17,1.58
,,,,Action,0.34,0.26,0.88,0.09,1.58
,,,,Action,0.0,0.37,1.06,0.15,1.58
,,,,Role-Playing,0.44,0.44,0.58,0.12,1.58
,,,,Platform,0.0,0.65,0.85,0.08,1.58
,,,,Sports,0.12,0.18,0.1,1.16,1.57
,,,,Sports,0.0,0.6,0.77,0.2,1.57
,,,,Shooter,0.0,0.53,0.98,0.06,1.57
,,,,Misc,0.46,0.11,0.95,0.04,1.57
,,,,Sports,0.49,0.64,0.18,0.25,1.56
,,,,Racing,0.0,0.6,0.77,0.2,1.56
,,,,Fighting,0.0,0.4,1.07,0.1,1.56
,,,,Platform,0.81,0.14,0.59,0.02,1.56
,,,,Action,0.0,0.19,1.32,0.05,1.56
,,,,Role-Playing,0.33,0.44,0.58,0.21,1.56
,,,,Action,0.69,0.17,0.67,0.03,1.56
,,,,Role-Playing,1.56,0.0,0.0,0.0,1.56
,,,,Misc,0.44,0.38,0.68,0.05,1.56
,,,,Action,0.01,0.75,0.59,0.21,1.56
,,,,Action,0.0,0.56,0.84,0.15,1.55
,,,,Action,0.04,0.54,0.72,0.25,1.55
,,,,Racing,0.0,0.59,0.76,0.2,1.55
,,,,Shooter,0.0,0.57,0.91,0.07,1.55
,,,,Sports,0.19,0.44,0.79,0.14,1.55
,,,,Shooter,0.02,0.47,0.85,0.22,1.55
,,,,Action,0.02,0.38,1.13,0.03,1.55
,,,,Action,0.02,0.87,0.57,0.09,1.55
,,,,Action,0.0,0.53,0.9,0.13,1.55
,,,,Action,0.0,0.53,0.8,0.22,1.55
,,,,Role-Playing,0.21,0.51,0.6,0.23,1.55
,,,,Strategy,0.0,0.0,1.55,0.0,1.55
,,,,Strategy,0.0,0.36,1.07,0.12,1.55
,,,,Misc,0.24,0.5,0.69,0.11,1.55
,,,,Action,0.01,0.35,1.06,0.12,1.54
,,,,Action,0.29,0.43,0.68,0.14,1.54
,,,,Role-Playing,0.52,0.22,0.71,0.1,1.54
,,,,Role-Playing,0.08,0.44,0.83,0.19,1.54
,,,,Strategy,0.0,0.87,0.58,0.09,1.54
,,,,Shooter,0.02,0.02,1.4,0.1,1.54
,,,,Adventure,0.01,0.52,0.86,0.15,1.54
,,,,Sports,0.0,0.07,1.26,0.21,1.54
,,,,Shooter,0.0,0.58,0.85,0.1,1.54
,,,,Shooter,0.0,0.69,0.63,0.21,1.53
,,,,Fighting,0.0,0.41,0.92,0.21,1.53
,,,,Simulation,0.01,0.65,0.71,0.17,1.53
,,,,Action,0.0,0.79,0.57,0.17,1.53
,,,,Fighting,0.0,0.29,1.19,0.05,1.53
,,,,Sports,0.0,0.05,1.44,0.04,1.53
,,,,Shooter,0.0,0.43,0.95,0.14,1.53
,,,,Sports,0.0,1.26,0.17,0.1,1.53
,,,,Sports,0.25,0.15,1.09,0.04,1.53
,,,,Sports,0.0,0.58,0.85,0.1,1.53
,,,,Platform,0.15,0.52,0.73,0.12,1.52
,,,,Shooter,0.0,0.45,0.94,0.13,1.52
,,,,Racing,0.0,0.69,0.44,0.39,1.52
,,,,Fighting,0.0,0.39,1.07,0.06,1.52
,,,,Sports,0.0,0.9,0.36,0.27,1.52
,,,,Racing,0.0,0.05,1.43,0.04,1.52
,,,,Racing,1.52,0.0,0.0,0.0,1.52
,,,,Shooter,1.27,0.06,0.18,0.01,1.52
,,,,Racing,0.0,0.04,1.45,0.04,1.52
,,,,Sports,0.0,0.05,1.43,0.03,1.52
,,,,Action,0.04,0.72,0.5,0.26,1.52
,,,,Shooter,0.03,0.63,0.6,0.26,1.52
,,,,Puzzle,0.06,0.31,1.11,0.04,1.52
,,,,Action,0.0,0.05,1.26,0.21,1.51
,,,,Sports,0.0,0.09,1.3,0.12,1.51
,,,,Racing,0.0,0.71,0.65,0.15,1.51
,,,,Action,0.0,0.54,0.84,0.13,1.51
,,,,Sports,0.0,1.16,0.02,0.34,1.51
,,,,Role-Playing,1.51,0.0,0.0,0.0,1.51
,,,,Action,0.42,0.15,0.93,0.01,1.51
,,,,Fighting,0.0,1.16,0.23,0.11,1.51
,,,,Sports,0.0,0.06,1.41,0.04,1.51
,,,,Action,0.0,0.03,0.35,1.13,1.51
,,,,Misc,0.0,0.27,1.18,0.05,1.51
,,,,Fighting,0.11,0.32,0.99,0.08,1.5
,,,,Shooter,0.05,0.58,0.64,0.23,1.5
,,,,Racing,0.15,0.52,0.66,0.17,1.5
,,,,Role-Playing,0.0,0.48,0.86,0.17,1.5
,,,,Sports,0.0,0.05,1.41,0.04,1.5
,,,,Shooter,0.0,0.78,0.49,0.23,1.5
,,,,Puzzle,0.0,0.31,1.08,0.11,1.5
,,,,Sports,0.05,0.07,1.19,0.2,1.5
,,,,Fighting,0.02,0.27,1.2,0.02,1.5
,,,,Platform,0.92,0.1,0.46,0.02,1.5
,,,,Platform,0.09,0.36,1.0,0.05,1.5
,,,,Platform,1.5,0.0,0.0,0.0,1.5
,,,,Action,0.09,0.53,0.75,0.12,1.5
,,,,Misc,0.0,0.2,1.13,0.16,1.5
,,,,Action,0.1,0.14,1.21,0.04,1.5
,,,,Misc,0.0,0.28,1.08,0.13,1.49
,,,,Role-Playing,0.36,0.38,0.72,0.04,1.49
,,,,Shooter,0.0,0.43,1.0,0.06,1.49
,,,,Sports,0.0,0.0,1.22,0.27,1.49
,,,,Adventure,0.0,0.36,1.0,0.13,1.49
,,,,Platform,0.25,0.36,0.82,0.06,1.49
,,,,Misc,0.0,1.1,0.0,0.39,1.49
,,,,Action,0.01,0.52,0.82,0.14,1.49
,,,,Simulation,0.0,0.73,0.61,0.15,1.49
,,,,Sports,0.28,0.69,0.37,0.14,1.48
,,,,Adventure,0.0,0.88,0.43,0.18,1.48
,,,,Shooter,0.52,0.37,0.47,0.12,1.48
,,,,Sports,0.65,0.5,0.28,0.05,1.48
,,,,Fighting,0.02,0.25,1.2,0.02,1.48
,,,,Platform,0.39,0.35,0.7,0.04,1.48
,,,,Role-Playing,0.03,0.47,0.78,0.2,1.48
,,,,Sports,0.0,0.56,0.72,0.19,1.48
,,,,Fighting,0.0,0.2,1.08,0.2,1.48
,,,,Action,0.0,0.59,0.82,0.07,1.48
,,,,Simulation,0.0,0.92,0.39,0.17,1.47
,,,,Action,0.06,0.55,0.58,0.28,1.47
,,,,Fighting,0.14,0.41,0.72,0.2,1.47
,,,,Action,0.65,0.18,0.62,0.02,1.47
,,,,Platform,0.0,0.37,1.04,0.06,1.47
,,,,Fighting,0.01,0.03,1.33,0.1,1.47
,,,,Action,0.44,0.4,0.45,0.18,1.47
,,,,Role-Playing,0.49,0.2,0.69,0.09,1.47
,,,,Action,0.0,0.4,0.95,0.12,1.47
,,,,Shooter,0.03,0.5,0.78,0.15,1.47
,,,,Adventure,0.0,0.2,1.15,0.12,1.47
,,,,Platform,0.02,0.72,0.4,0.33,1.47
,,,,Role-Playing,0.89,0.19,0.29,0.1,1.46
,,,,Platform,0.0,0.38,1.02,0.06,1.46
,,,,Shooter,0.02,0.4,0.93,0.12,1.46
,,,,Shooter,0.04,0.46,0.81,0.15,1.46
,,,,Misc,0.0,0.56,0.72,0.19,1.46
,,,,Platform,0.0,0.83,0.46,0.17,1.46
,,,,Sports,0.0,0.55,0.81,0.1,1.46
,,,,Shooter,0.02,0.48,0.83,0.12,1.46
,,,,Puzzle,0.1,0.37,0.95,0.04,1.46
,,,,Platform,0.0,0.08,1.36,0.02,1.46
,,,,Fighting,0.0,0.55,0.81,0.1,1.46
,,,,Sports,0.25,0.24,0.93,0.04,1.46
,,,,Role-Playing,0.03,0.59,0.63,0.21,1.46
,,,,Action,0.0,0.4,0.94,0.11,1.46
,,,,Action,0.06,0.65,0.47,0.28,1.46
,,,,Fighting,0.04,0.2,1.17,0.05,1.46
,,,,Fighting,0.0,0.58,0.53,0.35,1.46
,,,,Platform,0.07,0.75,0.51,0.12,1.46
,,,,Action,0.54,0.47,0.37,0.07,1.45
,,,,Role-Playing,0.0,0.44,0.89,0.12,1.45
,,,,Action,0.0,0.46,0.86,0.13,1.45
,,,,Shooter,0.01,0.49,0.75,0.21,1.45
,,,,Shooter,0.0,0.55,0.71,0.19,1.45
,,,,Strategy,0.0,1.13,0.0,0.32,1.45
,,,,Action,0.46,0.35,0.54,0.1,1.45
,,,,Misc,0.0,0.76,0.53,0.16,1.45
,,,,Simulation,1.44,0.0,0.0,0.01,1.45
,,,,Misc,1.45,0.0,0.0,0.0,1.45
,,,,Fighting,1.45,0.0,0.0,0.0,1.45
,,,,Simulation,1.44,0.0,0.0,0.01,1.45
,,,,Misc,0.03,0.17,1.24,0.01,1.45
,,,,Puzzle,0.0,0.34,0.97,0.13,1.45
,,,,Role-Playing,1.24,0.08,0.11,0.02,1.45
,,,,Sports,0.0,0.05,1.38,0.02,1.45
,,,,Misc,0.0,0.9,0.37,0.18,1.45
,,,,Misc,0.0,0.53,0.79,0.13,1.44
,,,,Misc,0.0,1.08,0.04,0.32,1.44
,,,,Racing,0.0,0.42,0.73,0.28,1.44
,,,,Simulation,0.0,0.77,0.48,0.19,1.44
,,,,Platform,1.09,0.07,0.26,0.02,1.44
,,,,Shooter,0.08,0.79,0.33,0.23,1.44
,,,,Fighting,0.0,0.38,0.92,0.13,1.44
,,,,Racing,0.0,0.4,0.92,0.12,1.44
,,,,Misc,0.02,0.07,1.23,0.11,1.44
,,,,Racing,0.05,0.74,0.33,0.31,1.44
,,,,Sports,0.0,0.32,1.03,0.09,1.44
,,,,Shooter,0.0,0.5,0.73,0.21,1.44
,,,,Sports,0.0,0.08,1.16,0.19,1.44
,,,,Action,0.0,0.54,0.8,0.09,1.43
,,,,Action,0.0,0.37,0.96,0.11,1.43
,,,,Action,0.0,0.39,0.91,0.13,1.43
,,,,Misc,0.0,0.46,0.85,0.13,1.43
,,,,Sports,0.0,0.48,0.81,0.14,1.43
,,,,Platform,0.35,0.23,0.82,0.03,1.43
,,,,Platform,1.39,0.0,0.0,0.03,1.43
,,,,Sports,0.0,0.54,0.79,0.09,1.43
,,,,Role-Playing,1.3,0.04,0.07,0.01,1.42
,,,,Sports,0.0,0.54,0.7,0.18,1.42
,,,,Fighting,0.02,0.41,0.8,0.19,1.42
,,,,Sports,0.0,0.05,1.35,0.02,1.42
,,,,Action,0.22,0.22,0.89,0.1,1.42
,,,,Sports,0.0,0.08,1.15,0.19,1.42
,,,,Platform,0.0,0.57,0.71,0.14,1.42
,,,,Action,0.71,0.12,0.57,0.02,1.42
,,,,Sports,1.3,0.0,0.12,0.0,1.42
,,,,Action,0.0,0.4,0.89,0.13,1.42
,,,,Action,0.35,0.38,0.63,0.05,1.42
,,,,Role-Playing,1.18,0.21,0.0,0.03,1.42
,,,,Action,0.06,0.64,0.47,0.25,1.41
,,,,Action,0.0,0.51,0.58,0.32,1.41
,,,,Action,0.0,0.63,0.64,0.14,1.41
,,,,Fighting,0.0,0.34,0.95,0.13,1.41
,,,,Action,0.0,0.28,1.09,0.04,1.41
,,,,Fighting,0.0,0.34,0.97,0.11,1.41
,,,,Sports,0.0,0.15,1.07,0.19,1.41
,,,,Platform,0.03,0.37,0.97,0.05,1.41
,,,,Racing,0.32,0.45,0.36,0.28,1.41
,,,,Action,0.13,0.31,0.87,0.1,1.41
,,,,Fighting,0.0,0.34,1.02,0.05,1.41
,,,,Racing,0.77,0.47,0.0,0.17,1.41
,,,,Racing,0.0,0.17,1.19,0.05,1.41
,,,,Racing,0.0,0.54,0.69,0.18,1.41
,,,,Shooter,0.0,0.47,0.82,0.12,1.4
,,,,Action,0.0,0.28,1.07,0.05,1.4
,,,,Racing,0.03,0.08,0.38,0.93,1.4
,,,,Sports,0.0,0.2,1.15,0.05,1.4
,,,,Action,0.01,0.7,0.43,0.27,1.4
,,,,Platform,0.08,0.52,0.74,0.06,1.4
,,,,Role-Playing,1.39,0.0,0.0,0.01,1.4
,,,,Shooter,0.0,0.86,0.38,0.16,1.4
,,,,Racing,0.02,1.05,0.03,0.3,1.4
,,,,Sports,0.0,0.53,0.78,0.09,1.39
,,,,Shooter,0.02,0.66,0.49,0.22,1.39
,,,,Role-Playing,0.54,0.42,0.34,0.1,1.39
,,,,Action,0.0,0.02,1.27,0.09,1.39
,,,,Shooter,0.07,0.6,0.5,0.23,1.39
,,,,Sports,0.0,0.16,1.19,0.03,1.39
,,,,Action,0.15,0.17,1.05,0.02,1.39
,,,,Action,0.91,0.18,0.24,0.06,1.39
,,,,Action,0.0,0.38,0.87,0.13,1.39
,,,,Action,0.0,0.62,0.51,0.26,1.39
,,,,Shooter,0.02,0.48,0.76,0.12,1.39
,,,,Action,0.0,0.37,0.96,0.05,1.38
,,,,Simulation,0.0,0.56,0.49,0.33,1.38
,,,,Role-Playing,0.59,0.18,0.58,0.02,1.38
,,,,Role-Playing,0.49,0.32,0.5,0.07,1.38
,,,,Shooter,0.02,0.38,0.87,0.11,1.38
,,,,Shooter,0.0,0.54,0.77,0.07,1.38
,,,,Role-Playing,0.38,0.34,0.46,0.21,1.38
,,,,Action,0.15,0.57,0.43,0.22,1.38
,,,,Misc,0.0,0.53,0.71,0.13,1.38
,,,,Adventure,0.0,0.04,1.24,0.09,1.38
,,,,Puzzle,0.01,0.43,0.8,0.13,1.38
,,,,Sports,0.0,0.53,0.67,0.18,1.38
,,,,Action,0.0,0.58,0.63,0.15,1.38
,,,,Action,0.0,0.01,0.6,0.76,1.37
,,,,Action,0.06,0.62,0.46,0.23,1.37
,,,,Racing,0.16,0.7,0.24,0.26,1.37
,,,,Misc,0.0,0.52,0.76,0.09,1.37
,,,,Racing,0.01,0.78,0.5,0.09,1.37
,,,,Racing,0.02,0.67,0.43,0.26,1.37
,,,,Platform,0.01,0.5,0.74,0.13,1.37
,,,,Role-Playing,0.0,0.33,0.99,0.05,1.37
,,,,Action,0.0,0.6,0.55,0.22,1.37
,,,,Strategy,1.37,0.0,0.0,0.0,1.37
,,,,Sports,0.02,0.27,0.86,0.22,1.36
,,,,Shooter,0.0,0.45,0.86,0.06,1.36
,,,,Platform,0.0,0.66,0.63,0.07,1.36
,,,,Racing,0.01,0.58,0.63,0.15,1.36
,,,,Misc,0.0,0.04,0.23,1.09,1.36
,,,,Shooter,1.0,0.08,0.27,0.01,1.36
,,,,Role-Playing,1.36,0.0,0.0,0.0,1.36
,,,,Shooter,0.0,0.08,1.26,0.01,1.36
,,,,Platform,0.28,0.51,0.47,0.09,1.36
,,,,Action,0.0,0.42,0.82,0.11,1.36
,,,,Shooter,0.0,0.52,0.67,0.17,1.36
,,,,Action,0.0,0.47,0.76,0.13,1.36
,,,,Fighting,0.11,0.29,0.81,0.14,1.35
,,,,Simulation,1.26,0.0,0.0,0.09,1.35
,,,,Racing,0.08,0.76,0.25,0.27,1.35
,,,,Sports,0.0,0.03,1.29,0.03,1.35
,,,,Sports,0.02,0.73,0.23,0.37,1.35
,,,,Misc,0.06,0.01,1.18,0.09,1.35
,,,,Sports,0.0,0.76,0.2,0.39,1.35
,,,,Action,0.05,0.57,0.59,0.14,1.35
,,,,Action,0.05,0.51,0.66,0.13,1.35
,,,,Shooter,0.05,0.36,0.76,0.18,1.35
,,,,Fighting,0.0,0.21,1.0,0.13,1.35
,,,,Action,1.06,0.05,0.22,0.02,1.35
,,,,Racing,0.0,0.58,0.7,0.07,1.35
,,,,Action,0.08,0.34,0.79,0.13,1.35
,,,,Shooter,0.04,0.45,0.66,0.21,1.35
,,,,Role-Playing,1.03,0.04,0.24,0.04,1.35
,,,,Action,0.02,0.5,0.7,0.12,1.35
,,,,Role-Playing,1.07,0.04,0.15,0.09,1.35
,,,,Misc,0.0,1.04,0.0,0.31,1.35
,,,,Sports,0.01,0.89,0.31,0.14,1.35
,,,,Adventure,0.13,0.37,0.67,0.17,1.35
,,,,Racing,0.01,0.21,0.95,0.18,1.34
,,,,Role-Playing,0.43,0.07,0.77,0.08,1.34
,,,,Shooter,0.1,0.04,1.09,0.11,1.34
,,,,Fighting,0.0,0.27,1.03,0.04,1.34
,,,,Shooter,0.0,0.43,0.85,0.06,1.34
,,,,Platform,0.24,0.22,0.84,0.04,1.34
,,,,Racing,0.05,0.05,1.22,0.01,1.34
,,,,Shooter,0.0,0.51,0.65,0.17,1.34
,,,,Strategy,0.0,0.02,1.32,0.0,1.34
,,,,Sports,0.0,0.06,1.1,0.18,1.34
,,,,Fighting,0.01,0.5,0.62,0.21,1.33
,,,,Platform,0.0,0.05,1.27,0.02,1.33
,,,,Sports,0.0,0.42,0.79,0.11,1.33
,,,,Shooter,0.06,0.59,0.47,0.21,1.33
,,,,Platform,0.0,0.36,0.86,0.11,1.33
,,,,Sports,0.01,0.31,0.89,0.12,1.33
,,,,Action,0.01,0.35,0.92,0.05,1.33
,,,,Fighting,0.0,0.24,1.08,0.02,1.33
,,,,Sports,0.01,0.38,0.9,0.05,1.33
,,,,Simulation,0.0,0.35,0.93,0.06,1.33
,,,,Sports,0.0,0.5,0.74,0.09,1.33
,,,,Shooter,0.07,0.35,0.87,0.04,1.33
,,,,Fighting,0.0,0.31,0.9,0.11,1.33
,,,,Role-Playing,0.32,0.4,0.43,0.18,1.33
,,,,Racing,0.0,0.51,0.65,0.17,1.33
,,,,Simulation,0.0,0.48,0.71,0.13,1.33
,,,,Role-Playing,0.58,0.17,0.51,0.06,1.33
,,,,Action,0.01,0.5,0.72,0.1,1.32
,,,,Racing,0.02,0.38,0.69,0.24,1.32
,,,,Action,0.0,0.42,0.72,0.19,1.32
,,,,Role-Playing,0.4,0.36,0.4,0.17,1.32
,,,,Role-Playing,0.0,0.13,0.01,1.18,1.32
,,,,Role-Playing,0.18,0.43,0.52,0.19,1.32
,,,,Action,0.0,0.52,0.69,0.11,1.32
,,,,Racing,0.02,1.16,0.03,0.11,1.32
,,,,Puzzle,0.4,0.16,0.73,0.03,1.32
,,,,Sports,0.0,0.08,1.06,0.18,1.32
,,,,Fighting,0.0,0.5,0.73,0.09,1.32
,,,,Role-Playing,0.96,0.04,0.31,0.01,1.32
,,,,Shooter,0.09,0.3,0.77,0.16,1.32
,,,,Sports,0.0,0.5,0.73,0.09,1.32
,,,,Racing,0.04,0.44,0.72,0.12,1.32
,,,,Action,0.0,0.45,0.75,0.11,1.32
,,,,Action,0.0,0.46,0.57,0.28,1.32
,,,,Racing,0.0,0.5,0.73,0.09,1.31
,,,,Racing,0.0,0.5,0.64,0.17,1.31
,,,,Misc,0.0,0.23,0.97,0.11,1.31
,,,,Fighting,0.05,0.42,0.71,0.13,1.31
,,,,Action,0.0,0.35,0.84,0.12,1.31
,,,,Misc,0.0,0.0,1.22,0.09,1.31
,,,,Platform,0.0,0.45,0.78,0.07,1.31
,,,,Adventure,0.0,0.67,0.57,0.07,1.31
,,,,Strategy,0.0,0.38,0.81,0.12,1.31
,,,,Platform,0.0,0.07,1.22,0.02,1.31
,,,,Shooter,0.0,0.5,0.64,0.17,1.31
,,,,Misc,0.0,0.49,0.68,0.13,1.31
,,,,Sports,0.06,0.04,1.11,0.09,1.31
,,,,Racing,0.0,0.43,0.84,0.04,1.31
,,,,Adventure,0.0,0.08,1.21,0.01,1.3
,,,,Role-Playing,0.0,0.35,0.94,0.02,1.3
,,,,Action,0.06,0.57,0.45,0.21,1.3
,,,,Sports,0.02,0.04,1.07,0.17,1.3
,,,,Action,0.09,0.44,0.56,0.21,1.3
,,,,Misc,0.0,0.02,0.27,1.02,1.3
,,,,Sports,0.0,0.48,0.69,0.13,1.3
,,,,Racing,0.0,0.2,1.05,0.05,1.3
,,,,Role-Playing,1.29,0.0,0.0,0.01,1.3
,,,,Sports,0.0,0.4,0.78,0.11,1.3
,,,,Role-Playing,0.28,0.38,0.56,0.08,1.3
,,,,Adventure,0.02,0.64,0.53,0.1,1.3
,,,,Racing,0.02,0.66,0.46,0.15,1.29
,,,,Platform,0.11,0.47,0.61,0.1,1.29
,,,,Role-Playing,0.85,0.02,0.39,0.03,1.29
,,,,Sports,0.0,0.92,0.11,0.25,1.29
,,,,Action,0.45,0.27,0.54,0.04,1.29
,,,,Racing,0.02,0.17,1.0,0.1,1.29
,,,,Shooter,0.0,0.44,0.73,0.12,1.29
,,,,Platform,0.0,0.34,0.93,0.02,1.29
,,,,Shooter,0.0,0.49,0.63,0.16,1.29
,,,,Misc,0.0,0.14,1.04,0.1,1.29
,,,,Adventure,0.0,0.4,0.76,0.12,1.29
,,,,Role-Playing,0.24,0.2,0.71,0.13,1.29
,,,,Racing,0.0,0.05,1.22,0.01,1.29
,,,,Role-Playing,0.0,0.49,0.63,0.16,1.28
,,,,Action,0.01,0.45,0.72,0.11,1.28
,,,,Simulation,0.0,0.59,0.55,0.14,1.28
,,,,Action,0.17,0.46,0.45,0.2,1.28
,,,,Misc,1.28,0.0,0.0,0.0,1.28
,,,,Action,0.0,0.56,0.61,0.11,1.28
,,,,Action,0.0,0.14,1.1,0.04,1.28
,,,,Action,0.0,0.45,0.72,0.11,1.28
,,,,Racing,0.0,0.16,1.07,0.04,1.28
,,,,Action,0.0,0.49,0.63,0.16,1.28
,,,,Action,0.36,0.35,0.48,0.07,1.28
,,,,Action,0.0,0.49,0.62,0.16,1.28
,,,,Action,0.05,0.56,0.45,0.22,1.27
,,,,Platform,0.21,0.4,0.58,0.08,1.27
,,,,Simulation,0.0,0.05,1.22,0.0,1.27
,,,,Action,0.0,0.03,0.72,0.52,1.27
,,,,Racing,0.0,0.48,0.71,0.08,1.27
,,,,Role-Playing,0.47,0.3,0.44,0.06,1.27
,,,,Shooter,0.0,0.08,1.18,0.01,1.27
,,,,Sports,0.0,0.16,1.0,0.11,1.27
,,,,Fighting,0.0,0.4,0.74,0.12,1.27
,,,,Sports,0.0,0.37,0.85,0.05,1.27
,,,,Shooter,0.41,0.16,0.68,0.02,1.27
,,,,Role-Playing,0.0,0.38,0.77,0.12,1.27
,,,,Sports,0.0,0.2,0.96,0.11,1.27
,,,,Role-Playing,0.26,0.38,0.49,0.13,1.27
,,,,Sports,0.0,0.73,0.39,0.15,1.27
,,,,Platform,0.06,0.3,0.87,0.03,1.27
,,,,Action,0.0,0.48,0.62,0.16,1.27
,,,,Fighting,0.53,0.26,0.39,0.08,1.27
,,,,Action,1.27,0.0,0.0,0.0,1.27
,,,,Action,0.0,0.57,0.56,0.14,1.26
,,,,Simulation,1.12,0.02,0.1,0.01,1.26
,,,,Sports,0.0,1.01,0.0,0.25,1.26
,,,,Puzzle,1.1,0.03,0.05,0.08,1.26
,,,,Simulation,0.62,0.05,0.54,0.05,1.26
,,,,Action,0.13,0.42,0.61,0.1,1.26
,,,,Racing,0.03,0.52,0.49,0.21,1.26
,,,,Sports,0.0,1.15,0.0,0.11,1.26
,,,,Sports,0.01,1.13,0.02,0.1,1.26
,,,,Action,0.0,0.62,0.5,0.14,1.26
,,,,Misc,0.0,0.22,0.99,0.04,1.26
,,,,Action,0.0,0.51,0.63,0.11,1.26
,,,,Sports,0.0,0.68,0.45,0.12,1.26
,,,,Shooter,0.02,0.17,0.94,0.13,1.25
,,,,Sports,0.0,0.47,0.7,0.08,1.25
,,,,Action,0.01,0.0,0.49,0.75,1.25
,,,,Action,0.0,0.07,1.17,0.01,1.25
,,,,Shooter,0.03,0.53,0.47,0.22,1.25
,,,,Role-Playing,1.25,0.0,0.0,0.0,1.25
,,,,Role-Playing,1.25,0.0,0.0,0.0,1.25
,,,,Sports,0.1,0.13,0.99,0.04,1.25
,,,,Fighting,0.01,0.53,0.48,0.23,1.25
,,,,Role-Playing,0.31,0.19,0.71,0.03,1.25
,,,,Shooter,0.03,0.04,1.01,0.16,1.25
,,,,Strategy,0.0,0.05,1.19,0.0,1.25
,,,,Action,0.0,0.48,0.61,0.16,1.25
,,,,Action,0.0,0.56,0.52,0.17,1.25
,,,,Racing,0.0,0.16,1.05,0.04,1.25
,,,,Shooter,0.22,0.03,0.85,0.14,1.24
,,,,Role-Playing,0.0,0.48,0.61,0.16,1.24
,,,,Action,0.0,0.03,1.12,0.09,1.24
,,,,Role-Playing,0.67,0.19,0.29,0.09,1.24
,,,,Racing,0.0,0.04,1.1,0.1,1.24
,,,,Action,0.0,0.41,0.65,0.19,1.24
,,,,Action,0.05,0.48,0.43,0.28,1.24
,,,,Platform,0.0,0.44,0.75,0.06,1.24
,,,,Role-Playing,0.0,0.47,0.66,0.11,1.24
,,,,Action,0.75,0.19,0.24,0.06,1.24
,,,,Fighting,0.0,0.0,0.69,0.55,1.24
,,,,Puzzle,0.43,0.22,0.56,0.03,1.24
,,,,Action,0.0,0.38,0.82,0.04,1.24
,,,,Action,0.0,0.55,0.55,0.13,1.23
,,,,Platform,0.0,0.47,0.6,0.16,1.23
,,,,Sports,0.07,0.64,0.3,0.22,1.23
,,,,Action,0.07,0.2,0.92,0.04,1.23
,,,,Platform,0.0,0.57,0.59,0.07,1.23
,,,,Racing,0.0,0.47,0.6,0.16,1.23
,,,,Misc,0.0,0.47,0.69,0.08,1.23
,,,,Simulation,0.0,1.02,0.08,0.13,1.23
,,,,Misc,0.0,0.14,1.0,0.1,1.23
,,,,Shooter,0.03,0.7,0.25,0.25,1.23
,,,,Puzzle,0.75,0.17,0.29,0.02,1.23
,,,,Platform,0.0,0.33,0.88,0.02,1.23
,,,,Racing,0.0,0.47,0.68,0.08,1.23
,,,,Platform,0.62,0.06,0.54,0.01,1.23
,,,,Platform,0.12,0.27,0.79,0.04,1.23
,,,,Action,0.21,0.41,0.44,0.17,1.23
,,,,Puzzle,0.7,0.11,0.4,0.02,1.23
,,,,Shooter,0.01,0.06,1.05,0.11,1.23
,,,,Sports,0.0,0.08,0.92,0.23,1.23
,,,,Puzzle,0.0,0.38,0.72,0.12,1.23
,,,,Role-Playing,0.0,0.63,0.5,0.1,1.23
,,,,Simulation,0.0,0.64,0.45,0.14,1.23
,,,,Action,0.0,0.53,0.5,0.2,1.22
,,,,Fighting,0.15,0.47,0.42,0.18,1.22
,,,,Sports,0.46,0.16,0.58,0.03,1.22
,,,,Puzzle,1.0,0.07,0.13,0.02,1.22
,,,,Misc,0.12,0.3,0.76,0.04,1.22
,,,,Misc,0.08,0.31,0.79,0.04,1.22
,,,,Puzzle,0.85,0.08,0.27,0.02,1.22
,,,,Adventure,0.01,0.46,0.59,0.15,1.22
,,,,Racing,0.11,0.75,0.12,0.25,1.22
,,,,Racing,0.0,0.29,0.72,0.21,1.22
,,,,Sports,0.0,0.05,1.13,0.03,1.22
,,,,Role-Playing,1.14,0.0,0.0,0.08,1.22
,,,,Role-Playing,0.27,0.27,0.61,0.07,1.22
,,,,Simulation,0.0,0.46,0.68,0.08,1.22
,,,,Shooter,0.0,0.19,0.98,0.05,1.22
,,,,Fighting,0.0,0.46,0.68,0.08,1.22
,,,,Sports,0.01,0.46,0.59,0.15,1.22
,,,,Racing,0.0,0.46,0.6,0.16,1.22
,,,,Fighting,0.14,0.44,0.55,0.09,1.22
,,,,Racing,0.0,0.04,1.01,0.16,1.21
,,,,Misc,0.0,0.24,0.93,0.04,1.21
,,,,Shooter,0.0,0.4,0.78,0.04,1.21
,,,,Sports,0.01,0.7,0.13,0.37,1.21
,,,,Platform,0.0,0.14,1.03,0.04,1.21
,,,,Action,0.0,0.43,0.66,0.12,1.21
,,,,Platform,0.35,0.17,0.66,0.03,1.21
,,,,Role-Playing,1.2,0.0,0.0,0.01,1.21
,,,,Action,0.01,0.48,0.66,0.06,1.21
,,,,Action,0.28,0.49,0.34,0.1,1.21
,,,,Racing,0.01,0.48,0.69,0.03,1.21
,,,,Misc,0.0,0.32,0.87,0.02,1.21
,,,,Racing,0.0,0.46,0.67,0.08,1.21
,,,,Sports,0.0,0.65,0.24,0.32,1.21
,,,,Sports,0.31,0.88,0.01,0.0,1.2
,,,,Action,0.0,0.46,0.59,0.15,1.2
,,,,Action,0.0,0.49,0.52,0.2,1.2
,,,,Racing,0.0,0.04,1.0,0.16,1.2
,,,,Strategy,0.56,0.13,0.48,0.03,1.2
,,,,Misc,0.0,0.59,0.52,0.1,1.2
,,,,Misc,0.0,0.31,0.77,0.12,1.2
,,,,Shooter,0.01,0.37,0.72,0.11,1.2
,,,,Sports,0.0,0.6,0.41,0.19,1.2
,,,,Fighting,1.2,0.0,0.0,0.0,1.2
,,,,Shooter,1.2,0.0,0.0,0.0,1.2
,,,,Platform,1.2,0.0,0.0,0.0,1.2
,,,,Sports,0.0,0.05,1.12,0.02,1.2
,,,,Shooter,0.36,0.39,0.4,0.04,1.2
,,,,Action,0.01,0.43,0.72,0.04,1.2
,,,,Sports,0.0,0.46,0.59,0.15,1.2
,,,,Puzzle,0.36,0.03,0.74,0.07,1.2
,,,,Adventure,0.42,0.17,0.55,0.06,1.2
,,,,Action,0.86,0.24,0.01,0.09,1.2
,,,,Sports,0.0,0.49,0.49,0.21,1.19
,,,,Action,0.38,0.35,0.38,0.09,1.19
,,,,Simulation,0.0,0.45,0.66,0.08,1.19
,,,,Puzzle,0.19,0.36,0.56,0.09,1.19
,,,,Fighting,0.0,0.47,0.45,0.28,1.19
,,,,Racing,0.0,0.32,0.86,0.02,1.19
,,,,Sports,0.11,0.84,0.09,0.15,1.19
,,,,Platform,0.0,0.23,0.92,0.04,1.19
,,,,Sports,0.27,0.64,0.18,0.1,1.19
,,,,Action,0.0,0.04,0.99,0.16,1.19
,,,,Sports,0.04,0.13,1.02,0.01,1.19
,,,,Platform,0.35,0.14,0.68,0.02,1.19
,,,,Racing,0.0,0.16,0.99,0.04,1.19
,,,,Action,0.0,0.38,0.76,0.05,1.19
,,,,Sports,0.0,0.66,0.41,0.12,1.19
,,,,Action,0.01,0.27,0.86,0.04,1.19
,,,,Role-Playing,0.29,0.24,0.64,0.02,1.19
,,,,Sports,0.0,0.14,0.83,0.22,1.19
,,,,Role-Playing,0.33,0.31,0.46,0.08,1.19
,,,,Misc,0.0,0.2,0.9,0.08,1.19
,,,,Adventure,0.0,0.45,0.66,0.08,1.18
,,,,Racing,0.0,0.07,1.1,0.01,1.18
,,,,Action,0.36,0.25,0.48,0.1,1.18
,,,,Action,0.0,0.49,0.4,0.29,1.18
,,,,Sports,1.08,0.0,0.1,0.0,1.18
,,,,Adventure,0.38,0.24,0.52,0.04,1.18
,,,,Sports,0.44,0.18,0.5,0.06,1.18
,,,,Sports,0.0,0.31,0.85,0.02,1.18
,,,,Fighting,0.02,0.46,0.53,0.17,1.18
,,,,Fighting,0.01,0.49,0.48,0.2,1.18
,,,,Strategy,0.0,0.15,0.95,0.08,1.18
,,,,Platform,0.04,0.07,0.41,0.66,1.18
,,,,Platform,0.52,0.14,0.5,0.02,1.18
,,,,Strategy,0.0,1.06,0.03,0.09,1.17
,,,,Simulation,0.0,0.44,0.65,0.08,1.17
,,,,Sports,0.0,0.37,0.7,0.1,1.17
,,,,Shooter,0.02,0.26,0.74,0.15,1.17
,,,,Shooter,0.0,0.04,0.98,0.16,1.17
,,,,Platform,0.0,0.45,0.57,0.15,1.17
,,,,Platform,0.15,0.31,0.6,0.11,1.17
,,,,Platform,0.01,0.49,0.54,0.12,1.17
,,,,Action,0.01,0.47,0.58,0.1,1.17
,,,,Platform,0.39,0.1,0.68,0.0,1.17
,,,,Platform,0.04,0.64,0.32,0.18,1.17
,,,,Action,0.02,0.38,0.74,0.03,1.17
,,,,Role-Playing,1.17,0.0,0.0,0.0,1.17
,,,,Sports,0.0,0.45,0.57,0.15,1.17
,,,,Sports,0.0,0.44,0.65,0.08,1.17
,,,,Racing,0.83,0.11,0.16,0.08,1.17
,,,,Shooter,0.0,0.36,0.76,0.05,1.17
,,,,Sports,0.0,0.95,0.0,0.22,1.17
,,,,Racing,0.0,0.44,0.65,0.08,1.17
,,,,Platform,0.01,0.51,0.51,0.13,1.17
,,,,Shooter,0.0,0.23,0.82,0.11,1.17
,,,,Puzzle,0.21,0.25,0.68,0.02,1.17
,,,,Action,0.02,0.52,0.43,0.2,1.16
,,,,Sports,0.0,0.28,0.78,0.1,1.16
,,,,Role-Playing,0.0,0.45,0.58,0.14,1.16
,,,,Racing,0.01,0.52,0.38,0.25,1.16
,,,,Role-Playing,0.3,0.25,0.45,0.16,1.16
,,,,Racing,0.0,0.04,0.97,0.16,1.16
,,,,Shooter,0.0,0.44,0.57,0.15,1.16
,,,,Misc,0.0,0.58,0.45,0.13,1.16
,,,,Fighting,0.43,0.27,0.39,0.08,1.16
,,,,Action,0.0,0.39,0.66,0.11,1.16
,,,,Racing,0.0,0.44,0.57,0.15,1.16
,,,,Shooter,0.07,0.28,0.78,0.02,1.16
,,,,Platform,0.5,0.08,0.57,0.01,1.16
,,,,Role-Playing,0.0,0.27,0.84,0.05,1.16
,,,,Racing,0.77,0.16,0.21,0.02,1.16
,,,,Racing,0.0,0.44,0.65,0.08,1.16
,,,,Shooter,0.02,0.39,0.5,0.25,1.16
,,,,Shooter,0.0,0.51,0.54,0.12,1.16
,,,,Misc,0.09,0.38,0.52,0.17,1.16
,,,,Action,0.0,0.28,0.83,0.05,1.16
,,,,Sports,0.01,0.68,0.15,0.32,1.16
,,,,Shooter,0.0,0.54,0.51,0.1,1.16
,,,,Simulation,0.0,1.14,0.0,0.01,1.15
,,,,Simulation,0.0,0.46,0.52,0.17,1.15
,,,,Action,0.0,0.44,0.56,0.15,1.15
,,,,Action,0.09,0.33,0.57,0.16,1.15
,,,,Shooter,0.0,0.44,0.56,0.15,1.15
,,,,Misc,0.0,0.07,1.07,0.01,1.15
,,,,Action,0.06,0.46,0.44,0.18,1.15
,,,,Platform,0.01,0.35,0.69,0.11,1.15
,,,,Shooter,0.0,1.12,0.0,0.03,1.15
,,,,Puzzle,0.41,0.2,0.51,0.03,1.15
,,,,Sports,1.15,0.0,0.0,0.0,1.15
,,,,Action,1.15,0.0,0.0,0.0,1.15
,,,,Misc,0.0,0.52,0.5,0.13,1.15
,,,,Platform,0.05,0.22,0.75,0.12,1.15
,,,,Misc,0.46,0.16,0.5,0.03,1.15
,,,,Fighting,0.0,0.51,0.45,0.19,1.15
,,,,Role-Playing,1.15,0.0,0.0,0.0,1.15
,,,,Platform,0.0,0.44,0.56,0.15,1.15
,,,,Shooter,0.0,0.43,0.64,0.07,1.15
,,,,Puzzle,1.07,0.0,0.0,0.07,1.15
,,,,Action,0.35,0.26,0.47,0.07,1.14
,,,,Action,0.0,0.43,0.64,0.07,1.14
,,,,Action,0.25,0.34,0.44,0.11,1.14
,,,,Action,0.2,0.03,0.78,0.13,1.14
,,,,Role-Playing,0.65,0.17,0.25,0.07,1.14
,,,,Sports,0.76,0.03,0.31,0.04,1.14
,,,,Simulation,0.0,0.04,0.95,0.16,1.14
,,,,Platform,0.02,0.59,0.31,0.22,1.14
,,,,Platform,0.0,0.75,0.26,0.14,1.14
,,,,Shooter,0.0,0.23,0.9,0.02,1.14
,,,,Action,0.25,0.16,0.71,0.03,1.14
,,,,Simulation,0.48,0.17,0.46,0.02,1.14
,,,,Action,0.47,0.23,0.41,0.03,1.14
,,,,Racing,0.15,0.37,0.58,0.04,1.14
,,,,Action,0.0,0.38,0.71,0.05,1.14
,,,,Action,0.0,0.3,0.82,0.02,1.14
,,,,Role-Playing,0.0,0.51,0.0,0.62,1.14
,,,,Misc,0.0,0.37,0.65,0.11,1.14
,,,,Simulation,0.88,0.1,0.12,0.03,1.14
,,,,Racing,0.01,0.39,0.7,0.03,1.14
,,,,Simulation,0.0,0.1,1.01,0.03,1.13
,,,,Racing,0.06,0.41,0.5,0.16,1.13
,,,,Action,0.0,0.43,0.61,0.09,1.13
,,,,Sports,1.06,0.0,0.0,0.07,1.13
,,,,Racing,0.0,0.3,0.81,0.02,1.13
,,,,Role-Playing,0.37,0.37,0.33,0.06,1.13
,,,,Shooter,0.0,0.12,0.99,0.02,1.13
,,,,Sports,0.0,0.56,0.38,0.19,1.13
,,,,Platform,0.84,0.05,0.23,0.01,1.13
,,,,Misc,0.0,0.43,0.63,0.07,1.13
,,,,Sports,0.0,0.39,0.64,0.1,1.13
,,,,Shooter,0.04,0.56,0.34,0.19,1.13
,,,,Action,0.62,0.21,0.21,0.08,1.13
,,,,Role-Playing,0.0,0.3,0.81,0.02,1.13
,,,,Misc,0.0,0.3,0.67,0.15,1.13
,,,,Action,0.01,0.3,0.72,0.09,1.12
,,,,Shooter,0.0,0.06,1.05,0.01,1.12
,,,,Racing,0.0,0.43,0.55,0.14,1.12
,,,,Simulation,0.3,0.24,0.56,0.02,1.12
,,,,Shooter,0.02,0.37,0.63,0.1,1.12
,,,,Role-Playing,0.28,0.33,0.36,0.15,1.12
,,,,Action,0.1,0.37,0.5,0.16,1.12
,,,,Misc,0.01,0.2,0.84,0.08,1.12
,,,,Action,0.0,0.4,0.62,0.1,1.12
,,,,Shooter,0.01,0.0,1.03,0.08,1.12
,,,,Shooter,0.0,0.4,0.66,0.05,1.12
,,,,Puzzle,0.63,0.06,0.41,0.02,1.12
,,,,Misc,0.0,0.3,0.28,0.54,1.12
,,,,Sports,0.0,1.12,0.0,0.0,1.12
,,,,Action,0.0,0.26,0.82,0.04,1.12
,,,,Shooter,0.0,0.23,0.85,0.04,1.11
,,,,Action,0.04,0.58,0.32,0.17,1.11
,,,,Action,0.0,0.37,0.63,0.11,1.11
,,,,Racing,0.03,0.57,0.31,0.2,1.11
,,,,Misc,0.0,0.04,0.92,0.15,1.11
,,,,Shooter,0.0,0.4,0.62,0.08,1.11
,,,,Misc,0.0,0.06,0.71,0.35,1.11
,,,,Action,0.0,0.38,0.68,0.05,1.11
,,,,Platform,0.7,0.07,0.33,0.01,1.11
,,,,Role-Playing,1.1,0.0,0.0,0.01,1.11
,,,,Sports,0.0,0.14,0.95,0.03,1.11
,,,,Racing,0.0,0.46,0.54,0.12,1.11
,,,,Strategy,0.29,0.31,0.45,0.06,1.11
,,,,Role-Playing,0.73,0.13,0.18,0.07,1.11
,,,,Puzzle,0.0,0.35,0.52,0.23,1.11
,,,,Action,0.0,0.42,0.51,0.17,1.11
,,,,Misc,0.0,0.4,0.53,0.17,1.1
,,,,Shooter,0.0,0.06,1.03,0.01,1.1
,,,,Shooter,0.01,0.53,0.45,0.12,1.1
,,,,Action,0.17,0.33,0.52,0.08,1.1
,,,,Platform,0.0,0.06,1.03,0.01,1.1
,,,,Sports,0.0,0.42,0.61,0.07,1.1
,,,,Action,0.0,0.53,0.36,0.21,1.1
,,,,Simulation,0.0,0.52,0.47,0.12,1.1
,,,,Fighting,0.01,0.46,0.44,0.18,1.1
,,,,Strategy,1.1,0.0,0.0,0.0,1.1
,,,,Puzzle,1.1,0.0,0.0,0.0,1.1
,,,,Role-Playing,1.1,0.0,0.0,0.0,1.1
,,,,Role-Playing,1.1,0.0,0.0,0.0,1.1
,,,,Racing,0.29,0.33,0.45,0.03,1.1
,,,,Platform,0.45,0.12,0.51,0.02,1.1
,,,,Shooter,0.0,0.09,0.92,0.09,1.1
,,,,Sports,0.04,0.4,0.52,0.13,1.1
,,,,Misc,0.0,0.75,0.12,0.23,1.1
,,,,Misc,0.0,0.84,0.0,0.25,1.1
,,,,Role-Playing,0.31,0.21,0.54,0.04,1.1
,,,,Role-Playing,0.01,0.33,0.54,0.22,1.1
,,,,Role-Playing,0.72,0.1,0.26,0.02,1.1
,,,,Role-Playing,0.45,0.22,0.31,0.12,1.1
,,,,Action,0.0,0.41,0.43,0.25,1.09
,,,,Simulation,0.0,0.36,0.63,0.1,1.09
,,,,Action,0.0,0.55,0.24,0.31,1.09
,,,,Adventure,0.84,0.04,0.05,0.16,1.09
,,,,Sports,0.01,0.17,0.82,0.09,1.09
,,,,Role-Playing,0.0,0.29,0.78,0.02,1.09
,,,,Fighting,0.08,0.52,0.29,0.2,1.09
,,,,Sports,0.0,0.05,1.02,0.02,1.09
,,,,Simulation,1.07,0.0,0.0,0.02,1.09
,,,,Misc,0.0,0.18,0.75,0.16,1.09
,,,,Action,0.0,0.04,0.96,0.08,1.09
,,,,Sports,0.0,0.02,1.02,0.05,1.09
,,,,Strategy,0.0,0.97,0.01,0.11,1.09
,,,,Action,0.01,0.03,0.89,0.15,1.09
,,,,Sports,0.0,0.37,0.61,0.11,1.09
,,,,Shooter,0.0,0.42,0.53,0.14,1.09
,,,,Simulation,1.02,0.0,0.0,0.07,1.09
,,,,Action,0.04,0.28,0.64,0.13,1.09
,,,,Racing,0.0,0.54,0.44,0.11,1.09
,,,,Action,0.0,0.52,0.35,0.22,1.09
,,,,Adventure,0.09,0.47,0.44,0.09,1.09
,,,,Sports,0.0,0.41,0.6,0.07,1.09
,,,,Racing,0.0,0.26,0.74,0.09,1.09
,,,,Racing,0.0,0.41,0.53,0.14,1.08
,,,,Action,0.03,0.41,0.47,0.18,1.08
,,,,Platform,0.0,0.41,0.53,0.14,1.08
,,,,Action,0.0,0.64,0.36,0.08,1.08
,,,,Sports,0.0,0.12,0.87,0.09,1.08
,,,,Sports,0.0,0.41,0.53,0.14,1.08
,,,,Adventure,0.0,0.43,0.55,0.11,1.08
,,,,Action,0.2,0.32,0.48,0.09,1.08
,,,,Action,0.0,0.0,1.02,0.06,1.08
,,,,Action,0.03,0.5,0.28,0.28,1.08
,,,,Sports,0.0,0.69,0.26,0.12,1.08
,,,,Shooter,0.0,0.59,0.28,0.22,1.08
,,,,Platform,0.0,0.06,1.01,0.01,1.08
,,,,Action,0.01,0.43,0.53,0.11,1.08
,,,,Shooter,0.0,0.34,0.64,0.1,1.08
,,,,Racing,0.01,0.59,0.27,0.21,1.08
,,,,Platform,0.13,0.4,0.47,0.08,1.08
,,,,Simulation,0.0,0.3,0.67,0.11,1.08
,,,,Sports,0.0,0.41,0.6,0.07,1.08
,,,,Fighting,0.0,0.29,0.77,0.02,1.08
,,,,Platform,0.0,0.29,0.77,0.02,1.08
,,,,Shooter,0.19,0.18,0.68,0.03,1.08
,,,,Fighting,0.09,0.35,0.49,0.16,1.08
,,,,Fighting,0.03,0.18,0.79,0.07,1.08
,,,,Sports,0.0,0.0,1.01,0.06,1.07
,,,,Misc,1.0,0.0,0.0,0.07,1.07
,,,,Shooter,0.0,0.03,0.89,0.15,1.07
,,,,Simulation,0.0,0.32,0.65,0.1,1.07
,,,,Action,0.02,0.39,0.57,0.09,1.07
,,,,Action,0.03,0.4,0.53,0.11,1.07
,,,,Fighting,0.77,0.12,0.17,0.02,1.07
,,,,Sports,0.0,0.98,0.0,0.09,1.07
,,,,Fighting,0.0,0.01,0.53,0.54,1.07
,,,,Sports,0.04,0.9,0.08,0.05,1.07
,,,,Platform,0.21,0.06,0.72,0.07,1.07
,,,,Sports,0.0,0.4,0.59,0.07,1.07
,,,,Fighting,0.13,0.15,0.74,0.05,1.07
,,,,Platform,0.0,0.44,0.43,0.2,1.07
,,,,Racing,0.05,0.64,0.12,0.25,1.07
,,,,Sports,0.0,0.63,0.1,0.34,1.07
,,,,Action,0.0,0.3,0.67,0.1,1.07
,,,,Racing,0.71,0.12,0.17,0.07,1.07
,,,,Action,0.0,0.42,0.54,0.1,1.07
,,,,Racing,0.0,0.4,0.59,0.07,1.07
,,,,Sports,0.0,0.4,0.59,0.07,1.06
,,,,Fighting,0.0,0.04,0.88,0.14,1.06
,,,,Shooter,0.0,0.4,0.55,0.11,1.06
,,,,Racing,0.0,0.41,0.52,0.14,1.06
,,,,Misc,0.0,0.74,0.23,0.1,1.06
,,,,Action,0.01,0.29,0.67,0.1,1.06
,,,,Racing,0.0,0.67,0.16,0.23,1.06
,,,,Shooter,0.01,0.02,0.96,0.08,1.06
,,,,Misc,0.99,0.0,0.0,0.07,1.06
,,,,Sports,0.0,0.65,0.28,0.13,1.06
,,,,Sports,0.0,0.41,0.52,0.14,1.06
,,,,Action,0.05,0.5,0.31,0.19,1.06
,,,,Shooter,0.01,0.3,0.65,0.1,1.06
,,,,Strategy,0.0,0.81,0.18,0.08,1.06
,,,,Action,0.0,0.41,0.52,0.14,1.06
,,,,Action,0.0,0.44,0.44,0.18,1.06
,,,,Sports,0.0,0.04,1.02,0.01,1.06
,,,,Sports,0.0,0.05,1.01,0.01,1.06
,,,,Misc,0.0,0.4,0.56,0.11,1.06
,,,,Platform,0.0,0.01,0.97,0.08,1.06
,,,,Role-Playing,0.0,0.02,1.03,0.0,1.06
,,,,Fighting,0.1,0.41,0.39,0.16,1.06
,,,,Action,0.0,0.28,0.76,0.02,1.06
,,,,Sports,0.03,0.59,0.23,0.22,1.06
,,,,Racing,0.0,0.4,0.52,0.14,1.06
,,,,Simulation,0.0,0.39,0.49,0.17,1.06
,,,,Adventure,0.64,0.06,0.32,0.04,1.06
,,,,Action,0.0,0.38,0.58,0.09,1.05
,,,,Shooter,0.0,0.05,0.99,0.01,1.05
,,,,Shooter,0.0,0.11,0.81,0.13,1.05
,,,,Action,0.0,0.54,0.42,0.08,1.05
,,,,Shooter,0.0,0.47,0.41,0.18,1.05
,,,,Misc,0.0,0.05,0.99,0.01,1.05
,,,,Misc,0.0,0.66,0.27,0.12,1.05
,,,,Platform,1.05,0.0,0.0,0.0,1.05
,,,,Role-Playing,0.92,0.0,0.0,0.13,1.05
,,,,Fighting,1.05,0.0,0.0,0.0,1.05
,,,,Sports,1.04,0.0,0.0,0.01,1.05
,,,,Action,0.03,0.34,0.55,0.13,1.05
,,,,Sports,0.0,0.4,0.51,0.13,1.05
,,,,Fighting,0.12,0.48,0.3,0.15,1.05
,,,,Racing,0.0,0.26,0.78,0.01,1.05
,,,,Sports,0.0,0.11,0.91,0.03,1.05
,,,,Simulation,0.0,0.49,0.45,0.11,1.05
,,,,Fighting,0.01,0.38,0.56,0.11,1.05
,,,,Racing,0.0,0.51,0.52,0.02,1.05
,,,,Platform,0.0,0.49,0.44,0.11,1.05
,,,,Adventure,0.0,0.32,0.62,0.1,1.05
,,,,Simulation,0.66,0.13,0.19,0.07,1.05
,,,,Role-Playing,0.37,0.06,0.58,0.04,1.05
,,,,Action,0.0,0.4,0.54,0.11,1.05
,,,,Action,0.0,0.47,0.46,0.11,1.04
,,,,Sports,0.0,0.4,0.51,0.13,1.04
,,,,Action,0.0,0.4,0.58,0.07,1.04
,,,,Fighting,0.26,0.37,0.33,0.09,1.04
,,,,Action,0.0,0.37,0.58,0.09,1.04
,,,,Role-Playing,0.83,0.06,0.09,0.07,1.04
,,,,Racing,0.0,0.39,0.58,0.07,1.04
,,,,Adventure,0.02,0.35,0.57,0.1,1.04
,,,,Action,0.22,0.3,0.45,0.07,1.04
,,,,Fighting,0.45,0.12,0.44,0.03,1.04
,,,,Simulation,0.0,0.03,0.87,0.14,1.04
,,,,Shooter,0.01,0.35,0.59,0.09,1.04
,,,,Racing,0.37,0.16,0.39,0.12,1.04
,,,,Puzzle,0.31,0.2,0.5,0.03,1.04
,,,,Racing,0.0,0.1,0.91,0.03,1.04
,,,,Action,0.0,0.33,0.62,0.09,1.04
,,,,Racing,0.02,0.69,0.17,0.15,1.04
,,,,Racing,0.0,0.46,0.53,0.05,1.04
,,,,Platform,0.41,0.06,0.52,0.05,1.04
,,,,Action,0.0,0.34,0.61,0.09,1.04
,,,,Simulation,0.0,0.27,0.68,0.09,1.04
,,,,Shooter,0.02,0.48,0.34,0.19,1.04
,,,,Racing,0.0,0.58,0.16,0.3,1.04
,,,,Racing,0.0,0.34,0.47,0.22,1.04
,,,,Sports,0.01,0.4,0.46,0.17,1.04
,,,,Racing,0.0,0.03,0.86,0.14,1.03
,,,,Platform,0.01,0.33,0.56,0.14,1.03
,,,,Sports,0.0,0.02,0.94,0.08,1.03
,,,,Platform,0.01,0.51,0.33,0.18,1.03
,,,,Action,0.0,0.23,0.72,0.08,1.03
,,,,Sports,0.0,0.39,0.5,0.13,1.03
,,,,Platform,0.0,0.31,0.68,0.04,1.03
,,,,Puzzle,0.85,0.0,0.18,0.0,1.03
,,,,Action,0.0,0.47,0.45,0.11,1.03
,,,,Action,0.0,0.07,0.96,0.0,1.03
,,,,Misc,0.0,0.01,0.94,0.08,1.03
,,,,Fighting,0.51,0.12,0.38,0.02,1.03
,,,,Shooter,0.01,0.32,0.61,0.08,1.02
,,,,Sports,0.01,0.59,0.32,0.11,1.02
,,,,Fighting,0.0,0.46,0.45,0.11,1.02
,,,,Shooter,0.02,0.05,0.87,0.08,1.02
,,,,Action,0.05,0.36,0.53,0.08,1.02
,,,,Platform,0.01,0.26,0.73,0.03,1.02
,,,,Simulation,0.0,0.4,0.51,0.11,1.02
,,,,Role-Playing,0.45,0.21,0.28,0.08,1.02
,,,,Action,0.49,0.12,0.39,0.02,1.02
,,,,Platform,0.0,0.4,0.51,0.11,1.02
,,,,Action,0.0,0.39,0.57,0.07,1.02
,,,,Simulation,0.22,0.04,0.69,0.06,1.02
,,,,Sports,0.0,0.03,0.97,0.03,1.02
,,,,Action,0.0,0.4,0.44,0.17,1.02
,,,,Action,0.0,0.39,0.5,0.13,1.02
,,,,Puzzle,0.0,0.38,0.56,0.07,1.01
,,,,Action,0.1,0.28,0.34,0.3,1.01
,,,,Action,0.02,0.35,0.54,0.1,1.01
,,,,Action,0.03,0.36,0.41,0.21,1.01
,,,,Platform,0.01,0.46,0.44,0.09,1.01
,,,,Action,0.05,0.22,0.65,0.1,1.01
,,,,Sports,0.0,0.12,0.87,0.02,1.01
,,,,Sports,0.0,0.93,0.0,0.08,1.01
,,,,Misc,0.0,0.44,0.48,0.09,1.01
,,,,Misc,1.01,0.0,0.0,0.0,1.01
,,,,Simulation,0.74,0.08,0.12,0.07,1.01
,,,,Action,0.02,0.48,0.33,0.18,1.01
,,,,Racing,0.0,0.53,0.27,0.2,1.01
,,,,Platform,0.0,0.61,0.21,0.18,1.01
,,,,Shooter,0.0,0.0,0.93,0.07,1.0
,,,,Racing,0.0,0.38,0.49,0.13,1.0
,,,,Role-Playing,0.46,0.19,0.29,0.07,1.0
,,,,Sports,0.03,0.76,0.13,0.09,1.0
,,,,Fighting,0.38,0.24,0.3,0.08,1.0
,,,,Shooter,0.21,0.14,0.65,0.0,1.0
,,,,Racing,0.19,0.15,0.65,0.01,1.0
,,,,Sports,0.47,0.1,0.41,0.02,1.0
,,,,Misc,0.09,0.25,0.63,0.03,1.0
,,,,Misc,1.0,0.0,0.0,0.0,1.0
,,,,Fighting,0.03,0.18,0.78,0.0,1.0
,,,,Shooter,0.02,0.33,0.49,0.15,1.0
,,,,Action,0.0,0.21,0.72,0.07,1.0
,,,,Sports,0.02,0.9,0.08,0.0,1.0
,,,,Racing,0.0,0.38,0.56,0.07,1.0
,,,,Sports,0.0,0.38,0.56,0.07,1.0
,,,,Shooter,0.04,0.49,0.25,0.22,1.0
,,,,Sports,0.0,0.38,0.55,0.07,1.0
,,,,Action,0.74,0.1,0.13,0.03,1.0
,,,,Strategy,0.01,0.04,0.86,0.08,1.0
,,,,Misc,0.05,0.27,0.51,0.15,1.0
,,,,Action,0.0,0.38,0.44,0.17,1.0
,,,,Misc,0.0,0.04,0.89,0.06,1.0
,,,,Action,0.0,0.35,0.48,0.16,1.0
,,,,Role-Playing,0.0,0.28,0.64,0.08,1.0
,,,,Puzzle,0.0,0.78,0.17,0.04,1.0
,,,,Misc,0.0,0.38,0.55,0.07,1.0
,,,,Action,0.0,0.28,0.64,0.08,0.99
,,,,Adventure,0.39,0.07,0.49,0.05,0.99
,,,,Sports,0.0,0.21,0.74,0.04,0.99
,,,,Racing,0.0,0.2,0.77,0.03,0.99
,,,,Simulation,0.0,0.31,0.59,0.1,0.99
,,,,Action,0.0,0.39,0.51,0.09,0.99
,,,,Action,0.01,0.34,0.57,0.08,0.99
,,,,Simulation,0.12,0.31,0.37,0.19,0.99
,,,,Sports,0.0,0.0,0.94,0.06,0.99
,,,,Action,0.0,0.46,0.36,0.17,0.99
,,,,Misc,0.0,0.3,0.6,0.09,0.99
,,,,Racing,0.0,0.3,0.61,0.09,0.99
,,,,Platform,0.0,0.38,0.55,0.06,0.99
,,,,Simulation,0.04,0.52,0.35,0.09,0.99
,,,,Action,0.0,0.05,0.88,0.07,0.99
,,,,Racing,0.0,0.28,0.52,0.19,0.99
,,,,Action,0.38,0.23,0.3,0.08,0.99
,,,,Misc,0.0,0.15,0.73,0.11,0.99
,,,,Fighting,0.0,0.5,0.38,0.11,0.99
,,,,Sports,0.0,0.65,0.23,0.11,0.99
,,,,Platform,0.0,0.2,0.76,0.03,0.99
,,,,Simulation,0.0,0.8,0.0,0.18,0.99
,,,,Role-Playing,0.0,0.88,0.02,0.08,0.99
,,,,Racing,0.0,0.05,0.85,0.08,0.98
,,,,Sports,0.19,0.53,0.02,0.25,0.98
,,,,Shooter,0.0,0.62,0.21,0.14,0.98
,,,,Role-Playing,0.16,0.26,0.49,0.08,0.98
,,,,Misc,0.0,0.19,0.72,0.07,0.98
,,,,Misc,0.28,0.19,0.5,0.02,0.98
,,,,Racing,0.0,0.46,0.36,0.17,0.98
,,,,Puzzle,0.21,0.13,0.62,0.02,0.98
,,,,Racing,0.0,0.04,0.94,0.01,0.98
,,,,Shooter,0.0,0.06,0.91,0.01,0.98
,,,,Role-Playing,0.38,0.23,0.29,0.08,0.98
,,,,Role-Playing,0.27,0.1,0.56,0.05,0.98
,,,,Role-Playing,0.0,0.38,0.42,0.17,0.98
,,,,Racing,0.01,0.54,0.24,0.18,0.98
,,,,Shooter,0.06,0.39,0.38,0.15,0.98
,,,,Shooter,0.0,0.44,0.45,0.08,0.98
,,,,Action,0.0,0.92,0.0,0.05,0.98
,,,,Action,0.06,0.41,0.34,0.18,0.98
,,,,Action,0.51,0.43,0.03,0.01,0.98
,,,,Sports,0.0,0.05,0.82,0.1,0.98
,,,,Sports,0.0,0.0,0.88,0.1,0.98
,,,,Action,0.0,0.27,0.62,0.09,0.98
,,,,Simulation,0.86,0.02,0.09,0.01,0.98
,,,,Role-Playing,0.15,0.32,0.37,0.14,0.97
,,,,Sports,0.0,0.01,0.89,0.08,0.97
,,,,Platform,0.0,0.37,0.5,0.1,0.97
,,,,Sports,0.0,0.21,0.73,0.03,0.97
,,,,Role-Playing,0.0,0.44,0.4,0.13,0.97
,,,,Sports,0.0,0.02,0.88,0.08,0.97
,,,,Strategy,0.29,0.18,0.49,0.01,0.97
,,,,Action,0.63,0.14,0.15,0.05,0.97
,,,,Action,0.0,0.35,0.53,0.1,0.97
,,,,Sports,0.0,0.33,0.56,0.08,0.97
,,,,Sports,0.0,0.37,0.47,0.12,0.97
,,,,Action,0.03,0.03,0.78,0.13,0.97
,,,,Sports,0.0,0.1,0.77,0.1,0.97
,,,,Sports,0.0,0.6,0.33,0.04,0.97
,,,,Action,0.0,0.37,0.52,0.08,0.97
,,,,Role-Playing,0.97,0.0,0.0,0.0,0.97
,,,,Platform,0.0,0.05,0.9,0.01,0.97
,,,,Action,0.0,0.19,0.75,0.03,0.97
,,,,Action,0.0,0.45,0.36,0.16,0.97
,,,,Role-Playing,0.28,0.31,0.21,0.16,0.97
,,,,Shooter,0.0,0.37,0.54,0.06,0.97
,,,,Simulation,0.0,0.07,0.82,0.07,0.96
,,,,Role-Playing,0.26,0.25,0.38,0.07,0.96
,,,,Misc,0.0,0.36,0.54,0.06,0.96
,,,,Action,0.04,0.28,0.5,0.14,0.96
,,,,Simulation,0.9,0.0,0.0,0.06,0.96
,,,,Misc,0.0,0.17,0.72,0.07,0.96
,,,,Role-Playing,0.96,0.0,0.0,0.0,0.96
,,,,Action,0.0,0.49,0.37,0.1,0.96
,,,,Adventure,0.0,0.44,0.3,0.22,0.96
,,,,Fighting,0.0,0.22,0.72,0.02,0.96
,,,,Shooter,0.57,0.06,0.32,0.01,0.96
,,,,Platform,0.0,0.33,0.54,0.09,0.96
,,,,Shooter,0.2,0.34,0.29,0.13,0.96
,,,,Sports,0.0,0.37,0.47,0.12,0.96
,,,,Role-Playing,0.96,0.0,0.0,0.0,0.96
,,,,Sports,0.0,0.54,0.3,0.11,0.96
,,,,Shooter,0.09,0.33,0.41,0.12,0.96
,,,,Action,0.53,0.0,0.39,0.03,0.96
,,,,Platform,0.22,0.28,0.36,0.09,0.96
,,,,Fighting,0.0,0.15,0.77,0.04,0.96
,,,,Action,0.0,0.56,0.25,0.15,0.96
,,,,Simulation,0.13,0.36,0.4,0.07,0.96
,,,,Fighting,0.15,0.33,0.32,0.15,0.96
,,,,Action,0.0,0.4,0.47,0.08,0.95
,,,,Sports,0.0,0.04,0.88,0.04,0.95
,,,,Misc,0.0,0.36,0.47,0.12,0.95
,,,,Misc,0.0,0.03,0.8,0.13,0.95
,,,,Action,0.0,0.45,0.36,0.14,0.95
,,,,Platform,0.0,0.19,0.74,0.03,0.95
,,,,Role-Playing,0.0,0.3,0.57,0.08,0.95
,,,,Action,0.0,0.22,0.65,0.09,0.95
,,,,Misc,0.0,0.51,0.27,0.17,0.95
,,,,Racing,0.0,0.39,0.46,0.1,0.95
,,,,Role-Playing,0.46,0.17,0.26,0.06,0.95
,,,,Strategy,0.41,0.21,0.27,0.07,0.95
,,,,Misc,0.0,0.25,0.68,0.02,0.95
,,,,Sports,0.0,0.36,0.53,0.06,0.95
,,,,Action,0.0,0.28,0.54,0.13,0.95
,,,,Action,0.0,0.4,0.39,0.16,0.95
,,,,Misc,0.0,0.43,0.41,0.1,0.95
,,,,Shooter,0.05,0.41,0.35,0.15,0.95
,,,,Fighting,0.01,0.31,0.51,0.13,0.95
,,,,Shooter,0.0,0.24,0.62,0.08,0.95
,,,,Sports,0.0,0.17,0.7,0.08,0.95
,,,,Action,0.0,0.38,0.48,0.08,0.95
,,,,Misc,0.18,0.43,0.24,0.09,0.95
,,,,Shooter,0.0,0.03,0.79,0.13,0.94
,,,,Action,0.0,0.5,0.27,0.17,0.94
,,,,Racing,0.01,0.71,0.01,0.21,0.94
,,,,Shooter,0.13,0.27,0.48,0.07,0.94
,,,,Platform,0.0,0.19,0.73,0.03,0.94
,,,,Misc,0.0,0.17,0.69,0.08,0.94
,,,,Misc,0.0,0.36,0.52,0.06,0.94
,,,,Racing,0.0,0.04,0.83,0.07,0.94
,,,,Action,0.0,0.53,0.28,0.13,0.94
,,,,Action,0.0,0.36,0.46,0.12,0.94
,,,,Sports,0.33,0.29,0.26,0.05,0.94
,,,,Action,0.02,0.36,0.48,0.08,0.94
,,,,Action,0.09,0.26,0.51,0.08,0.94
,,,,Shooter,0.0,0.03,0.78,0.13,0.94
,,,,Sports,0.0,0.2,0.7,0.03,0.94
,,,,Role-Playing,0.71,0.07,0.1,0.06,0.94
,,,,Sports,0.0,0.0,0.87,0.07,0.94
,,,,Sports,0.0,0.35,0.52,0.06,0.94
,,,,Action,0.08,0.3,0.48,0.08,0.94
,,,,Action,0.04,0.03,0.75,0.12,0.94
,,,,Action,0.0,0.33,0.57,0.04,0.94
,,,,Role-Playing,0.63,0.06,0.19,0.05,0.94
,,,,Sports,0.0,0.36,0.46,0.12,0.94
,,,,Sports,0.0,0.03,0.78,0.13,0.94
,,,,Sports,0.0,0.36,0.46,0.12,0.93
,,,,Shooter,0.02,0.45,0.36,0.1,0.93
,,,,Sports,0.0,0.09,0.78,0.06,0.93
,,,,Misc,0.0,0.58,0.16,0.2,0.93
,,,,Misc,0.0,0.25,0.67,0.02,0.93
,,,,Sports,0.0,0.3,0.59,0.04,0.93
,,,,Shooter,0.0,0.41,0.42,0.11,0.93
,,,,Sports,0.02,0.52,0.29,0.11,0.93
,,,,Role-Playing,0.36,0.16,0.33,0.08,0.93
,,,,Sports,0.02,0.42,0.35,0.14,0.93
,,,,Racing,0.02,0.32,0.5,0.1,0.93
,,,,Action,0.0,0.44,0.34,0.15,0.93
,,,,Simulation,0.0,0.01,0.85,0.07,0.93
,,,,Racing,0.0,0.25,0.67,0.02,0.93
,,,,Action,0.0,0.05,0.87,0.01,0.93
,,,,Platform,0.32,0.09,0.51,0.01,0.93
,,,,Platform,0.42,0.06,0.45,0.0,0.93
,,,,Platform,0.0,0.2,0.71,0.01,0.93
,,,,Action,0.0,0.25,0.67,0.02,0.93
,,,,Sports,0.0,0.03,0.77,0.13,0.93
,,,,Action,0.0,0.31,0.54,0.08,0.93
,,,,Racing,0.0,0.19,0.72,0.03,0.93
,,,,Shooter,0.0,0.34,0.44,0.15,0.93
,,,,Role-Playing,0.93,0.0,0.0,0.0,0.93
,,,,Fighting,0.16,0.22,0.47,0.07,0.93
,,,,Racing,0.0,0.35,0.52,0.06,0.93
,,,,Action,0.0,0.35,0.45,0.12,0.92
,,,,Simulation,0.0,0.35,0.45,0.12,0.92
,,,,Role-Playing,0.21,0.33,0.3,0.08,0.92
,,,,Action,0.0,0.35,0.51,0.06,0.92
,,,,Sports,0.0,0.0,0.86,0.06,0.92
,,,,Sports,0.0,0.35,0.51,0.06,0.92
,,,,Sports,0.0,0.65,0.17,0.1,0.92
,,,,Sports,0.0,0.28,0.52,0.12,0.92
,,,,Action,0.0,0.21,0.55,0.16,0.92
,,,,Fighting,0.0,0.26,0.58,0.08,0.92
,,,,Action,0.02,0.2,0.63,0.07,0.92
,,,,Misc,0.0,0.0,0.87,0.05,0.92
,,,,Sports,0.0,0.35,0.51,0.06,0.92
,,,,Action,0.0,0.32,0.5,0.09,0.92
,,,,Fighting,0.0,0.27,0.63,0.02,0.92
,,,,Platform,0.43,0.09,0.39,0.01,0.92
,,,,Adventure,0.0,0.83,0.01,0.08,0.92
,,,,Adventure,0.53,0.2,0.16,0.03,0.92
,,,,Shooter,0.01,0.33,0.51,0.08,0.92
,,,,Action,0.0,0.39,0.37,0.15,0.92
,,,,Action,0.46,0.14,0.25,0.06,0.92
,,,,Action,0.12,0.39,0.26,0.14,0.92
,,,,Sports,0.0,0.0,0.86,0.06,0.92
,,,,Racing,0.0,0.18,0.71,0.03,0.92
,,,,Racing,0.0,0.35,0.45,0.12,0.92
,,,,Fighting,0.66,0.08,0.12,0.06,0.92
,,,,Role-Playing,0.11,0.27,0.45,0.09,0.92
,,,,Sports,0.0,0.08,0.67,0.17,0.92
,,,,Shooter,0.05,0.46,0.23,0.17,0.92
,,,,Shooter,0.04,0.4,0.32,0.15,0.91
,,,,Sports,0.0,0.0,0.85,0.07,0.91
,,,,Sports,0.0,0.35,0.45,0.12,0.91
,,,,Action,0.0,0.43,0.32,0.16,0.91
,,,,Action,0.29,0.17,0.41,0.05,0.91
,,,,Strategy,0.01,0.24,0.58,0.09,0.91
,,,,Sports,0.0,0.35,0.45,0.12,0.91
,,,,Racing,0.21,0.27,0.35,0.09,0.91
,,,,Action,0.0,0.3,0.47,0.13,0.91
,,,,Racing,0.02,0.8,0.02,0.07,0.91
,,,,Platform,0.0,0.17,0.72,0.01,0.91
,,,,Racing,0.0,0.26,0.52,0.12,0.91
,,,,Adventure,0.0,0.38,0.46,0.08,0.91
,,,,Misc,0.0,0.11,0.77,0.04,0.91
,,,,Role-Playing,0.0,0.15,0.68,0.08,0.91
,,,,Shooter,0.0,0.26,0.57,0.08,0.91
,,,,Simulation,0.91,0.0,0.0,0.0,0.91
,,,,Misc,0.0,0.26,0.61,0.04,0.91
,,,,Misc,0.0,0.34,0.42,0.14,0.91
,,,,Role-Playing,0.0,0.28,0.55,0.07,0.91
,,,,Action,0.0,0.37,0.38,0.15,0.91
,,,,Sports,0.0,0.35,0.44,0.12,0.9
,,,,Misc,0.77,0.0,0.13,0.01,0.9
,,,,Racing,0.9,0.0,0.0,0.0,0.9
,,,,Sports,0.0,0.35,0.44,0.12,0.9
,,,,Shooter,0.04,0.12,0.66,0.08,0.9
,,,,Racing,0.0,0.03,0.75,0.12,0.9
,,,,Misc,0.0,0.48,0.28,0.14,0.9
,,,,Sports,0.15,0.29,0.38,0.08,0.9
,,,,Racing,0.0,0.34,0.5,0.06,0.9
,,,,Puzzle,0.0,0.49,0.3,0.1,0.9
,,,,Shooter,0.03,0.43,0.26,0.18,0.9
,,,,Action,0.0,0.34,0.5,0.06,0.9
,,,,Sports,0.55,0.13,0.17,0.05,0.9
,,,,Platform,0.01,0.43,0.41,0.05,0.9
,,,,Shooter,0.05,0.36,0.27,0.22,0.9
,,,,Sports,0.0,0.26,0.52,0.12,0.9
,,,,Action,0.0,0.29,0.51,0.09,0.9
,,,,Sports,0.0,0.05,0.84,0.01,0.9
,,,,Platform,0.01,0.03,0.74,0.12,0.9
,,,,Shooter,0.0,0.22,0.65,0.03,0.9
,,,,Misc,0.01,0.37,0.42,0.1,0.9
,,,,Role-Playing,0.0,0.48,0.32,0.09,0.9
,,,,Racing,0.0,0.33,0.42,0.14,0.9
,,,,Sports,0.0,0.52,0.29,0.09,0.9
,,,,Role-Playing,0.0,0.0,0.84,0.06,0.9
,,,,Action,0.01,0.32,0.42,0.15,0.9
,,,,Role-Playing,0.0,0.24,0.62,0.04,0.9
,,,,Sports,0.0,0.05,0.81,0.04,0.9
,,,,Sports,0.0,0.34,0.44,0.11,0.9
,,,,Sports,0.0,0.1,0.73,0.06,0.9
,,,,Platform,0.0,0.24,0.62,0.03,0.89
,,,,Shooter,0.01,0.38,0.35,0.16,0.89
,,,,Shooter,0.0,0.28,0.44,0.18,0.89
,,,,Sports,0.0,0.01,0.82,0.07,0.89
,,,,Sports,0.0,0.03,0.74,0.12,0.89
,,,,Action,0.01,0.42,0.32,0.14,0.89
,,,,Platform,0.05,0.22,0.6,0.02,0.89
,,,,Role-Playing,0.01,0.29,0.51,0.09,0.89
,,,,Sports,0.0,0.03,0.74,0.12,0.89
,,,,Adventure,0.24,0.17,0.46,0.02,0.89
,,,,Platform,0.0,0.19,0.6,0.1,0.89
,,,,Strategy,0.3,0.16,0.42,0.02,0.89
,,,,Strategy,0.89,0.0,0.0,0.0,0.89
,,,,Action,0.0,0.18,0.69,0.02,0.89
,,,,Adventure,0.0,0.43,0.36,0.1,0.89
,,,,Simulation,0.56,0.11,0.16,0.06,0.89
,,,,Racing,0.0,0.63,0.15,0.11,0.89
,,,,Sports,0.0,0.34,0.44,0.11,0.89
,,,,Sports,0.0,0.47,0.28,0.14,0.89
,,,,Fighting,0.46,0.13,0.21,0.08,0.89
,,,,Action,0.04,0.36,0.42,0.07,0.89
,,,,Racing,0.01,0.59,0.18,0.1,0.89
,,,,Racing,0.01,0.0,0.81,0.07,0.89
,,,,Shooter,0.0,0.79,0.01,0.09,0.89
,,,,Sports,0.21,0.24,0.39,0.06,0.89
,,,,Role-Playing,0.01,0.25,0.55,0.07,0.89
,,,,Shooter,0.0,0.21,0.6,0.08,0.89
,,,,Sports,0.0,0.34,0.49,0.06,0.89
,,,,Misc,0.0,0.68,0.0,0.2,0.89
,,,,Role-Playing,0.89,0.0,0.0,0.0,0.89
,,,,Platform,0.09,0.3,0.44,0.06,0.88
,,,,Fighting,0.0,0.36,0.44,0.08,0.88
,,,,Action,0.01,0.41,0.38,0.08,0.88
,,,,Action,0.0,0.79,0.01,0.08,0.88
,,,,Misc,0.0,0.82,0.0,0.06,0.88
,,,,Misc,0.0,0.2,0.62,0.07,0.88
,,,,Action,0.0,0.21,0.6,0.08,0.88
,,,,Misc,0.0,0.1,0.73,0.06,0.88
,,,,Action,0.3,0.22,0.3,0.05,0.88
,,,,Action,0.0,0.34,0.43,0.11,0.88
,,,,Misc,0.0,0.06,0.32,0.5,0.88
,,,,Simulation,0.12,0.22,0.47,0.07,0.88
,,,,Shooter,0.0,0.33,0.49,0.06,0.88
,,,,Action,0.0,0.38,0.42,0.07,0.88
,,,,Strategy,0.12,0.26,0.32,0.17,0.88
,,,,Simulation,0.01,0.28,0.51,0.08,0.88
,,,,Fighting,0.13,0.33,0.28,0.14,0.88
,,,,Sports,0.0,0.33,0.43,0.11,0.88
,,,,Racing,0.01,0.44,0.33,0.09,0.88
,,,,Role-Playing,0.62,0.11,0.08,0.06,0.88
,,,,Simulation,0.0,0.19,0.65,0.03,0.87
,,,,Shooter,0.0,0.33,0.49,0.06,0.87
,,,,Platform,0.0,0.33,0.49,0.06,0.87
,,,,Sports,0.0,0.11,0.7,0.06,0.87
,,,,Racing,0.0,0.4,0.38,0.09,0.87
,,,,Sports,0.87,0.0,0.0,0.0,0.87
,,,,Sports,0.0,0.11,0.71,0.06,0.87
,,,,Shooter,0.01,0.29,0.48,0.09,0.87
,,,,Shooter,0.0,0.24,0.61,0.03,0.87
,,,,Shooter,0.02,0.4,0.29,0.16,0.87
,,,,Racing,0.09,0.29,0.43,0.06,0.87
,,,,Role-Playing,0.0,0.03,0.73,0.12,0.87
,,,,Puzzle,0.0,0.19,0.61,0.07,0.87
,,,,Action,0.0,0.0,0.82,0.06,0.87
,,,,Role-Playing,0.09,0.3,0.37,0.11,0.87
,,,,Sports,0.0,0.33,0.48,0.06,0.87
,,,,Sports,0.01,0.54,0.14,0.18,0.87
,,,,Shooter,0.02,0.31,0.46,0.09,0.87
,,,,Sports,0.0,0.03,0.72,0.12,0.87
,,,,Fighting,0.0,0.29,0.46,0.12,0.87
,,,,Sports,0.0,0.33,0.48,0.06,0.87
,,,,Misc,0.0,0.44,0.2,0.23,0.87
,,,,Shooter,0.0,0.31,0.47,0.09,0.87
,,,,Fighting,0.0,0.03,0.72,0.12,0.87
,,,,Misc,0.0,0.2,0.59,0.08,0.87
,,,,Action,0.0,0.17,0.63,0.07,0.87
,,,,Shooter,0.0,0.37,0.48,0.02,0.87
,,,,Sports,0.0,0.33,0.43,0.11,0.87
,,,,Role-Playing,0.3,0.2,0.3,0.06,0.87
,,,,Puzzle,0.0,0.52,0.12,0.23,0.87
,,,,Action,0.64,0.09,0.11,0.03,0.87
,,,,Misc,0.0,0.32,0.47,0.08,0.87
,,,,Misc,0.0,0.05,0.81,0.01,0.87
,,,,Role-Playing,0.45,0.15,0.2,0.07,0.87
,,,,Misc,0.0,0.59,0.1,0.18,0.87
,,,,Action,0.86,0.0,0.0,0.0,0.86
,,,,Action,0.0,0.63,0.12,0.11,0.86
,,,,Sports,0.12,0.72,0.01,0.01,0.86
,,,,Action,0.01,0.37,0.35,0.14,0.86
,,,,Action,0.0,0.37,0.34,0.15,0.86
,,,,Role-Playing,0.21,0.06,0.54,0.05,0.86
,,,,Action,0.01,0.45,0.25,0.15,0.86
,,,,Fighting,0.0,0.33,0.42,0.11,0.86
,,,,Role-Playing,0.86,0.0,0.0,0.0,0.86
,,,,Racing,0.0,0.33,0.48,0.06,0.86
,,,,Sports,0.0,0.04,0.81,0.01,0.86
,,,,Sports,0.0,0.32,0.48,0.06,0.86
,,,,Fighting,0.18,0.34,0.22,0.12,0.86
,,,,Action,0.0,0.26,0.52,0.08,0.86
,,,,Platform,0.2,0.0,0.61,0.05,0.86
,,,,Sports,0.02,0.43,0.32,0.09,0.86
,,,,Action,0.51,0.13,0.17,0.04,0.86
,,,,Action,0.08,0.16,0.52,0.1,0.86
,,,,Racing,0.0,0.43,0.35,0.07,0.85
,,,,Sports,0.01,0.26,0.46,0.12,0.85
,,,,Sports,0.0,0.65,0.1,0.11,0.85
,,,,Action,0.0,0.32,0.47,0.06,0.85
,,,,Racing,0.0,0.31,0.46,0.08,0.85
,,,,Sports,0.0,0.01,0.78,0.07,0.85
,,,,Sports,0.0,0.0,0.79,0.07,0.85
,,,,Action,0.0,0.32,0.46,0.07,0.85
,,,,Fighting,0.57,0.09,0.14,0.06,0.85
,,,,Sports,0.0,0.18,0.64,0.03,0.85
,,,,Shooter,0.01,0.27,0.44,0.12,0.85
,,,,Simulation,0.0,0.04,0.74,0.06,0.85
,,,,Platform,0.37,0.07,0.4,0.01,0.85
,,,,Action,0.0,0.47,0.28,0.1,0.85
,,,,Action,0.0,0.32,0.47,0.06,0.85
,,,,Racing,0.0,0.06,0.7,0.09,0.85
,,,,Sports,0.0,0.35,0.36,0.14,0.85
,,,,Shooter,0.0,0.25,0.52,0.08,0.85
,,,,Action,0.0,0.0,0.31,0.53,0.85
,,,,Sports,0.0,0.32,0.47,0.06,0.85
,,,,Racing,0.0,0.32,0.42,0.11,0.85
,,,,Action,0.44,0.1,0.26,0.04,0.85
,,,,Fighting,0.2,0.25,0.32,0.08,0.85
,,,,Misc,0.0,0.25,0.52,0.07,0.85
,,,,Shooter,0.02,0.29,0.46,0.07,0.85
,,,,Action,0.03,0.37,0.28,0.16,0.84
,,,,Action,0.0,0.17,0.65,0.02,0.84
,,,,Role-Playing,0.13,0.11,0.56,0.05,0.84
,,,,Sports,0.0,0.34,0.37,0.13,0.84
,,,,Action,0.11,0.21,0.42,0.1,0.84
,,,,Action,0.0,0.0,0.68,0.16,0.84
,,,,Sports,0.01,0.01,0.75,0.07,0.84
,,,,Role-Playing,0.14,0.28,0.36,0.06,0.84
,,,,Simulation,0.0,0.3,0.46,0.09,0.84
,,,,Action,0.0,0.17,0.65,0.02,0.84
,,,,Sports,0.0,0.0,0.79,0.06,0.84
,,,,Action,0.05,0.27,0.4,0.12,0.84
,,,,Racing,0.0,0.32,0.41,0.11,0.84
,,,,Simulation,0.06,0.03,0.69,0.06,0.84
,,,,Role-Playing,0.52,0.0,0.32,0.0,0.84
,,,,Fighting,0.1,0.22,0.42,0.1,0.84
,,,,Sports,0.0,0.32,0.47,0.05,0.84
,,,,Shooter,0.0,0.25,0.52,0.07,0.84
,,,,Racing,0.0,0.32,0.41,0.11,0.84
,,,,Shooter,0.03,0.32,0.36,0.14,0.84
,,,,Role-Playing,0.39,0.16,0.24,0.05,0.84
,,,,Sports,0.0,0.32,0.41,0.11,0.84
,,,,Adventure,0.0,0.22,0.6,0.01,0.84
,,,,Sports,0.04,0.48,0.13,0.19,0.84
,,,,Shooter,0.05,0.33,0.32,0.14,0.84
,,,,Action,0.0,0.0,0.09,0.74,0.84
,,,,Racing,0.01,0.38,0.37,0.08,0.84
,,,,Puzzle,0.0,0.32,0.46,0.05,0.84
,,,,Fighting,0.0,0.31,0.44,0.08,0.83
,,,,Simulation,0.4,0.15,0.22,0.05,0.83
,,,,Action,0.34,0.19,0.24,0.06,0.83
,,,,Strategy,0.0,0.37,0.38,0.09,0.83
,,,,Sports,0.0,0.03,0.77,0.04,0.83
,,,,Action,0.0,0.22,0.6,0.01,0.83
,,,,Shooter,0.01,0.21,0.43,0.19,0.83
,,,,Sports,0.28,0.21,0.27,0.07,0.83
,,,,Shooter,0.01,0.18,0.62,0.03,0.83
,,,,Misc,0.0,0.2,0.57,0.06,0.83
,,,,Misc,0.83,0.0,0.0,0.0,0.83
,,,,Misc,0.0,0.31,0.46,0.05,0.83
,,,,Adventure,0.12,0.26,0.39,0.05,0.83
,,,,Sports,0.0,0.0,0.78,0.05,0.83
,,,,Platform,0.0,0.03,0.69,0.11,0.83
,,,,Misc,0.0,0.0,0.77,0.06,0.83
,,,,Strategy,0.0,0.17,0.58,0.07,0.83
,,,,Sports,0.0,0.32,0.41,0.11,0.83
,,,,Puzzle,0.0,0.0,0.77,0.06,0.83
,,,,Action,0.0,0.37,0.31,0.14,0.83
,,,,Fighting,0.11,0.2,0.42,0.09,0.83
,,,,Platform,0.0,0.31,0.46,0.05,0.83
,,,,Adventure,0.0,0.31,0.46,0.05,0.83
,,,,Sports,0.09,0.34,0.33,0.07,0.82
,,,,Shooter,0.0,0.22,0.58,0.03,0.82
,,,,Sports,0.0,0.02,0.72,0.09,0.82
,,,,Sports,0.0,0.21,0.46,0.15,0.82
,,,,Sports,0.0,0.17,0.64,0.02,0.82
,,,,Role-Playing,0.0,0.03,0.69,0.11,0.82
,,,,Action,0.0,0.3,0.44,0.08,0.82
,,,,Misc,0.0,0.12,0.64,0.06,0.82
,,,,Fighting,0.08,0.26,0.35,0.13,0.82
,,,,Racing,0.0,0.11,0.68,0.03,0.82
,,,,Puzzle,0.28,0.1,0.42,0.02,0.82
,,,,Fighting,0.0,0.19,0.61,0.01,0.82
,,,,Sports,0.0,0.11,0.69,0.02,0.82
,,,,Action,0.0,0.05,0.76,0.01,0.82
,,,,Adventure,0.0,0.41,0.19,0.22,0.82
,,,,Action,0.19,0.28,0.24,0.12,0.82
,,,,Role-Playing,0.14,0.19,0.42,0.06,0.82
,,,,Platform,0.0,0.31,0.4,0.1,0.82
,,,,Misc,0.0,0.35,0.33,0.14,0.82
,,,,Misc,0.0,0.28,0.47,0.07,0.82
,,,,Sports,0.0,0.11,0.56,0.15,0.82
,,,,Shooter,0.01,0.33,0.4,0.09,0.82
,,,,Simulation,0.0,0.33,0.4,0.09,0.82
,,,,Role-Playing,0.36,0.04,0.34,0.08,0.82
,,,,Misc,0.0,0.4,0.29,0.13,0.82
,,,,Sports,0.0,0.26,0.48,0.08,0.82
,,,,Sports,0.0,0.13,0.62,0.07,0.82
,,,,Action,0.0,0.07,0.67,0.07,0.82
,,,,Role-Playing,0.81,0.0,0.0,0.0,0.81
,,,,Action,0.0,0.03,0.73,0.06,0.81
,,,,Fighting,0.0,0.31,0.4,0.1,0.81
,,,,Adventure,0.81,0.0,0.0,0.0,0.81
,,,,Misc,0.07,0.25,0.33,0.17,0.81
,,,,Role-Playing,0.66,0.04,0.06,0.05,0.81
,,,,Puzzle,0.81,0.0,0.0,0.0,0.81
,,,,Racing,0.0,0.31,0.45,0.05,0.81
,,,,Sports,0.0,0.0,0.77,0.05,0.81
,,,,Action,0.0,0.16,0.63,0.02,0.81
,,,,Sports,0.76,0.0,0.0,0.05,0.81
,,,,Misc,0.0,0.35,0.32,0.13,0.81
,,,,Role-Playing,0.63,0.05,0.07,0.05,0.81
,,,,Role-Playing,0.81,0.0,0.0,0.0,0.81
,,,,Sports,0.03,0.58,0.12,0.08,0.81
,,,,Action,0.0,0.12,0.68,0.01,0.81
,,,,Platform,0.27,0.08,0.45,0.01,0.81
,,,,Shooter,0.0,0.31,0.4,0.1,0.81
,,,,Action,0.0,0.35,0.33,0.13,0.81
,,,,Role-Playing,0.81,0.0,0.0,0.0,0.81
,,,,Racing,0.0,0.4,0.32,0.09,0.81
,,,,Puzzle,0.3,0.26,0.2,0.04,0.81
,,,,Puzzle,0.0,0.31,0.45,0.05,0.81
,,,,Action,0.01,0.3,0.43,0.07,0.81
,,,,Sports,0.0,0.0,0.75,0.06,0.81
,,,,Action,0.0,0.21,0.52,0.07,0.81
,,,,Sports,0.75,0.0,0.0,0.05,0.81
,,,,Role-Playing,0.09,0.27,0.35,0.09,0.81
,,,,Simulation,0.0,0.03,0.67,0.11,0.81
,,,,Misc,0.0,0.21,0.52,0.07,0.81
,,,,Sports,0.0,0.0,0.75,0.06,0.8
,,,,Action,0.02,0.25,0.46,0.07,0.8
,,,,Fighting,0.0,0.33,0.4,0.07,0.8
,,,,Misc,0.0,0.3,0.45,0.05,0.8
,,,,Action,0.74,0.02,0.03,0.01,0.8
,,,,Simulation,0.0,0.16,0.62,0.02,0.8
,,,,Misc,0.0,0.5,0.19,0.11,0.8
,,,,Racing,0.0,0.3,0.45,0.05,0.8
,,,,Shooter,0.0,0.31,0.39,0.1,0.8
,,,,Simulation,0.0,0.39,0.19,0.22,0.8
,,,,Role-Playing,0.0,0.3,0.45,0.05,0.8
,,,,Shooter,0.0,0.37,0.36,0.07,0.8
,,,,Sports,0.2,0.33,0.09,0.18,0.8
,,,,Action,0.0,0.25,0.48,0.07,0.8
,,,,Racing,0.0,0.35,0.37,0.07,0.8
,,,,Shooter,0.0,0.35,0.33,0.13,0.8
,,,,Sports,0.03,0.19,0.44,0.13,0.8
,,,,Sports,0.0,0.29,0.43,0.08,0.8
,,,,Simulation,0.0,0.46,0.08,0.25,0.8
,,,,Action,0.0,0.28,0.48,0.04,0.8
,,,,Role-Playing,0.07,0.24,0.42,0.06,0.8
,,,,Action,0.0,0.28,0.45,0.07,0.8
,,,,Action,0.22,0.32,0.14,0.12,0.8
,,,,Misc,0.0,0.01,0.73,0.06,0.8
,,,,Strategy,0.75,0.0,0.0,0.05,0.8
,,,,Sports,0.26,0.33,0.04,0.17,0.8
,,,,Racing,0.0,0.09,0.68,0.02,0.8
,,,,Action,0.0,0.19,0.54,0.06,0.8
,,,,Misc,0.0,0.22,0.51,0.07,0.8
,,,,Sports,0.13,0.22,0.39,0.06,0.8
,,,,Role-Playing,0.8,0.0,0.0,0.0,0.8
,,,,Sports,0.8,0.0,0.0,0.0,0.8
,,,,Shooter,0.04,0.36,0.26,0.14,0.8
,,,,Action,0.01,0.24,0.47,0.08,0.79
,,,,Sports,0.29,0.3,0.05,0.16,0.79
,,,,Action,0.0,0.04,0.74,0.01,0.79
,,,,Fighting,0.0,0.02,0.66,0.11,0.79
,,,,Adventure,0.03,0.25,0.4,0.11,0.79
,,,,Platform,0.0,0.34,0.38,0.08,0.79
,,,,Misc,0.0,0.0,0.61,0.18,0.79
,,,,Racing,0.74,0.0,0.0,0.05,0.79
,,,,Role-Playing,0.3,0.03,0.42,0.04,0.79
,,,,Role-Playing,0.0,0.16,0.61,0.02,0.79
,,,,Simulation,0.74,0.0,0.0,0.05,0.79
,,,,Strategy,0.0,0.51,0.17,0.11,0.79
,,,,Racing,0.0,0.3,0.44,0.05,0.79
,,,,Sports,0.0,0.25,0.42,0.12,0.79
,,,,Action,0.0,0.11,0.62,0.07,0.79
,,,,Fighting,0.0,0.15,0.63,0.01,0.79
,,,,Platform,0.32,0.07,0.39,0.01,0.79
,,,,Role-Playing,0.21,0.2,0.32,0.06,0.79
,,,,Simulation,0.02,0.03,0.64,0.1,0.79
,,,,Simulation,0.23,0.22,0.28,0.07,0.79
,,,,Role-Playing,0.79,0.0,0.0,0.0,0.79
,,,,Shooter,0.08,0.21,0.42,0.07,0.79
,,,,Action,0.01,0.27,0.44,0.07,0.79
,,,,Action,0.0,0.02,0.71,0.06,0.79
,,,,Sports,0.0,0.03,0.75,0.01,0.79
,,,,Sports,0.0,0.52,0.16,0.11,0.79
,,,,Role-Playing,0.03,0.3,0.38,0.08,0.79
,,,,Strategy,0.01,0.19,0.49,0.1,0.79
,,,,Sports,0.0,0.03,0.65,0.11,0.79
,,,,Sports,0.0,0.49,0.24,0.05,0.79
,,,,Sports,0.17,0.32,0.22,0.07,0.79
,,,,Fighting,0.01,0.27,0.43,0.07,0.79
,,,,Action,0.27,0.2,0.27,0.05,0.79
,,,,Puzzle,0.25,0.48,0.0,0.06,0.78
,,,,Action,0.01,0.05,0.67,0.06,0.78
,,,,Shooter,0.0,0.04,0.73,0.01,0.78
,,,,Misc,0.0,0.56,0.12,0.1,0.78
,,,,Platform,0.0,0.21,0.56,0.01,0.78
,,,,Shooter,0.11,0.04,0.58,0.06,0.78
,,,,Adventure,0.0,0.77,0.01,0.0,0.78
,,,,Shooter,0.0,0.3,0.43,0.05,0.78
,,,,Misc,0.0,0.0,0.17,0.61,0.78
,,,,Puzzle,0.0,0.3,0.41,0.07,0.78
,,,,Adventure,0.0,0.0,0.72,0.06,0.78
,,,,Misc,0.0,0.69,0.0,0.09,0.78
,,,,Fighting,0.0,0.3,0.43,0.05,0.78
,,,,Action,0.0,0.0,0.72,0.06,0.78
,,,,Strategy,0.0,0.29,0.43,0.05,0.78
,,,,Puzzle,0.12,0.3,0.29,0.07,0.78
,,,,Sports,0.13,0.42,0.13,0.1,0.78
,,,,Strategy,0.0,0.43,0.11,0.24,0.78
,,,,Shooter,0.0,0.24,0.38,0.16,0.78
,,,,Sports,0.0,0.19,0.53,0.06,0.78
,,,,Action,0.03,0.15,0.55,0.06,0.78
,,,,Sports,0.0,0.02,0.65,0.11,0.78
,,,,Racing,0.01,0.33,0.24,0.2,0.78
,,,,Action,0.0,0.29,0.41,0.07,0.78
,,,,Role-Playing,0.78,0.0,0.0,0.0,0.78
,,,,Puzzle,0.0,0.05,0.72,0.01,0.78
,,,,Shooter,0.0,0.16,0.6,0.02,0.78
,,,,Platform,0.0,0.36,0.32,0.09,0.78
,,,,Sports,0.0,0.29,0.43,0.05,0.78
,,,,Action,0.0,0.35,0.34,0.08,0.78
,,,,Action,0.0,0.4,0.28,0.09,0.77
,,,,Misc,0.0,0.23,0.47,0.07,0.77
,,,,Shooter,0.03,0.02,0.66,0.06,0.77
,,,,Shooter,0.0,0.05,0.72,0.01,0.77
,,,,Racing,0.0,0.29,0.43,0.05,0.77
,,,,Misc,0.0,0.29,0.43,0.05,0.77
,,,,Sports,0.0,0.05,0.67,0.05,0.77
,,,,Action,0.0,0.04,0.72,0.01,0.77
,,,,Racing,0.03,0.32,0.23,0.19,0.77
,,,,Shooter,0.0,0.31,0.33,0.12,0.77
,,,,Role-Playing,0.32,0.14,0.22,0.1,0.77
,,,,Fighting,0.0,0.02,0.64,0.1,0.77
,,,,Fighting,0.0,0.04,0.72,0.01,0.77
,,,,Racing,0.0,0.29,0.43,0.05,0.77
,,,,Fighting,0.11,0.19,0.37,0.1,0.77
,,,,Action,0.0,0.04,0.72,0.01,0.77
,,,,Platform,0.0,0.22,0.53,0.02,0.77
,,,,Role-Playing,0.77,0.0,0.0,0.0,0.77
,,,,Action,0.0,0.2,0.55,0.01,0.77
,,,,Simulation,0.0,0.1,0.61,0.06,0.77
,,,,Action,0.0,0.27,0.43,0.06,0.77
,,,,Action,0.0,0.0,0.71,0.06,0.77
,,,,Shooter,0.0,0.29,0.38,0.1,0.77
,,,,Platform,0.0,0.29,0.38,0.1,0.77
,,,,Racing,0.38,0.14,0.21,0.04,0.77
,,,,Platform,0.14,0.17,0.45,0.01,0.77
,,,,Sports,0.0,0.29,0.38,0.1,0.77
,,,,Role-Playing,0.56,0.08,0.1,0.03,0.77
,,,,Sports,0.0,0.29,0.37,0.1,0.76
,,,,Platform,0.0,0.04,0.37,0.36,0.76
,,,,Racing,0.42,0.12,0.18,0.05,0.76
,,,,Shooter,0.01,0.4,0.22,0.14,0.76
,,,,Adventure,0.0,0.47,0.22,0.08,0.76
,,,,Simulation,0.03,0.37,0.3,0.07,0.76
,,,,Racing,0.0,0.38,0.36,0.03,0.76
,,,,Action,0.0,0.02,0.64,0.1,0.76
,,,,Fighting,0.0,0.29,0.37,0.1,0.76
,,,,Fighting,0.43,0.11,0.17,0.05,0.76
,,,,Fighting,0.0,0.18,0.47,0.12,0.76
,,,,Sports,0.71,0.0,0.0,0.05,0.76
,,,,Shooter,0.08,0.24,0.38,0.06,0.76
,,,,Fighting,0.07,0.24,0.35,0.1,0.76
,,,,Shooter,0.0,0.32,0.33,0.11,0.76
,,,,Misc,0.0,0.01,0.7,0.06,0.76
,,,,Sports,0.11,0.43,0.09,0.13,0.76
,,,,Puzzle,0.0,0.39,0.29,0.08,0.76
,,,,Action,0.0,0.26,0.38,0.12,0.76
,,,,Role-Playing,0.76,0.0,0.0,0.0,0.76
,,,,Sports,0.0,0.16,0.59,0.01,0.76
,,,,Misc,0.76,0.0,0.0,0.0,0.76
,,,,Role-Playing,0.62,0.03,0.09,0.02,0.76
,,,,Shooter,0.0,0.29,0.37,0.1,0.76
,,,,Sports,0.0,0.29,0.11,0.36,0.76
,,,,Sports,0.0,0.04,0.67,0.05,0.76
,,,,Shooter,0.01,0.31,0.36,0.08,0.76
,,,,Action,0.0,0.48,0.14,0.14,0.76
,,,,Fighting,0.0,0.12,0.61,0.03,0.76
,,,,Adventure,0.3,0.15,0.27,0.04,0.76
,,,,Adventure,0.0,0.2,0.54,0.01,0.76
,,,,Sports,0.0,0.46,0.24,0.06,0.76
,,,,Fighting,0.13,0.24,0.31,0.08,0.76
,,,,Racing,0.01,0.38,0.16,0.21,0.76
,,,,Shooter,0.01,0.32,0.29,0.13,0.76
,,,,Role-Playing,0.01,0.2,0.48,0.06,0.76
,,,,Action,0.07,0.02,0.57,0.09,0.76
,,,,Fighting,0.0,0.29,0.37,0.1,0.76
,,,,Sports,0.0,0.39,0.28,0.09,0.76
,,,,Misc,0.0,0.44,0.24,0.08,0.76
,,,,Action,0.06,0.38,0.18,0.14,0.76
,,,,Simulation,0.02,0.09,0.6,0.05,0.76
,,,,Role-Playing,0.76,0.0,0.0,0.0,0.76
,,,,Strategy,0.0,0.53,0.12,0.11,0.76
,,,,Misc,0.01,0.21,0.47,0.07,0.75
,,,,Role-Playing,0.0,0.03,0.67,0.06,0.75
,,,,Platform,0.0,0.0,0.21,0.54,0.75
,,,,Fighting,0.0,0.21,0.41,0.14,0.75
,,,,Misc,0.0,0.24,0.41,0.11,0.75
,,,,Platform,0.2,0.21,0.3,0.05,0.75
,,,,Adventure,0.0,0.39,0.17,0.19,0.75
,,,,Misc,0.0,0.19,0.47,0.09,0.75
,,,,Action,0.01,0.22,0.41,0.11,0.75
,,,,Fighting,0.0,0.17,0.51,0.07,0.75
,,,,Action,0.01,0.21,0.46,0.07,0.75
,,,,Action,0.0,0.28,0.36,0.11,0.75
,,,,Action,0.0,0.29,0.37,0.1,0.75
,,,,Racing,0.0,0.11,0.63,0.01,0.75
,,,,Action,0.0,0.26,0.43,0.06,0.75
,,,,Shooter,0.13,0.24,0.3,0.08,0.75
,,,,Shooter,0.02,0.28,0.33,0.12,0.75
,,,,Fighting,0.23,0.19,0.28,0.05,0.75
,,,,Sports,0.0,0.0,0.69,0.06,0.75
,,,,Shooter,0.0,0.29,0.28,0.18,0.75
,,,,Sports,0.0,0.24,0.48,0.03,0.75
,,,,Role-Playing,0.19,0.18,0.32,0.05,0.75
,,,,Action,0.0,0.32,0.31,0.13,0.75
,,,,Action,0.0,0.26,0.42,0.07,0.75
,,,,Racing,0.01,0.31,0.31,0.12,0.75
,,,,Fighting,0.3,0.17,0.22,0.06,0.75
,,,,Sports,0.0,0.02,0.62,0.1,0.75
,,,,Misc,0.0,0.28,0.4,0.07,0.75
,,,,Shooter,0.01,0.22,0.46,0.06,0.75
,,,,Platform,0.01,0.43,0.2,0.11,0.75
,,,,Role-Playing,0.0,0.16,0.49,0.09,0.75
,,,,Sports,0.0,0.37,0.29,0.08,0.75
,,,,Adventure,0.0,0.14,0.55,0.05,0.75
,,,,Action,0.22,0.16,0.3,0.07,0.74
,,,,Fighting,0.74,0.0,0.0,0.0,0.74
,,,,Misc,0.0,0.28,0.36,0.1,0.74
,,,,Role-Playing,0.24,0.22,0.2,0.09,0.74
,,,,Racing,0.0,0.28,0.36,0.1,0.74
,,,,Shooter,0.0,0.19,0.42,0.14,0.74
,,,,Role-Playing,0.02,0.3,0.36,0.06,0.74
,,,,Action,0.0,0.27,0.41,0.06,0.74
,,,,Fighting,0.0,0.01,0.67,0.06,0.74
,,,,Role-Playing,0.25,0.3,0.16,0.04,0.74
,,,,Misc,0.15,0.16,0.42,0.01,0.74
,,,,Shooter,0.01,0.32,0.29,0.12,0.74
,,,,Action,0.02,0.35,0.31,0.06,0.74
,,,,Racing,0.02,0.37,0.22,0.13,0.74
,,,,Sports,0.0,0.0,0.7,0.05,0.74
,,,,Misc,0.0,0.0,0.68,0.05,0.74
,,,,Racing,0.0,0.1,0.61,0.03,0.74
,,,,Action,0.0,0.45,0.16,0.13,0.74
,,,,Action,0.0,0.2,0.53,0.01,0.74
,,,,Sports,0.0,0.28,0.36,0.09,0.74
,,,,Action,0.0,0.3,0.36,0.08,0.74
,,,,Racing,0.0,0.28,0.41,0.05,0.74
,,,,Fighting,0.14,0.25,0.27,0.08,0.74
,,,,Shooter,0.0,0.12,0.59,0.03,0.74
,,,,Puzzle,0.5,0.06,0.16,0.02,0.74
,,,,Action,0.0,0.41,0.17,0.15,0.74
,,,,Sports,0.0,0.38,0.22,0.14,0.74
,,,,Fighting,0.24,0.12,0.3,0.07,0.74
,,,,Role-Playing,0.3,0.11,0.31,0.02,0.74
,,,,Simulation,0.25,0.01,0.44,0.04,0.74
,,,,Role-Playing,0.22,0.16,0.28,0.08,0.73
,,,,Simulation,0.0,0.05,0.63,0.06,0.73
,,,,Sports,0.46,0.09,0.14,0.05,0.73
,,,,Fighting,0.73,0.0,0.0,0.0,0.73
,,,,Platform,0.17,0.15,0.4,0.01,0.73
,,,,Shooter,0.0,0.41,0.23,0.09,0.73
,,,,Puzzle,0.73,0.0,0.0,0.0,0.73
,,,,Fighting,0.0,0.17,0.55,0.01,0.73
,,,,Racing,0.01,0.51,0.11,0.09,0.73
,,,,Sports,0.0,0.04,0.63,0.06,0.73
,,,,Platform,0.32,0.0,0.37,0.04,0.73
,,,,Platform,0.0,0.28,0.41,0.05,0.73
,,,,Misc,0.73,0.0,0.0,0.0,0.73
,,,,Platform,0.0,0.16,0.54,0.03,0.73
,,,,Shooter,0.0,0.04,0.68,0.01,0.73
,,,,Sports,0.0,0.07,0.61,0.05,0.73
,,,,Role-Playing,0.0,0.34,0.32,0.07,0.73
,,,,Adventure,0.0,0.01,0.67,0.05,0.73
,,,,Racing,0.01,0.41,0.23,0.08,0.73
,,,,Sports,0.0,0.0,0.67,0.06,0.73
,,,,Misc,0.73,0.0,0.0,0.0,0.73
,,,,Strategy,0.0,0.16,0.54,0.03,0.73
,,,,Puzzle,0.17,0.02,0.47,0.08,0.73
,,,,Action,0.0,0.19,0.52,0.01,0.73
,,,,Action,0.02,0.14,0.47,0.09,0.73
,,,,Action,0.0,0.32,0.33,0.08,0.73
,,,,Sports,0.0,0.28,0.36,0.09,0.73
,,,,Racing,0.0,0.15,0.52,0.06,0.73
,,,,Simulation,0.0,0.31,0.34,0.08,0.73
,,,,Sports,0.0,0.28,0.38,0.06,0.72
,,,,Simulation,0.53,0.02,0.16,0.01,0.72
,,,,Shooter,0.0,0.15,0.56,0.02,0.72
,,,,Strategy,0.0,0.36,0.26,0.1,0.72
,,,,Platform,0.0,0.3,0.35,0.07,0.72
,,,,Action,0.0,0.19,0.52,0.01,0.72
,,,,Action,0.0,0.02,0.6,0.1,0.72
,,,,Action,0.0,0.46,0.19,0.08,0.72
,,,,Action,0.72,0.0,0.0,0.0,0.72
,,,,Role-Playing,0.08,0.22,0.32,0.1,0.72
,,,,Strategy,0.67,0.0,0.0,0.05,0.72
,,,,Shooter,0.0,0.27,0.4,0.05,0.72
,,,,Sports,0.01,0.02,0.59,0.1,0.72
,,,,Shooter,0.0,0.17,0.53,0.03,0.72
,,,,Sports,0.0,0.02,0.6,0.1,0.72
,,,,Racing,0.0,0.27,0.4,0.05,0.72
,,,,Action,0.7,0.0,0.0,0.02,0.72
,,,,Action,0.0,0.3,0.35,0.07,0.72
,,,,Sports,0.0,0.0,0.67,0.05,0.72
,,,,Fighting,0.0,0.27,0.4,0.05,0.72
,,,,Action,0.0,0.31,0.35,0.06,0.72
,,,,Misc,0.0,0.28,0.35,0.09,0.72
,,,,Platform,0.0,0.04,0.67,0.01,0.72
,,,,Shooter,0.02,0.38,0.18,0.13,0.72
,,,,Action,0.0,0.31,0.23,0.18,0.72
,,,,Sports,0.0,0.04,0.62,0.06,0.72
,,,,Puzzle,0.0,0.19,0.51,0.01,0.72
,,,,Racing,0.0,0.39,0.25,0.08,0.72
,,,,Sports,0.0,0.0,0.66,0.05,0.72
,,,,Role-Playing,0.22,0.19,0.26,0.04,0.72
,,,,Simulation,0.61,0.04,0.05,0.01,0.72
,,,,Adventure,0.2,0.15,0.3,0.07,0.72
,,,,Action,0.0,0.27,0.4,0.05,0.72
,,,,Sports,0.0,0.5,0.13,0.09,0.72
,,,,Shooter,0.0,0.69,0.0,0.03,0.72
,,,,Shooter,0.0,0.53,0.19,0.0,0.71
,,,,Action,0.0,0.24,0.45,0.03,0.71
,,,,Sports,0.0,0.02,0.67,0.03,0.71
,,,,Role-Playing,0.5,0.01,0.18,0.02,0.71
,,,,Sports,0.0,0.0,0.66,0.05,0.71
,,,,Simulation,0.0,0.23,0.42,0.06,0.71
,,,,Action,0.37,0.13,0.16,0.06,0.71
,,,,Fighting,0.0,0.27,0.35,0.09,0.71
,,,,Sports,0.0,0.4,0.17,0.14,0.71
,,,,Action,0.29,0.15,0.23,0.05,0.71
,,,,Action,0.41,0.08,0.18,0.04,0.71
,,,,Racing,0.0,0.27,0.35,0.09,0.71
,,,,Role-Playing,0.27,0.07,0.33,0.04,0.71
,,,,Sports,0.0,0.04,0.6,0.07,0.71
,,,,Fighting,0.0,0.14,0.55,0.02,0.71
,,,,Racing,0.0,0.27,0.4,0.05,0.71
,,,,Adventure,0.0,0.2,0.49,0.02,0.71
,,,,Action,0.0,0.27,0.35,0.09,0.71
,,,,Sports,0.0,0.0,0.65,0.06,0.71
,,,,Role-Playing,0.06,0.25,0.29,0.11,0.71
,,,,Strategy,0.07,0.13,0.49,0.02,0.71
,,,,Misc,0.0,0.22,0.42,0.07,0.71
,,,,Sports,0.0,0.0,0.66,0.05,0.71
,,,,Platform,0.0,0.14,0.55,0.02,0.71
,,,,Action,0.0,0.19,0.51,0.01,0.71
,,,,Action,0.0,0.27,0.35,0.09,0.71
,,,,Misc,0.71,0.0,0.0,0.0,0.71
,,,,Racing,0.0,0.18,0.51,0.01,0.71
,,,,Fighting,0.0,0.13,0.57,0.01,0.71
,,,,Action,0.17,0.09,0.39,0.06,0.71
,,,,Action,0.0,0.37,0.14,0.19,0.71
,,,,Role-Playing,0.71,0.0,0.0,0.0,0.71
,,,,Puzzle,0.44,0.05,0.2,0.02,0.71
,,,,Sports,0.0,0.6,0.0,0.1,0.71
,,,,Fighting,0.41,0.1,0.15,0.05,0.71
,,,,Fighting,0.0,0.31,0.22,0.17,0.71
,,,,Misc,0.0,0.27,0.39,0.05,0.71
,,,,Shooter,0.0,0.27,0.39,0.05,0.71
,,,,Action,0.01,0.26,0.37,0.06,0.71
,,,,Role-Playing,0.0,0.23,0.41,0.07,0.71
,,,,Shooter,0.0,0.15,0.53,0.03,0.71
,,,,Sports,0.0,0.0,0.65,0.05,0.71
,,,,Sports,0.0,0.14,0.5,0.07,0.71
,,,,Shooter,0.0,0.29,0.3,0.11,0.71
,,,,Action,0.0,0.21,0.35,0.14,0.71
,,,,Sports,0.01,0.39,0.15,0.16,0.71
,,,,Sports,0.0,0.5,0.06,0.15,0.7
,,,,Sports,0.0,0.1,0.55,0.05,0.7
,,,,Sports,0.0,0.14,0.54,0.02,0.7
,,,,Role-Playing,0.12,0.18,0.34,0.06,0.7
,,,,Puzzle,0.7,0.0,0.0,0.0,0.7
,,,,Strategy,0.0,0.27,0.39,0.05,0.7
,,,,Simulation,0.0,0.31,0.32,0.07,0.7
,,,,Action,0.0,0.16,0.52,0.02,0.7
,,,,Sports,0.0,0.0,0.65,0.05,0.7
,,,,Shooter,0.0,0.27,0.34,0.09,0.7
,,,,Simulation,0.0,0.1,0.54,0.06,0.7
,,,,Sports,0.0,0.14,0.54,0.02,0.7
,,,,Action,0.0,0.19,0.5,0.01,0.7
,,,,Racing,0.0,0.27,0.34,0.09,0.7
,,,,Sports,0.0,0.27,0.39,0.05,0.7
,,,,Role-Playing,0.0,0.19,0.48,0.03,0.7
,,,,Shooter,0.0,0.3,0.28,0.12,0.7
,,,,Simulation,0.0,0.25,0.39,0.06,0.7
,,,,Action,0.0,0.25,0.39,0.06,0.7
,,,,Action,0.01,0.36,0.19,0.13,0.7
,,,,Role-Playing,0.58,0.03,0.04,0.05,0.7
,,,,Strategy,0.0,0.19,0.5,0.01,0.7
,,,,Adventure,0.0,0.25,0.38,0.07,0.7
,,,,Simulation,0.0,0.2,0.43,0.06,0.7
,,,,Platform,0.12,0.01,0.52,0.05,0.7
,,,,Racing,0.0,0.27,0.34,0.09,0.7
,,,,Simulation,0.0,0.26,0.34,0.1,0.7
,,,,Action,0.0,0.4,0.13,0.16,0.7
,,,,Sports,0.0,0.26,0.39,0.05,0.7
,,,,Action,0.0,0.27,0.34,0.09,0.7
,,,,Simulation,0.36,0.13,0.16,0.04,0.7
,,,,Action,0.22,0.18,0.21,0.08,0.7
,,,,Shooter,0.0,0.27,0.34,0.09,0.7
,,,,Sports,0.0,0.26,0.38,0.06,0.7
,,,,Sports,0.0,0.0,0.64,0.05,0.7
,,,,Adventure,0.17,0.14,0.37,0.01,0.7
,,,,Role-Playing,0.7,0.0,0.0,0.0,0.7
,,,,Platform,0.0,0.18,0.5,0.01,0.7
,,,,Action,0.0,0.04,0.65,0.01,0.69
,,,,Sports,0.0,0.26,0.38,0.06,0.69
,,,,Action,0.05,0.31,0.28,0.05,0.69
,,,,Action,0.0,0.21,0.42,0.06,0.69
,,,,Action,0.26,0.01,0.26,0.17,0.69
,,,,Action,0.0,0.17,0.47,0.05,0.69
,,,,Action,0.0,0.1,0.54,0.06,0.69
,,,,Racing,0.0,0.32,0.3,0.07,0.69
,,,,Racing,0.0,0.26,0.39,0.05,0.69
,,,,Shooter,0.0,0.13,0.54,0.02,0.69
,,,,Adventure,0.0,0.33,0.25,0.11,0.69
,,,,Action,0.0,0.02,0.58,0.09,0.69
,,,,Racing,0.0,0.0,0.64,0.05,0.69
,,,,Action,0.0,0.33,0.24,0.12,0.69
,,,,Misc,0.0,0.18,0.5,0.01,0.69
,,,,Platform,0.69,0.0,0.0,0.0,0.69
,,,,Sports,0.69,0.0,0.0,0.0,0.69
,,,,Fighting,0.0,0.14,0.53,0.02,0.69
,,,,Sports,0.0,0.26,0.38,0.05,0.69
,,,,Platform,0.01,0.09,0.52,0.07,0.69
,,,,Action,0.42,0.2,0.0,0.07,0.69
,,,,Action,0.0,0.38,0.22,0.1,0.69
,,,,Action,0.0,0.14,0.53,0.02,0.69
,,,,Racing,0.0,0.36,0.2,0.13,0.69
,,,,Action,0.0,0.14,0.53,0.02,0.69
,,,,Misc,0.02,0.61,0.01,0.04,0.69
,,,,Racing,0.0,0.08,0.55,0.06,0.69
,,,,Role-Playing,0.18,0.2,0.25,0.06,0.69
,,,,Platform,0.0,0.35,0.28,0.06,0.69
,,,,Simulation,0.0,0.32,0.27,0.1,0.69
,,,,Role-Playing,0.0,0.26,0.34,0.09,0.68
,,,,Action,0.0,0.18,0.49,0.01,0.68
,,,,Shooter,0.0,0.23,0.39,0.06,0.68
,,,,Action,0.33,0.0,0.34,0.02,0.68
,,,,Action,0.0,0.03,0.6,0.05,0.68
,,,,Action,0.0,0.26,0.38,0.04,0.68
,,,,Role-Playing,0.18,0.13,0.32,0.04,0.68
,,,,Sports,0.0,0.04,0.62,0.02,0.68
,,,,Action,0.0,0.25,0.32,0.11,0.68
,,,,Action,0.0,0.36,0.21,0.11,0.68
,,,,Platform,0.02,0.29,0.26,0.12,0.68
,,,,Sports,0.0,0.02,0.63,0.03,0.68
,,,,Fighting,0.0,0.26,0.38,0.04,0.68
,,,,Platform,0.03,0.33,0.26,0.06,0.68
,,,,Fighting,0.0,0.14,0.53,0.02,0.68
,,,,Action,0.0,0.02,0.57,0.09,0.68
,,,,Sports,0.28,0.11,0.21,0.08,0.68
,,,,Action,0.04,0.3,0.22,0.12,0.68
,,,,Role-Playing,0.34,0.0,0.32,0.02,0.68
,,,,Action,0.0,0.11,0.54,0.03,0.68
,,,,Shooter,0.0,0.33,0.22,0.13,0.68
,,,,Shooter,0.0,0.23,0.39,0.06,0.68
,,,,Fighting,0.22,0.17,0.25,0.04,0.68
,,,,Role-Playing,0.38,0.1,0.15,0.04,0.68
,,,,Racing,0.0,0.33,0.3,0.06,0.68
,,,,Racing,0.0,0.01,0.63,0.05,0.68
,,,,Sports,0.0,0.38,0.29,0.01,0.68
,,,,Adventure,0.0,0.43,0.19,0.05,0.68
,,,,Shooter,0.04,0.04,0.55,0.05,0.68
,,,,Fighting,0.0,0.15,0.51,0.02,0.68
,,,,Racing,0.11,0.22,0.28,0.07,0.68
,,,,Role-Playing,0.0,0.59,0.0,0.09,0.68
,,,,Role-Playing,0.2,0.18,0.23,0.06,0.68
,,,,Misc,0.0,0.04,0.59,0.04,0.68
,,,,Action,0.01,0.22,0.35,0.1,0.68
,,,,Misc,0.0,0.26,0.33,0.09,0.68
,,,,Misc,0.0,0.52,0.13,0.02,0.67
,,,,Shooter,0.0,0.24,0.33,0.11,0.67
,,,,Role-Playing,0.42,0.01,0.22,0.02,0.67
,,,,Shooter,0.0,0.16,0.49,0.02,0.67
,,,,Racing,0.0,0.17,0.45,0.05,0.67
,,,,Action,0.11,0.21,0.26,0.09,0.67
,,,,Shooter,0.0,0.34,0.2,0.13,0.67
,,,,Sports,0.0,0.25,0.37,0.04,0.67
,,,,Adventure,0.0,0.22,0.4,0.06,0.67
,,,,Shooter,0.0,0.25,0.37,0.04,0.67
,,,,Simulation,0.0,0.22,0.35,0.1,0.67
,,,,Fighting,0.0,0.18,0.46,0.03,0.67
,,,,Shooter,0.0,0.28,0.33,0.06,0.67
,,,,Sports,0.0,0.13,0.49,0.05,0.67
,,,,Misc,0.67,0.0,0.0,0.0,0.67
,,,,Action,0.0,0.25,0.37,0.04,0.67
,,,,Shooter,0.0,0.17,0.48,0.02,0.67
,,,,Simulation,0.23,0.17,0.22,0.06,0.67
,,,,Racing,0.0,0.32,0.27,0.07,0.67
,,,,Misc,0.67,0.0,0.0,0.0,0.67
,,,,Role-Playing,0.0,0.42,0.2,0.05,0.67
,,,,Sports,0.0,0.36,0.16,0.14,0.67
,,,,Action,0.01,0.31,0.24,0.11,0.67
,,,,Action,0.0,0.28,0.22,0.16,0.67
,,,,Role-Playing,0.0,0.16,0.44,0.07,0.67
,,,,Role-Playing,0.31,0.13,0.19,0.04,0.67
,,,,Sports,0.0,0.66,0.0,0.01,0.67
,,,,Action,0.01,0.18,0.42,0.05,0.67
,,,,Shooter,0.0,0.3,0.28,0.08,0.67
,,,,Adventure,0.0,0.33,0.23,0.11,0.67
,,,,Puzzle,0.0,0.41,0.18,0.08,0.67
,,,,Simulation,0.01,0.21,0.4,0.05,0.67
,,,,Action,0.01,0.29,0.3,0.07,0.67
,,,,Misc,0.0,0.06,0.56,0.05,0.67
,,,,Strategy,0.0,0.64,0.01,0.02,0.67
,,,,Platform,0.0,0.25,0.33,0.09,0.67
,,,,Fighting,0.0,0.2,0.33,0.14,0.67
,,,,Misc,0.0,0.58,0.0,0.09,0.67
,,,,Action,0.0,0.03,0.63,0.01,0.67
,,,,Adventure,0.25,0.05,0.33,0.04,0.67
,,,,Sports,0.0,0.11,0.51,0.05,0.67
,,,,Shooter,0.05,0.26,0.25,0.11,0.67
,,,,Simulation,0.0,0.53,0.01,0.12,0.67
,,,,Action,0.0,0.18,0.48,0.01,0.67
,,,,Misc,0.66,0.0,0.0,0.0,0.66
,,,,Simulation,0.0,0.25,0.37,0.04,0.66
,,,,Sports,0.0,0.15,0.49,0.02,0.66
,,,,Sports,0.01,0.24,0.31,0.1,0.66
,,,,Action,0.03,0.23,0.35,0.06,0.66
,,,,Sports,0.0,0.02,0.55,0.09,0.66
,,,,Sports,0.0,0.25,0.32,0.08,0.66
,,,,Fighting,0.13,0.01,0.26,0.26,0.66
,,,,Sports,0.0,0.25,0.37,0.04,0.66
,,,,Role-Playing,0.0,0.25,0.37,0.04,0.66
,,,,Sports,0.0,0.25,0.32,0.08,0.66
,,,,Action,0.0,0.16,0.48,0.02,0.66
,,,,Strategy,0.0,0.02,0.55,0.09,0.66
,,,,Sports,0.0,0.1,0.51,0.06,0.66
,,,,Sports,0.66,0.0,0.0,0.0,0.66
,,,,Platform,0.0,0.13,0.52,0.02,0.66
,,,,Puzzle,0.66,0.0,0.0,0.0,0.66
,,,,Role-Playing,0.64,0.0,0.0,0.02,0.66
,,,,Adventure,0.0,0.18,0.47,0.01,0.66
,,,,Platform,0.0,0.38,0.14,0.14,0.66
,,,,Misc,0.0,0.24,0.35,0.07,0.66
,,,,Fighting,0.0,0.25,0.32,0.08,0.66
,,,,Role-Playing,0.0,0.25,0.37,0.04,0.66
,,,,Strategy,0.0,0.52,0.02,0.12,0.66
,,,,Action,0.55,0.03,0.06,0.02,0.66
,,,,Platform,0.33,0.02,0.28,0.03,0.66
,,,,Action,0.0,0.25,0.27,0.14,0.66
,,,,Simulation,0.0,0.2,0.43,0.03,0.66
,,,,Sports,0.0,0.22,0.34,0.1,0.66
,,,,Action,0.0,0.04,0.62,0.01,0.66
,,,,Action,0.0,0.35,0.15,0.16,0.66
,,,,Strategy,0.19,0.14,0.29,0.04,0.66
,,,,Action,0.0,0.17,0.47,0.01,0.66
,,,,Role-Playing,0.3,0.13,0.17,0.05,0.66
,,,,Action,0.62,0.0,0.03,0.0,0.66
,,,,Platform,0.0,0.17,0.47,0.01,0.66
,,,,Misc,0.41,0.08,0.12,0.04,0.66
,,,,Shooter,0.0,0.14,0.49,0.02,0.66
,,,,Sports,0.0,0.08,0.5,0.08,0.66
,,,,Action,0.0,0.27,0.23,0.16,0.66
,,,,Misc,0.66,0.0,0.0,0.0,0.66
,,,,Racing,0.03,0.44,0.09,0.09,0.66
,,,,Misc,0.0,0.25,0.33,0.07,0.66
,,,,Sports,0.0,0.25,0.36,0.04,0.66
,,,,Action,0.0,0.22,0.38,0.06,0.65
,,,,Sports,0.0,0.22,0.33,0.1,0.65
,,,,Action,0.0,0.0,0.24,0.41,0.65
,,,,Strategy,0.01,0.22,0.32,0.1,0.65
,,,,Action,0.0,0.25,0.35,0.05,0.65
,,,,Sports,0.0,0.23,0.35,0.07,0.65
,,,,Role-Playing,0.29,0.14,0.18,0.05,0.65
,,,,Racing,0.12,0.11,0.41,0.02,0.65
,,,,Platform,0.0,0.25,0.32,0.08,0.65
,,,,Platform,0.0,0.22,0.29,0.14,0.65
,,,,Platform,0.3,0.09,0.25,0.01,0.65
,,,,Action,0.0,0.28,0.31,0.07,0.65
,,,,Racing,0.0,0.25,0.32,0.08,0.65
,,,,Action,0.0,0.04,0.56,0.05,0.65
,,,,Misc,0.0,0.17,0.47,0.01,0.65
,,,,Role-Playing,0.58,0.01,0.02,0.04,0.65
,,,,Puzzle,0.0,0.14,0.45,0.06,0.65
,,,,Sports,0.0,0.0,0.58,0.07,0.65
,,,,Sports,0.0,0.2,0.39,0.06,0.65
,,,,Strategy,0.0,0.17,0.47,0.01,0.65
,,,,Role-Playing,0.27,0.03,0.31,0.03,0.65
,,,,Shooter,0.0,0.25,0.36,0.04,0.65
,,,,Role-Playing,0.26,0.15,0.19,0.05,0.65
,,,,Misc,0.0,0.5,0.0,0.15,0.65
,,,,Action,0.0,0.04,0.6,0.01,0.65
,,,,Role-Playing,0.0,0.25,0.32,0.08,0.65
,,,,Action,0.0,0.02,0.54,0.09,0.65
,,,,Misc,0.0,0.05,0.0,0.6,0.65
,,,,Adventure,0.0,0.24,0.36,0.04,0.65
,,,,Racing,0.0,0.18,0.35,0.12,0.65
,,,,Misc,0.0,0.11,0.5,0.05,0.65
,,,,Fighting,0.2,0.15,0.23,0.07,0.65
,,,,Role-Playing,0.22,0.14,0.2,0.09,0.65
,,,,Strategy,0.65,0.0,0.0,0.0,0.65
,,,,Role-Playing,0.05,0.23,0.26,0.1,0.65
,,,,Misc,0.0,0.2,0.39,0.06,0.65
,,,,Misc,0.65,0.0,0.0,0.0,0.65
,,,,Action,0.4,0.04,0.17,0.03,0.65
,,,,Shooter,0.0,0.39,0.17,0.09,0.64
,,,,Simulation,0.0,0.0,0.6,0.05,0.64
,,,,Action,0.0,0.07,0.13,0.44,0.64
,,,,Platform,0.0,0.17,0.46,0.01,0.64
,,,,Role-Playing,0.0,0.24,0.35,0.05,0.64
,,,,Platform,0.0,0.25,0.32,0.08,0.64
,,,,Action,0.0,0.25,0.25,0.15,0.64
,,,,Shooter,0.0,0.31,0.2,0.13,0.64
,,,,Platform,0.0,0.25,0.32,0.08,0.64
,,,,Racing,0.01,0.35,0.16,0.12,0.64
,,,,Shooter,0.0,0.15,0.47,0.02,0.64
,,,,Fighting,0.01,0.09,0.49,0.05,0.64
,,,,Shooter,0.0,0.02,0.54,0.09,0.64
,,,,Sports,0.0,0.04,0.54,0.07,0.64
,,,,Shooter,0.07,0.17,0.31,0.09,0.64
,,,,Strategy,0.0,0.23,0.36,0.05,0.64
,,,,Platform,0.0,0.35,0.23,0.06,0.64
,,,,Action,0.0,0.29,0.25,0.1,0.64
,,,,Shooter,0.0,0.19,0.43,0.02,0.64
,,,,Platform,0.0,0.24,0.31,0.08,0.64
,,,,Racing,0.0,0.32,0.25,0.07,0.64
,,,,Sports,0.0,0.04,0.57,0.03,0.64
,,,,Action,0.0,0.33,0.23,0.09,0.64
,,,,Action,0.0,0.04,0.55,0.05,0.64
,,,,Shooter,0.0,0.15,0.48,0.01,0.64
,,,,Platform,0.04,0.1,0.44,0.05,0.64
,,,,Platform,0.0,0.22,0.4,0.02,0.64
,,,,Misc,0.0,0.17,0.46,0.01,0.64
,,,,Action,0.0,0.21,0.37,0.06,0.64
,,,,Shooter,0.0,0.33,0.29,0.01,0.64
,,,,Action,0.34,0.12,0.15,0.04,0.64
,,,,Role-Playing,0.2,0.2,0.17,0.07,0.64
,,,,Platform,0.0,0.17,0.41,0.06,0.64
,,,,Racing,0.0,0.43,0.07,0.14,0.64
,,,,Misc,0.0,0.17,0.46,0.01,0.64
,,,,Action,0.09,0.2,0.26,0.1,0.64
,,,,Misc,0.0,0.17,0.46,0.01,0.64
,,,,Role-Playing,0.27,0.09,0.23,0.05,0.64
,,,,Shooter,0.0,0.28,0.25,0.11,0.64
,,,,Misc,0.0,0.24,0.31,0.08,0.64
,,,,Action,0.0,0.32,0.22,0.1,0.64
,,,,Misc,0.0,0.42,0.07,0.14,0.64
,,,,Racing,0.0,0.04,0.59,0.01,0.64
,,,,Sports,0.0,0.03,0.6,0.01,0.64
,,,,Sports,0.01,0.02,0.56,0.05,0.64
,,,,Shooter,0.0,0.12,0.46,0.05,0.64
,,,,Racing,0.11,0.26,0.2,0.06,0.64
,,,,Action,0.04,0.1,0.45,0.05,0.64
,,,,Platform,0.0,0.24,0.31,0.08,0.64
,,,,Action,0.01,0.33,0.2,0.1,0.64
,,,,Misc,0.0,0.0,0.59,0.04,0.64
,,,,Shooter,0.01,0.21,0.36,0.06,0.63
,,,,Role-Playing,0.0,0.02,0.53,0.09,0.63
,,,,Action,0.0,0.24,0.35,0.04,0.63
,,,,Misc,0.0,0.12,0.08,0.44,0.63
,,,,Misc,0.0,0.16,0.41,0.06,0.63
,,,,Racing,0.03,0.45,0.01,0.15,0.63
,,,,Racing,0.0,0.34,0.22,0.07,0.63
,,,,Sports,0.0,0.19,0.41,0.03,0.63
,,,,Strategy,0.0,0.24,0.35,0.04,0.63
,,,,Sports,0.0,0.4,0.2,0.04,0.63
,,,,Action,0.0,0.14,0.43,0.06,0.63
,,,,Role-Playing,0.63,0.0,0.0,0.0,0.63
,,,,Racing,0.0,0.02,0.53,0.09,0.63
,,,,Sports,0.01,0.23,0.3,0.1,0.63
,,,,Simulation,0.0,0.17,0.45,0.01,0.63
,,,,Action,0.0,0.23,0.3,0.09,0.63
,,,,Misc,0.0,0.24,0.28,0.1,0.63
,,,,Action,0.0,0.09,0.46,0.09,0.63
,,,,Misc,0.63,0.0,0.0,0.0,0.63
,,,,Action,0.0,0.35,0.21,0.07,0.63
,,,,Platform,0.0,0.13,0.49,0.01,0.63
,,,,Platform,0.25,0.05,0.32,0.01,0.63
,,,,Misc,0.0,0.09,0.49,0.04,0.63
,,,,Action,0.0,0.2,0.38,0.05,0.63
,,,,Action,0.0,0.19,0.38,0.06,0.63
,,,,Sports,0.0,0.0,0.58,0.05,0.63
,,,,Fighting,0.63,0.0,0.0,0.0,0.63
,,,,Misc,0.0,0.21,0.33,0.09,0.63
,,,,Shooter,0.0,0.05,0.54,0.04,0.63
,,,,Action,0.01,0.29,0.23,0.1,0.63
,,,,Platform,0.38,0.09,0.12,0.03,0.63
,,,,Shooter,0.0,0.05,0.43,0.14,0.63
,,,,Action,0.0,0.04,0.58,0.01,0.63
,,,,Shooter,0.0,0.23,0.34,0.06,0.63
,,,,Strategy,0.0,0.13,0.44,0.06,0.63
,,,,Simulation,0.0,0.23,0.4,0.0,0.63
,,,,Racing,0.0,0.34,0.24,0.05,0.63
,,,,Strategy,0.0,0.25,0.31,0.06,0.63
,,,,Role-Playing,0.63,0.0,0.0,0.0,0.63
,,,,Racing,0.0,0.37,0.2,0.06,0.63
,,,,Role-Playing,0.16,0.2,0.22,0.05,0.63
,,,,Sports,0.0,0.24,0.31,0.08,0.63
,,,,Role-Playing,0.34,0.06,0.18,0.04,0.63
,,,,Role-Playing,0.59,0.0,0.0,0.04,0.63
,,,,Sports,0.0,0.17,0.4,0.05,0.63
,,,,Action,0.15,0.03,0.11,0.34,0.63
,,,,Sports,0.0,0.24,0.35,0.04,0.63
,,,,Simulation,0.0,0.16,0.41,0.05,0.63
,,,,Action,0.0,0.22,0.35,0.06,0.63
,,,,Shooter,0.01,0.27,0.22,0.11,0.63
,,,,Racing,0.0,0.29,0.26,0.07,0.63
,,,,Platform,0.0,0.24,0.35,0.04,0.63
,,,,Misc,0.0,0.13,0.48,0.02,0.63
,,,,Strategy,0.32,0.0,0.3,0.0,0.62
,,,,Shooter,0.62,0.0,0.0,0.0,0.62
,,,,Action,0.0,0.22,0.38,0.03,0.62
,,,,Sports,0.0,0.2,0.4,0.03,0.62
,,,,Fighting,0.0,0.24,0.35,0.04,0.62
,,,,Action,0.0,0.26,0.3,0.06,0.62
,,,,Shooter,0.11,0.22,0.21,0.09,0.62
,,,,Role-Playing,0.29,0.13,0.16,0.04,0.62
,,,,Sports,0.0,0.24,0.35,0.04,0.62
,,,,Role-Playing,0.08,0.23,0.22,0.09,0.62
,,,,Sports,0.0,0.13,0.48,0.02,0.62
,,,,Shooter,0.0,0.42,0.15,0.05,0.62
,,,,Shooter,0.0,0.03,0.58,0.01,0.62
,,,,Sports,0.0,0.13,0.47,0.02,0.62
,,,,Action,0.0,0.28,0.29,0.06,0.62
,,,,Sports,0.22,0.23,0.1,0.08,0.62
,,,,Shooter,0.0,0.2,0.36,0.06,0.62
,,,,Platform,0.0,0.24,0.3,0.08,0.62
,,,,Action,0.07,0.2,0.26,0.09,0.62
,,,,Action,0.57,0.04,0.0,0.01,0.62
,,,,Adventure,0.0,0.21,0.35,0.06,0.62
,,,,Action,0.12,0.1,0.38,0.02,0.62
,,,,Simulation,0.0,0.22,0.37,0.03,0.62
,,,,Racing,0.0,0.2,0.4,0.02,0.62
,,,,Sports,0.02,0.34,0.17,0.09,0.62
,,,,Platform,0.0,0.23,0.34,0.04,0.62
,,,,Misc,0.0,0.0,0.58,0.04,0.62
,,,,Sports,0.0,0.24,0.3,0.08,0.62
,,,,Action,0.0,0.01,0.57,0.04,0.62
,,,,Action,0.27,0.14,0.14,0.06,0.62
,,,,Action,0.0,0.03,0.58,0.01,0.62
,,,,Fighting,0.09,0.18,0.27,0.08,0.62
,,,,Fighting,0.0,0.23,0.25,0.14,0.62
,,,,Sports,0.23,0.14,0.21,0.04,0.62
,,,,Racing,0.0,0.24,0.3,0.08,0.62
,,,,Puzzle,0.62,0.0,0.0,0.0,0.62
,,,,Misc,0.0,0.12,0.48,0.02,0.62
,,,,Misc,0.0,0.17,0.34,0.11,0.62
,,,,Fighting,0.62,0.0,0.0,0.0,0.62
,,,,Role-Playing,0.62,0.0,0.0,0.0,0.62
,,,,Platform,0.0,0.26,0.29,0.07,0.62
,,,,Action,0.0,0.03,0.59,0.0,0.62
,,,,Adventure,0.62,0.0,0.0,0.0,0.62
,,,,Role-Playing,0.62,0.0,0.0,0.0,0.62
,,,,Sports,0.0,0.02,0.59,0.0,0.62
,,,,Strategy,0.58,0.0,0.0,0.04,0.62
,,,,Racing,0.04,0.57,0.0,0.0,0.61
,,,,Role-Playing,0.11,0.13,0.33,0.04,0.61
,,,,Sports,0.0,0.0,0.56,0.05,0.61
,,,,Misc,0.0,0.04,0.0,0.57,0.61
,,,,Sports,0.0,0.15,0.35,0.11,0.61
,,,,Shooter,0.01,0.29,0.21,0.11,0.61
,,,,Sports,0.0,0.13,0.46,0.02,0.61
,,,,Action,0.57,0.02,0.02,0.01,0.61
,,,,Action,0.34,0.11,0.12,0.05,0.61
,,,,Misc,0.0,0.18,0.39,0.05,0.61
,,,,Misc,0.0,0.16,0.44,0.01,0.61
,,,,Shooter,0.0,0.23,0.3,0.08,0.61
,,,,Platform,0.0,0.16,0.44,0.01,0.61
,,,,Misc,0.0,0.21,0.35,0.05,0.61
,,,,Sports,0.0,0.1,0.46,0.05,0.61
,,,,Misc,0.0,0.23,0.33,0.05,0.61
,,,,Simulation,0.0,0.07,0.5,0.04,0.61
,,,,Misc,0.0,0.16,0.44,0.01,0.61
,,,,Shooter,0.0,0.23,0.3,0.08,0.61
,,,,Sports,0.0,0.0,0.58,0.03,0.61
,,,,Misc,0.61,0.0,0.0,0.0,0.61
,,,,Sports,0.0,0.44,0.09,0.07,0.61
,,,,Platform,0.14,0.17,0.24,0.05,0.61
,,,,Platform,0.0,0.23,0.34,0.04,0.61
,,,,Shooter,0.42,0.07,0.09,0.03,0.61
,,,,Simulation,0.0,0.24,0.31,0.06,0.61
,,,,Shooter,0.0,0.21,0.37,0.03,0.61
,,,,Shooter,0.0,0.23,0.34,0.04,0.61
,,,,Misc,0.01,0.09,0.47,0.04,0.61
,,,,Platform,0.0,0.27,0.18,0.15,0.61
,,,,Sports,0.0,0.0,0.56,0.05,0.61
,,,,Simulation,0.21,0.03,0.33,0.03,0.61
,,,,Sports,0.0,0.0,0.56,0.05,0.61
,,,,Simulation,0.0,0.0,0.56,0.05,0.61
,,,,Racing,0.0,0.23,0.32,0.06,0.61
,,,,Role-Playing,0.22,0.1,0.27,0.01,0.61
,,,,Sports,0.0,0.16,0.44,0.01,0.61
,,,,Action,0.0,0.23,0.34,0.04,0.61
,,,,Action,0.0,0.16,0.44,0.01,0.61
,,,,Action,0.0,0.16,0.44,0.01,0.61
,,,,Sports,0.0,0.12,0.47,0.02,0.61
,,,,Misc,0.0,0.21,0.33,0.06,0.61
,,,,Misc,0.01,0.16,0.37,0.06,0.61
,,,,Action,0.0,0.16,0.43,0.01,0.61
,,,,Sports,0.0,0.02,0.58,0.0,0.61
,,,,Action,0.0,0.05,0.51,0.05,0.61
,,,,Misc,0.0,0.16,0.43,0.01,0.61
,,,,Simulation,0.0,0.2,0.34,0.06,0.61
,,,,Fighting,0.0,0.02,0.5,0.08,0.61
,,,,Fighting,0.0,0.24,0.31,0.06,0.61
,,,,Shooter,0.0,0.24,0.3,0.06,0.61
,,,,Strategy,0.33,0.14,0.11,0.02,0.6
,,,,Sports,0.0,0.16,0.43,0.01,0.6
,,,,Sports,0.25,0.11,0.19,0.06,0.6
,,,,Racing,0.0,0.16,0.43,0.01,0.6
,,,,Platform,0.0,0.02,0.5,0.08,0.6
,,,,Racing,0.09,0.1,0.4,0.02,0.6
,,,,Fighting,0.0,0.23,0.3,0.08,0.6
,,,,Fighting,0.0,0.16,0.42,0.02,0.6
,,,,Role-Playing,0.6,0.0,0.0,0.0,0.6
,,,,Action,0.0,0.25,0.28,0.06,0.6
,,,,Sports,0.0,0.02,0.5,0.08,0.6
,,,,Action,0.0,0.19,0.36,0.05,0.6
,,,,Action,0.0,0.22,0.33,0.05,0.6
,,,,Action,0.0,0.28,0.26,0.07,0.6
,,,,Misc,0.2,0.19,0.18,0.04,0.6
,,,,Sports,0.0,0.15,0.38,0.08,0.6
,,,,Action,0.03,0.22,0.31,0.05,0.6
,,,,Adventure,0.04,0.25,0.22,0.09,0.6
,,,,Action,0.0,0.37,0.12,0.1,0.6
,,,,Role-Playing,0.21,0.14,0.21,0.04,0.6
,,,,Platform,0.0,0.18,0.13,0.29,0.6
,,,,Racing,0.0,0.23,0.29,0.08,0.6
,,,,Action,0.0,0.24,0.22,0.14,0.6
,,,,Action,0.0,0.02,0.5,0.08,0.6
,,,,Puzzle,0.6,0.0,0.0,0.0,0.6
,,,,Shooter,0.0,0.23,0.29,0.08,0.6
,,,,Action,0.0,0.21,0.34,0.05,0.6
,,,,Racing,0.14,0.08,0.37,0.01,0.6
,,,,Sports,0.23,0.26,0.09,0.02,0.6
,,,,Platform,0.0,0.15,0.4,0.06,0.6
,,,,Racing,0.0,0.23,0.29,0.08,0.6
,,,,Misc,0.0,0.23,0.32,0.04,0.6
,,,,Fighting,0.56,0.0,0.0,0.04,0.6
,,,,Simulation,0.56,0.0,0.0,0.04,0.6
,,,,Racing,0.03,0.03,0.49,0.05,0.6
,,,,Strategy,0.0,0.25,0.24,0.11,0.6
,,,,Racing,0.0,0.28,0.25,0.06,0.6
,,,,Adventure,0.0,0.23,0.33,0.04,0.6
,,,,Action,0.0,0.01,0.55,0.04,0.6
,,,,Strategy,0.6,0.0,0.0,0.0,0.6
,,,,Sports,0.0,0.13,0.4,0.07,0.6
,,,,Adventure,0.0,0.16,0.38,0.05,0.6
,,,,Misc,0.0,0.2,0.34,0.06,0.6
,,,,Action,0.0,0.24,0.26,0.1,0.6
,,,,Sports,0.0,0.23,0.29,0.08,0.6
,,,,Racing,0.0,0.22,0.31,0.06,0.6
,,,,Fighting,0.0,0.22,0.29,0.09,0.6
,,,,Strategy,0.6,0.0,0.0,0.0,0.6
,,,,Puzzle,0.31,0.0,0.26,0.02,0.6
,,,,Action,0.0,0.53,0.0,0.06,0.59
,,,,Racing,0.0,0.23,0.29,0.08,0.59
,,,,Platform,0.0,0.35,0.13,0.11,0.59
,,,,Sports,0.0,0.46,0.07,0.07,0.59
,,,,Sports,0.0,0.38,0.15,0.07,0.59
,,,,Strategy,0.59,0.0,0.0,0.0,0.59
,,,,Misc,0.0,0.0,0.56,0.03,0.59
,,,,Sports,0.56,0.0,0.0,0.04,0.59
,,,,Action,0.0,0.34,0.15,0.1,0.59
,,,,Sports,0.0,0.22,0.33,0.04,0.59
,,,,Misc,0.0,0.22,0.33,0.04,0.59
,,,,Shooter,0.0,0.12,0.46,0.02,0.59
,,,,Role-Playing,0.23,0.11,0.23,0.03,0.59
,,,,Action,0.0,0.22,0.31,0.06,0.59
,,,,Shooter,0.05,0.28,0.17,0.1,0.59
,,,,Sports,0.0,0.22,0.33,0.04,0.59
,,,,Strategy,0.0,0.31,0.19,0.09,0.59
,,,,Sports,0.55,0.0,0.0,0.04,0.59
,,,,Misc,0.0,0.23,0.29,0.08,0.59
,,,,Action,0.59,0.0,0.0,0.0,0.59
,,,,Action,0.0,0.24,0.21,0.14,0.59
,,,,Puzzle,0.0,0.03,0.55,0.01,0.59
,,,,Action,0.0,0.28,0.24,0.07,0.59
,,,,Sports,0.16,0.17,0.21,0.06,0.59
,,,,Sports,0.0,0.13,0.44,0.02,0.59
,,,,Platform,0.0,0.12,0.46,0.02,0.59
,,,,Action,0.0,0.03,0.55,0.01,0.59
,,,,Misc,0.0,0.0,0.54,0.04,0.59
,,,,Action,0.0,0.02,0.53,0.04,0.59
,,,,Action,0.0,0.03,0.52,0.04,0.59
,,,,Racing,0.0,0.11,0.47,0.01,0.59
,,,,Sports,0.0,0.11,0.47,0.01,0.59
,,,,Shooter,0.0,0.21,0.33,0.05,0.59
,,,,Sports,0.14,0.08,0.36,0.02,0.59
,,,,Role-Playing,0.59,0.0,0.0,0.0,0.59
,,,,Fighting,0.02,0.14,0.39,0.04,0.59
,,,,Sports,0.0,0.16,0.36,0.07,0.59
,,,,Role-Playing,0.42,0.09,0.05,0.03,0.59
,,,,Action,0.01,0.22,0.13,0.23,0.59
,,,,Sports,0.01,0.0,0.54,0.03,0.59
,,,,Sports,0.0,0.04,0.51,0.05,0.59
,,,,Misc,0.0,0.18,0.36,0.05,0.59
,,,,Action,0.0,0.22,0.33,0.04,0.59
,,,,Action,0.0,0.34,0.18,0.07,0.59
,,,,Platform,0.0,0.22,0.29,0.08,0.59
,,,,Role-Playing,0.13,0.02,0.39,0.04,0.59
,,,,Role-Playing,0.08,0.22,0.2,0.08,0.59
,,,,Action,0.0,0.14,0.35,0.1,0.59
,,,,Shooter,0.0,0.25,0.25,0.09,0.59
,,,,Sports,0.0,0.21,0.28,0.09,0.59
,,,,Simulation,0.11,0.13,0.34,0.01,0.59
,,,,Sports,0.0,0.22,0.29,0.07,0.59
,,,,Sports,0.0,0.37,0.14,0.07,0.59
,,,,Sports,0.59,0.0,0.0,0.0,0.59
,,,,Shooter,0.0,0.22,0.26,0.1,0.59
,,,,Action,0.14,0.17,0.22,0.06,0.58
,,,,Action,0.0,0.37,0.15,0.07,0.58
,,,,Simulation,0.0,0.01,0.53,0.04,0.58
,,,,Action,0.0,0.22,0.29,0.07,0.58
,,,,Shooter,0.0,0.23,0.29,0.06,0.58
,,,,Misc,0.0,0.25,0.28,0.05,0.58
,,,,Simulation,0.55,0.0,0.0,0.04,0.58
,,,,Role-Playing,0.07,0.19,0.29,0.04,0.58
,,,,Sports,0.0,0.02,0.53,0.04,0.58
,,,,Sports,0.0,0.18,0.3,0.1,0.58
,,,,Puzzle,0.0,0.03,0.55,0.01,0.58
,,,,Role-Playing,0.47,0.04,0.06,0.01,0.58
,,,,Role-Playing,0.0,0.02,0.49,0.08,0.58
,,,,Simulation,0.17,0.03,0.35,0.03,0.58
,,,,Misc,0.0,0.31,0.21,0.07,0.58
,,,,Platform,0.0,0.18,0.35,0.05,0.58
,,,,Simulation,0.0,0.18,0.02,0.39,0.58
,,,,Sports,0.02,0.22,0.3,0.04,0.58
,,,,Platform,0.0,0.29,0.23,0.07,0.58
,,,,Sports,0.0,0.22,0.31,0.05,0.58
,,,,Shooter,0.0,0.3,0.21,0.07,0.58
,,,,Sports,0.0,0.0,0.54,0.04,0.58
,,,,Action,0.02,0.19,0.31,0.06,0.58
,,,,Sports,0.0,0.22,0.32,0.04,0.58
,,,,Platform,0.0,0.26,0.27,0.05,0.58
,,,,Action,0.0,0.22,0.28,0.07,0.58
,,,,Shooter,0.0,0.15,0.37,0.05,0.58
,,,,Simulation,0.22,0.06,0.27,0.03,0.58
,,,,Sports,0.0,0.39,0.15,0.03,0.58
,,,,Sports,0.0,0.4,0.14,0.04,0.58
,,,,Sports,0.19,0.3,0.06,0.03,0.58
,,,,Racing,0.0,0.22,0.28,0.07,0.58
,,,,Shooter,0.0,0.22,0.28,0.07,0.58
,,,,Role-Playing,0.16,0.16,0.23,0.04,0.58
,,,,Role-Playing,0.54,0.0,0.0,0.04,0.58
,,,,Action,0.0,0.22,0.33,0.03,0.58
,,,,Role-Playing,0.0,0.22,0.28,0.07,0.58
,,,,Platform,0.0,0.22,0.32,0.04,0.58
,,,,Adventure,0.0,0.15,0.42,0.01,0.58
,,,,Action,0.31,0.0,0.25,0.02,0.58
,,,,Fighting,0.5,0.02,0.05,0.01,0.58
,,,,Simulation,0.0,0.0,0.53,0.04,0.58
,,,,Shooter,0.0,0.22,0.28,0.07,0.58
,,,,Racing,0.0,0.22,0.32,0.04,0.58
,,,,Role-Playing,0.58,0.0,0.0,0.0,0.58
,,,,Sports,0.0,0.0,0.53,0.04,0.58
,,,,Sports,0.0,0.27,0.21,0.09,0.58
,,,,Adventure,0.26,0.05,0.24,0.03,0.58
,,,,Strategy,0.58,0.0,0.0,0.0,0.58
,,,,Misc,0.0,0.09,0.43,0.06,0.58
,,,,Role-Playing,0.14,0.11,0.27,0.06,0.58
,,,,Fighting,0.06,0.1,0.36,0.06,0.58
,,,,Action,0.0,0.22,0.32,0.04,0.58
,,,,Sports,0.0,0.12,0.45,0.02,0.58
,,,,Sports,0.0,0.0,0.54,0.04,0.58
,,,,Action,0.0,0.22,0.28,0.07,0.58
,,,,Sports,0.0,0.02,0.48,0.08,0.58
,,,,Sports,0.0,0.12,0.38,0.07,0.58
,,,,Adventure,0.01,0.41,0.1,0.06,0.58
,,,,Sports,0.0,0.02,0.52,0.04,0.58
,,,,Role-Playing,0.0,0.22,0.32,0.04,0.58
,,,,Puzzle,0.02,0.17,0.34,0.05,0.58
,,,,Sports,0.0,0.02,0.55,0.0,0.58
,,,,Platform,0.0,0.53,0.0,0.04,0.58
,,,,Sports,0.0,0.02,0.53,0.03,0.58
,,,,Sports,0.0,0.22,0.28,0.07,0.58
,,,,Action,0.0,0.37,0.08,0.12,0.57
,,,,Role-Playing,0.27,0.0,0.28,0.02,0.57
,,,,Simulation,0.13,0.16,0.24,0.04,0.57
,,,,Shooter,0.0,0.23,0.29,0.06,0.57
,,,,Platform,0.0,0.04,0.49,0.04,0.57
,,,,Racing,0.0,0.0,0.53,0.04,0.57
,,,,Shooter,0.0,0.24,0.32,0.02,0.57
,,,,Puzzle,0.0,0.22,0.28,0.07,0.57
,,,,Sports,0.0,0.15,0.41,0.01,0.57
,,,,Action,0.0,0.28,0.23,0.06,0.57
,,,,Role-Playing,0.57,0.0,0.0,0.0,0.57
,,,,Action,0.0,0.15,0.37,0.05,0.57
,,,,Action,0.0,0.24,0.27,0.06,0.57
,,,,Strategy,0.54,0.0,0.0,0.04,0.57
,,,,Action,0.0,0.15,0.41,0.01,0.57
,,,,Action,0.01,0.24,0.24,0.09,0.57
,,,,Action,0.0,0.0,0.53,0.04,0.57
,,,,Role-Playing,0.35,0.08,0.11,0.04,0.57
,,,,Action,0.0,0.02,0.22,0.33,0.57
,,,,Action,0.0,0.23,0.21,0.13,0.57
,,,,Shooter,0.0,0.27,0.25,0.06,0.57
,,,,Sports,0.0,0.11,0.44,0.02,0.57
,,,,Action,0.04,0.17,0.3,0.05,0.57
,,,,Action,0.0,0.45,0.01,0.11,0.57
,,,,Simulation,0.0,0.01,0.52,0.04,0.57
,,,,Fighting,0.0,0.02,0.47,0.08,0.57
,,,,Shooter,0.0,0.15,0.38,0.04,0.57
,,,,Simulation,0.0,0.02,0.51,0.04,0.57
,,,,Role-Playing,0.03,0.12,0.36,0.07,0.57
,,,,Action,0.57,0.0,0.0,0.0,0.57
,,,,Sports,0.0,0.08,0.48,0.0,0.57
,,,,Sports,0.0,0.01,0.52,0.04,0.57
,,,,Action,0.29,0.12,0.1,0.07,0.57
,,,,Misc,0.0,0.25,0.27,0.05,0.57
,,,,Shooter,0.0,0.12,0.43,0.02,0.57
,,,,Action,0.35,0.08,0.11,0.03,0.57
,,,,Action,0.0,0.2,0.32,0.05,0.57
,,,,Platform,0.0,0.03,0.5,0.04,0.57
,,,,Misc,0.0,0.22,0.28,0.07,0.57
,,,,Sports,0.0,0.02,0.47,0.08,0.57
,,,,Racing,0.02,0.11,0.42,0.02,0.57
,,,,Puzzle,0.57,0.0,0.0,0.0,0.57
,,,,Platform,0.0,0.1,0.45,0.02,0.57
,,,,Shooter,0.04,0.25,0.19,0.09,0.57
,,,,Strategy,0.57,0.0,0.0,0.0,0.57
,,,,Adventure,0.0,0.22,0.29,0.06,0.57
,,,,Racing,0.0,0.16,0.39,0.02,0.57
,,,,Action,0.17,0.15,0.19,0.05,0.57
,,,,Action,0.0,0.21,0.31,0.04,0.57
,,,,Shooter,0.0,0.22,0.28,0.07,0.57
,,,,Sports,0.0,0.19,0.28,0.09,0.57
,,,,Misc,0.0,0.12,0.4,0.05,0.57
,,,,Adventure,0.0,0.31,0.19,0.06,0.57
,,,,Action,0.0,0.4,0.09,0.07,0.57
,,,,Action,0.05,0.22,0.21,0.09,0.57
,,,,Action,0.0,0.28,0.24,0.05,0.56
,,,,Role-Playing,0.34,0.08,0.11,0.04,0.56
,,,,Action,0.0,0.11,0.44,0.02,0.56
,,,,Role-Playing,0.09,0.18,0.23,0.06,0.56
,,,,Platform,0.24,0.04,0.26,0.03,0.56
,,,,Action,0.0,0.15,0.4,0.01,0.56
,,,,Puzzle,0.0,0.15,0.4,0.01,0.56
,,,,Sports,0.0,0.22,0.28,0.07,0.56
,,,,Action,0.0,0.15,0.4,0.01,0.56
,,,,Sports,0.0,0.22,0.28,0.07,0.56
,,,,Puzzle,0.13,0.11,0.31,0.01,0.56
,,,,Simulation,0.0,0.14,0.4,0.02,0.56
,,,,Sports,0.0,0.22,0.28,0.07,0.56
,,,,Platform,0.0,0.21,0.31,0.04,0.56
,,,,Misc,0.0,0.21,0.28,0.07,0.56
,,,,Sports,0.0,0.08,0.41,0.07,0.56
,,,,Misc,0.0,0.15,0.4,0.01,0.56
,,,,Sports,0.0,0.21,0.28,0.07,0.56
,,,,Adventure,0.22,0.05,0.27,0.03,0.56
,,,,Fighting,0.0,0.21,0.28,0.07,0.56
,,,,Action,0.0,0.21,0.31,0.04,0.56
,,,,Action,0.0,0.19,0.32,0.05,0.56
,,,,Simulation,0.0,0.21,0.28,0.07,0.56
,,,,Shooter,0.0,0.15,0.39,0.02,0.56
,,,,Shooter,0.0,0.22,0.28,0.06,0.56
,,,,Sports,0.0,0.21,0.27,0.07,0.56
,,,,Sports,0.0,0.15,0.4,0.01,0.56
,,,,Racing,0.0,0.11,0.43,0.02,0.56
,,,,Racing,0.0,0.21,0.31,0.04,0.56
,,,,Sports,0.0,0.11,0.41,0.04,0.56
,,,,Sports,0.0,0.02,0.49,0.04,0.56
,,,,Fighting,0.0,0.11,0.43,0.02,0.56
,,,,Action,0.07,0.09,0.39,0.01,0.56
,,,,Platform,0.45,0.02,0.09,0.0,0.56
,,,,Action,0.0,0.21,0.27,0.07,0.56
,,,,Role-Playing,0.12,0.14,0.26,0.04,0.56
,,,,Role-Playing,0.26,0.12,0.15,0.04,0.56
,,,,Misc,0.0,0.08,0.44,0.04,0.56
,,,,Role-Playing,0.27,0.09,0.13,0.06,0.56
,,,,Shooter,0.01,0.15,0.34,0.05,0.56
,,,,Misc,0.0,0.35,0.15,0.07,0.56
,,,,Role-Playing,0.56,0.0,0.0,0.0,0.56
,,,,Action,0.0,0.21,0.27,0.07,0.56
,,,,Simulation,0.0,0.23,0.27,0.06,0.56
,,,,Misc,0.0,0.21,0.27,0.07,0.56
,,,,Misc,0.0,0.15,0.4,0.01,0.56
,,,,Strategy,0.0,0.15,0.4,0.01,0.56
,,,,Platform,0.0,0.15,0.39,0.02,0.56
,,,,Action,0.0,0.18,0.32,0.05,0.56
,,,,Puzzle,0.0,0.24,0.17,0.14,0.56
,,,,Sports,0.0,0.21,0.27,0.07,0.56
,,,,Fighting,0.56,0.0,0.0,0.0,0.56
,,,,Simulation,0.0,0.02,0.49,0.04,0.56
,,,,Sports,0.0,0.02,0.52,0.02,0.56
,,,,Misc,0.56,0.0,0.0,0.0,0.56
,,,,Sports,0.0,0.23,0.28,0.04,0.56
,,,,Simulation,0.0,0.04,0.48,0.04,0.56
,,,,Role-Playing,0.22,0.09,0.18,0.06,0.56
,,,,Action,0.0,0.23,0.27,0.06,0.56
,,,,Sports,0.0,0.26,0.24,0.06,0.56
,,,,Shooter,0.0,0.21,0.27,0.07,0.56
,,,,Role-Playing,0.14,0.02,0.37,0.03,0.56
,,,,Racing,0.0,0.02,0.5,0.03,0.56
,,,,Sports,0.0,0.0,0.51,0.04,0.56
,,,,Racing,0.0,0.21,0.27,0.07,0.56
,,,,Simulation,0.0,0.36,0.18,0.02,0.56
,,,,Sports,0.0,0.12,0.42,0.01,0.56
,,,,Action,0.02,0.08,0.39,0.06,0.56
,,,,Racing,0.0,0.14,0.37,0.05,0.56
,,,,Role-Playing,0.06,0.18,0.27,0.04,0.55
,,,,Fighting,0.14,0.2,0.15,0.07,0.55
,,,,Sports,0.0,0.21,0.31,0.04,0.55
,,,,Simulation,0.0,0.11,0.41,0.04,0.55
,,,,Role-Playing,0.0,0.16,0.35,0.05,0.55
,,,,Action,0.0,0.21,0.27,0.07,0.55
,,,,Action,0.15,0.01,0.34,0.06,0.55
,,,,Platform,0.0,0.13,0.35,0.08,0.55
,,,,Action,0.0,0.11,0.42,0.02,0.55
,,,,Racing,0.55,0.0,0.0,0.0,0.55
,,,,Action,0.0,0.28,0.22,0.05,0.55
,,,,Sports,0.0,0.22,0.24,0.09,0.55
,,,,Fighting,0.0,0.13,0.4,0.02,0.55
,,,,Role-Playing,0.52,0.0,0.0,0.04,0.55
,,,,Fighting,0.55,0.0,0.0,0.0,0.55
,,,,Fighting,0.0,0.17,0.3,0.07,0.55
,,,,Sports,0.0,0.03,0.52,0.01,0.55
,,,,Shooter,0.0,0.21,0.31,0.04,0.55
,,,,Misc,0.0,0.0,0.52,0.04,0.55
,,,,Action,0.0,0.21,0.31,0.04,0.55
,,,,Adventure,0.55,0.0,0.0,0.0,0.55
,,,,Action,0.55,0.0,0.0,0.0,0.55
,,,,Action,0.12,0.16,0.21,0.05,0.55
,,,,Adventure,0.0,0.21,0.27,0.07,0.55
,,,,Shooter,0.04,0.15,0.29,0.07,0.55
,,,,Fighting,0.03,0.16,0.32,0.05,0.55
,,,,Action,0.0,0.04,0.47,0.04,0.55
,,,,Shooter,0.0,0.27,0.18,0.1,0.55
,,,,Platform,0.0,0.22,0.33,0.0,0.55
,,,,Action,0.0,0.33,0.17,0.05,0.55
,,,,Sports,0.55,0.0,0.0,0.0,0.55
,,,,Sports,0.0,0.01,0.5,0.05,0.55
,,,,Sports,0.0,0.0,0.51,0.04,0.55
,,,,Puzzle,0.0,0.0,0.51,0.04,0.55
,,,,Sports,0.0,0.18,0.34,0.02,0.55
,,,,Platform,0.24,0.08,0.22,0.01,0.55
,,,,Fighting,0.0,0.21,0.31,0.04,0.55
,,,,Action,0.02,0.25,0.2,0.09,0.55
,,,,Shooter,0.0,0.21,0.31,0.04,0.55
,,,,Strategy,0.51,0.0,0.0,0.04,0.55
,,,,Strategy,0.55,0.0,0.0,0.0,0.55
,,,,Platform,0.0,0.13,0.4,0.02,0.55
,,,,Sports,0.55,0.0,0.0,0.0,0.55
,,,,Shooter,0.07,0.21,0.18,0.08,0.55
,,,,Action,0.0,0.15,0.39,0.01,0.55
,,,,Strategy,0.55,0.0,0.0,0.0,0.55
,,,,Action,0.0,0.19,0.3,0.05,0.55
,,,,Role-Playing,0.21,0.0,0.31,0.03,0.55
,,,,Sports,0.0,0.02,0.49,0.04,0.55
,,,,Platform,0.0,0.15,0.39,0.01,0.55
,,,,Action,0.36,0.05,0.11,0.02,0.55
,,,,Fighting,0.02,0.2,0.29,0.04,0.55
,,,,Shooter,0.0,0.14,0.39,0.02,0.55
,,,,Racing,0.0,0.02,0.45,0.07,0.55
,,,,Shooter,0.03,0.24,0.22,0.05,0.55
,,,,Misc,0.0,0.0,0.51,0.04,0.55
,,,,Misc,0.0,0.21,0.27,0.07,0.55
,,,,Misc,0.0,0.21,0.3,0.04,0.55
,,,,Shooter,0.0,0.12,0.4,0.02,0.55
,,,,Fighting,0.13,0.08,0.26,0.07,0.55
,,,,Action,0.0,0.32,0.12,0.1,0.54
,,,,Action,0.0,0.0,0.36,0.19,0.54
,,,,Misc,0.0,0.06,0.0,0.48,0.54
,,,,Sports,0.0,0.02,0.49,0.04,0.54
,,,,Sports,0.01,0.03,0.46,0.05,0.54
,,,,Platform,0.0,0.12,0.4,0.02,0.54
,,,,Sports,0.0,0.35,0.16,0.04,0.54
,,,,Sports,0.54,0.0,0.0,0.0,0.54
,,,,Role-Playing,0.54,0.0,0.0,0.0,0.54
,,,,Racing,0.08,0.03,0.4,0.04,0.54
,,,,Role-Playing,0.04,0.17,0.29,0.05,0.54
,,,,Racing,0.0,0.4,0.07,0.07,0.54
,,,,Simulation,0.0,0.11,0.42,0.02,0.54
,,,,Racing,0.02,0.27,0.11,0.14,0.54
,,,,Racing,0.0,0.21,0.27,0.07,0.54
,,,,Role-Playing,0.03,0.08,0.4,0.04,0.54
,,,,Racing,0.01,0.33,0.08,0.11,0.54
,,,,Misc,0.0,0.2,0.25,0.08,0.54
,,,,Strategy,0.25,0.11,0.14,0.04,0.54
,,,,Platform,0.0,0.14,0.39,0.01,0.54
,,,,Action,0.0,0.3,0.15,0.09,0.54
,,,,Role-Playing,0.38,0.14,0.0,0.02,0.54
,,,,Role-Playing,0.54,0.0,0.0,0.0,0.54
,,,,Adventure,0.0,0.21,0.29,0.05,0.54
,,,,Action,0.1,0.24,0.13,0.07,0.54
,,,,Action,0.0,0.23,0.25,0.06,0.54
,,,,Racing,0.0,0.21,0.26,0.07,0.54
,,,,Puzzle,0.0,0.09,0.42,0.04,0.54
,,,,Fighting,0.0,0.1,0.43,0.02,0.54
,,,,Action,0.0,0.03,0.5,0.01,0.54
,,,,Action,0.0,0.1,0.43,0.01,0.54
,,,,Sports,0.0,0.39,0.11,0.03,0.54
,,,,Fighting,0.54,0.0,0.0,0.0,0.54
,,,,Fighting,0.01,0.1,0.39,0.04,0.54
,,,,Role-Playing,0.13,0.13,0.21,0.06,0.54
,,,,Misc,0.35,0.06,0.09,0.04,0.54
,,,,Action,0.16,0.08,0.29,0.01,0.54
,,,,Role-Playing,0.54,0.0,0.0,0.0,0.54
,,,,Misc,0.0,0.23,0.24,0.06,0.54
,,,,Misc,0.5,0.0,0.0,0.04,0.54
,,,,Sports,0.0,0.1,0.4,0.04,0.54
,,,,Role-Playing,0.18,0.16,0.12,0.09,0.54
,,,,Action,0.0,0.21,0.28,0.05,0.54
,,,,Sports,0.0,0.0,0.51,0.03,0.54
,,,,Role-Playing,0.15,0.03,0.33,0.03,0.54
,,,,Shooter,0.01,0.29,0.13,0.11,0.54
,,,,Racing,0.0,0.23,0.22,0.09,0.54
,,,,Misc,0.0,0.14,0.39,0.01,0.54
,,,,Action,0.0,0.17,0.32,0.05,0.54
,,,,Sports,0.0,0.11,0.42,0.01,0.54
,,,,Fighting,0.0,0.14,0.35,0.05,0.54
,,,,Shooter,0.0,0.06,0.46,0.02,0.54
,,,,Puzzle,0.0,0.08,0.42,0.04,0.54
,,,,Shooter,0.1,0.01,0.39,0.04,0.54
,,,,Sports,0.54,0.0,0.0,0.0,0.54
,,,,Sports,0.0,0.21,0.26,0.07,0.54
,,,,Role-Playing,0.48,0.05,0.0,0.0,0.54
,,,,Platform,0.0,0.02,0.45,0.07,0.54
,,,,Sports,0.0,0.2,0.3,0.04,0.54
,,,,Action,0.0,0.32,0.14,0.08,0.54
,,,,Action,0.0,0.17,0.32,0.04,0.54
,,,,Platform,0.0,0.03,0.5,0.01,0.54
,,,,Role-Playing,0.48,0.01,0.04,0.0,0.54
,,,,Platform,0.0,0.2,0.26,0.07,0.54
,,,,Fighting,0.0,0.2,0.26,0.07,0.54
,,,,Role-Playing,0.24,0.05,0.22,0.03,0.54
,,,,Sports,0.0,0.11,0.41,0.01,0.54
,,,,Action,0.0,0.2,0.26,0.07,0.54
,,,,Shooter,0.0,0.37,0.13,0.04,0.54
,,,,Adventure,0.53,0.0,0.0,0.0,0.53
,,,,Puzzle,0.0,0.27,0.21,0.05,0.53
,,,,Shooter,0.0,0.2,0.26,0.07,0.53
,,,,Adventure,0.38,0.05,0.07,0.03,0.53
,,,,Sports,0.0,0.02,0.45,0.07,0.53
,,,,Action,0.0,0.0,0.49,0.04,0.53
,,,,Misc,0.0,0.2,0.26,0.07,0.53
,,,,Role-Playing,0.17,0.07,0.25,0.05,0.53
,,,,Role-Playing,0.27,0.07,0.15,0.05,0.53
,,,,Action,0.0,0.2,0.26,0.07,0.53
,,,,Misc,0.0,0.14,0.38,0.01,0.53
,,,,Sports,0.0,0.02,0.44,0.07,0.53
,,,,Racing,0.0,0.2,0.3,0.03,0.53
,,,,Shooter,0.0,0.2,0.26,0.07,0.53
,,,,Misc,0.0,0.11,0.4,0.02,0.53
,,,,Role-Playing,0.33,0.0,0.18,0.02,0.53
,,,,Simulation,0.0,0.21,0.26,0.06,0.53
,,,,Sports,0.0,0.2,0.26,0.07,0.53
,,,,Platform,0.0,0.2,0.3,0.03,0.53
,,,,Racing,0.0,0.2,0.26,0.07,0.53
,,,,Sports,0.0,0.11,0.4,0.02,0.53
,,,,Misc,0.0,0.2,0.3,0.03,0.53
,,,,Action,0.02,0.19,0.28,0.04,0.53
,,,,Misc,0.0,0.1,0.39,0.04,0.53
,,,,Sports,0.53,0.0,0.0,0.0,0.53
,,,,Strategy,0.53,0.0,0.0,0.0,0.53
,,,,Sports,0.53,0.0,0.0,0.0,0.53
,,,,Action,0.0,0.17,0.34,0.02,0.53
,,,,Misc,0.0,0.32,0.09,0.12,0.53
,,,,Platform,0.12,0.14,0.23,0.04,0.53
,,,,Racing,0.0,0.19,0.32,0.01,0.53
,,,,Sports,0.02,0.26,0.12,0.14,0.53
,,,,Shooter,0.0,0.19,0.32,0.02,0.53
,,,,Action,0.0,0.28,0.16,0.09,0.53
,,,,Platform,0.0,0.2,0.26,0.07,0.53
,,,,Action,0.0,0.19,0.31,0.03,0.53
,,,,Sports,0.0,0.2,0.26,0.07,0.53
,,,,Racing,0.02,0.27,0.2,0.05,0.53
,,,,Action,0.0,0.09,0.43,0.01,0.53
,,,,Simulation,0.0,0.0,0.48,0.04,0.53
,,,,Shooter,0.0,0.1,0.35,0.08,0.53
,,,,Role-Playing,0.0,0.11,0.41,0.01,0.53
,,,,Adventure,0.0,0.21,0.27,0.05,0.53
,,,,Simulation,0.0,0.0,0.5,0.03,0.53
,,,,Strategy,0.49,0.0,0.0,0.03,0.53
,,,,Shooter,0.01,0.2,0.23,0.08,0.53
,,,,Shooter,0.0,0.15,0.32,0.05,0.53
,,,,Sports,0.0,0.2,0.28,0.05,0.53
,,,,Racing,0.0,0.26,0.17,0.1,0.53
,,,,Misc,0.0,0.0,0.48,0.04,0.53
,,,,Racing,0.0,0.29,0.08,0.16,0.53
,,,,Action,0.0,0.2,0.26,0.07,0.53
,,,,Action,0.0,0.11,0.41,0.01,0.53
,,,,Racing,0.0,0.2,0.26,0.07,0.53
,,,,Action,0.0,0.02,0.44,0.07,0.53
,,,,Action,0.0,0.2,0.2,0.13,0.53
,,,,Sports,0.53,0.0,0.0,0.0,0.53
,,,,Action,0.0,0.01,0.48,0.04,0.53
,,,,Shooter,0.0,0.17,0.28,0.08,0.53
,,,,Puzzle,0.16,0.03,0.3,0.03,0.53
,,,,Misc,0.0,0.13,0.35,0.05,0.53
,,,,Action,0.04,0.16,0.22,0.1,0.53
,,,,Racing,0.0,0.03,0.49,0.0,0.53
,,,,Sports,0.0,0.03,0.49,0.0,0.53
,,,,Misc,0.49,0.0,0.0,0.03,0.53
,,,,Shooter,0.0,0.2,0.26,0.07,0.53
,,,,Sports,0.19,0.09,0.24,0.01,0.52
,,,,Simulation,0.52,0.0,0.0,0.0,0.52
,,,,Action,0.0,0.01,0.47,0.04,0.52
,,,,Adventure,0.0,0.2,0.29,0.03,0.52
,,,,Racing,0.02,0.01,0.46,0.04,0.52
,,,,Role-Playing,0.52,0.0,0.0,0.0,0.52
,,,,Role-Playing,0.0,0.11,0.37,0.04,0.52
,,,,Misc,0.0,0.37,0.09,0.07,0.52
,,,,Fighting,0.0,0.04,0.45,0.04,0.52
,,,,Fighting,0.0,0.02,0.46,0.05,0.52
,,,,Action,0.0,0.0,0.13,0.39,0.52
,,,,Role-Playing,0.0,0.2,0.29,0.03,0.52
,,,,Sports,0.0,0.0,0.47,0.04,0.52
,,,,Shooter,0.0,0.2,0.29,0.03,0.52
,,,,Shooter,0.0,0.04,0.44,0.04,0.52
,,,,Action,0.16,0.14,0.18,0.05,0.52
,,,,Puzzle,0.0,0.2,0.26,0.07,0.52
,,,,Sports,0.0,0.11,0.39,0.02,0.52
,,,,Action,0.22,0.08,0.18,0.04,0.52
,,,,Sports,0.02,0.0,0.46,0.04,0.52
,,,,Role-Playing,0.0,0.12,0.35,0.06,0.52
,,,,Fighting,0.0,0.2,0.29,0.03,0.52
,,,,Platform,0.16,0.07,0.28,0.01,0.52
,,,,Action,0.0,0.2,0.29,0.03,0.52
,,,,Role-Playing,0.28,0.07,0.15,0.02,0.52
,,,,Fighting,0.28,0.08,0.12,0.03,0.52
,,,,Action,0.0,0.29,0.17,0.06,0.52
,,,,Simulation,0.0,0.24,0.23,0.05,0.52
,,,,Action,0.01,0.15,0.26,0.1,0.52
,,,,Action,0.0,0.32,0.09,0.11,0.52
,,,,Misc,0.0,0.02,0.46,0.03,0.52
,,,,Action,0.0,0.21,0.21,0.09,0.52
,,,,Sports,0.18,0.13,0.17,0.04,0.52
,,,,Sports,0.52,0.0,0.0,0.0,0.52
,,,,Action,0.02,0.19,0.25,0.06,0.52
,,,,Action,0.0,0.04,0.44,0.04,0.52
,,,,Shooter,0.0,0.2,0.25,0.07,0.52
,,,,Shooter,0.0,0.12,0.38,0.02,0.52
,,,,Adventure,0.0,0.14,0.37,0.01,0.52
,,,,Action,0.08,0.04,0.36,0.04,0.52
,,,,Sports,0.01,0.0,0.47,0.04,0.52
,,,,Action,0.0,0.2,0.25,0.07,0.52
,,,,Strategy,0.31,0.07,0.1,0.03,0.52
,,,,Misc,0.52,0.0,0.0,0.0,0.52
,,,,Sports,0.0,0.2,0.25,0.07,0.52
,,,,Sports,0.0,0.14,0.37,0.01,0.52
,,,,Action,0.0,0.14,0.37,0.01,0.52
,,,,Misc,0.0,0.0,0.48,0.04,0.52
,,,,Shooter,0.2,0.11,0.17,0.03,0.52
,,,,Simulation,0.0,0.05,0.46,0.0,0.52
,,,,Action,0.0,0.12,0.35,0.05,0.52
,,,,Sports,0.0,0.11,0.38,0.02,0.52
,,,,Sports,0.0,0.19,0.29,0.03,0.52
,,,,Misc,0.0,0.2,0.25,0.07,0.52
,,,,Misc,0.0,0.02,0.46,0.04,0.51
,,,,Action,0.25,0.1,0.13,0.03,0.51
,,,,Role-Playing,0.0,0.46,0.0,0.06,0.51
,,,,Fighting,0.01,0.17,0.29,0.04,0.51
,,,,Sports,0.0,0.03,0.48,0.01,0.51
,,,,Misc,0.0,0.2,0.25,0.07,0.51
,,,,Action,0.0,0.13,0.34,0.04,0.51
,,,,Role-Playing,0.27,0.07,0.13,0.05,0.51
,,,,Action,0.0,0.25,0.17,0.09,0.51
,,,,Sports,0.35,0.05,0.08,0.03,0.51
,,,,Puzzle,0.0,0.12,0.35,0.04,0.51
,,,,Racing,0.0,0.2,0.25,0.07,0.51
,,,,Strategy,0.0,0.29,0.18,0.04,0.51
,,,,Sports,0.0,0.18,0.29,0.04,0.51
,,,,Fighting,0.07,0.2,0.12,0.12,0.51
,,,,Action,0.0,0.21,0.26,0.05,0.51
,,,,Role-Playing,0.02,0.23,0.17,0.09,0.51
,,,,Sports,0.06,0.27,0.12,0.05,0.51
,,,,Shooter,0.0,0.21,0.25,0.05,0.51
,,,,Misc,0.51,0.0,0.0,0.0,0.51
,,,,Sports,0.0,0.1,0.4,0.01,0.51
,,,,Sports,0.51,0.0,0.0,0.0,0.51
,,,,Role-Playing,0.0,0.2,0.25,0.07,0.51
,,,,Sports,0.0,0.19,0.28,0.03,0.51
,,,,Sports,0.0,0.0,0.47,0.04,0.51
,,,,Sports,0.0,0.01,0.46,0.04,0.51
,,,,Strategy,0.17,0.03,0.28,0.03,0.51
,,,,Action,0.3,0.01,0.18,0.02,0.51
,,,,Misc,0.0,0.14,0.37,0.01,0.51
,,,,Fighting,0.02,0.09,0.36,0.04,0.51
,,,,Misc,0.0,0.09,0.41,0.01,0.51
,,,,Platform,0.51,0.0,0.0,0.0,0.51
,,,,Sports,0.22,0.26,0.01,0.02,0.51
,,,,Sports,0.0,0.0,0.47,0.04,0.51
,,,,Action,0.0,0.13,0.33,0.05,0.51
,,,,Shooter,0.0,0.19,0.24,0.08,0.51
,,,,Platform,0.0,0.02,0.45,0.04,0.51
,,,,Action,0.0,0.23,0.19,0.09,0.51
,,,,Sports,0.0,0.04,0.44,0.02,0.51
,,,,Strategy,0.48,0.0,0.0,0.03,0.51
,,,,Platform,0.0,0.14,0.37,0.01,0.51
,,,,Fighting,0.0,0.03,0.44,0.04,0.51
,,,,Simulation,0.2,0.12,0.15,0.04,0.51
,,,,Strategy,0.02,0.22,0.18,0.09,0.51
,,,,Role-Playing,0.11,0.04,0.32,0.04,0.51
,,,,Racing,0.0,0.28,0.08,0.15,0.51
,,,,Action,0.0,0.16,0.3,0.05,0.51
,,,,Puzzle,0.3,0.02,0.17,0.02,0.51
,,,,Role-Playing,0.07,0.03,0.36,0.04,0.51
,,,,Sports,0.0,0.02,0.42,0.07,0.51
,,,,Action,0.0,0.21,0.18,0.12,0.51
,,,,Action,0.01,0.19,0.27,0.04,0.51
,,,,Action,0.0,0.01,0.47,0.03,0.51
,,,,Misc,0.0,0.11,0.37,0.02,0.51
,,,,Sports,0.0,0.19,0.25,0.06,0.51
,,,,Role-Playing,0.51,0.0,0.0,0.0,0.51
,,,,Racing,0.0,0.05,0.42,0.04,0.51
,,,,Action,0.0,0.24,0.18,0.08,0.51
,,,,Simulation,0.0,0.42,0.0,0.09,0.51
,,,,Fighting,0.0,0.13,0.36,0.01,0.51
,,,,Action,0.0,0.19,0.26,0.06,0.51
,,,,Simulation,0.0,0.01,0.46,0.04,0.51
,,,,Sports,0.0,0.11,0.37,0.02,0.51
,,,,Action,0.0,0.19,0.25,0.06,0.51
,,,,Shooter,0.0,0.03,0.47,0.01,0.51
,,,,Misc,0.05,0.17,0.22,0.06,0.51
,,,,Misc,0.0,0.17,0.29,0.05,0.51
,,,,Shooter,0.02,0.25,0.14,0.09,0.51
,,,,Misc,0.0,0.19,0.25,0.06,0.51
,,,,Adventure,0.0,0.33,0.12,0.06,0.51
,,,,Sports,0.0,0.19,0.28,0.03,0.51
,,,,Action,0.0,0.13,0.36,0.01,0.5
,,,,Racing,0.0,0.35,0.1,0.06,0.5
,,,,Sports,0.0,0.01,0.45,0.04,0.5
,,,,Racing,0.0,0.02,0.42,0.07,0.5
,,,,Platform,0.0,0.19,0.25,0.06,0.5
,,,,Shooter,0.01,0.21,0.23,0.05,0.5
,,,,Action,0.0,0.03,0.47,0.01,0.5
,,,,Adventure,0.04,0.15,0.27,0.04,0.5
,,,,Action,0.0,0.34,0.1,0.07,0.5
,,,,Sports,0.0,0.12,0.31,0.07,0.5
,,,,Racing,0.0,0.06,0.42,0.02,0.5
,,,,Role-Playing,0.11,0.12,0.22,0.05,0.5
,,,,Role-Playing,0.5,0.0,0.0,0.0,0.5
,,,,Fighting,0.32,0.02,0.14,0.02,0.5
,,,,Adventure,0.0,0.1,0.39,0.01,0.5
,,,,Misc,0.0,0.19,0.28,0.03,0.5
,,,,Action,0.0,0.19,0.25,0.06,0.5
,,,,Action,0.0,0.19,0.25,0.06,0.5
,,,,Misc,0.0,0.19,0.25,0.06,0.5
,,,,Shooter,0.0,0.03,0.47,0.01,0.5
,,,,Misc,0.0,0.19,0.25,0.06,0.5
,,,,Platform,0.0,0.19,0.25,0.06,0.5
,,,,Sports,0.0,0.19,0.27,0.04,0.5
,,,,Action,0.0,0.26,0.2,0.04,0.5
,,,,Simulation,0.0,0.12,0.34,0.04,0.5
,,,,Misc,0.0,0.03,0.43,0.04,0.5
,,,,Misc,0.18,0.07,0.22,0.02,0.5
,,,,Fighting,0.07,0.11,0.27,0.05,0.5
,,,,Sports,0.0,0.0,0.46,0.04,0.5
,,,,Action,0.0,0.09,0.4,0.01,0.5
,,,,Simulation,0.0,0.01,0.46,0.04,0.5
,,,,Simulation,0.0,0.19,0.24,0.06,0.5
,,,,Role-Playing,0.31,0.05,0.13,0.01,0.5
,,,,Misc,0.17,0.04,0.27,0.02,0.5
,,,,Strategy,0.5,0.0,0.0,0.0,0.5
,,,,Adventure,0.0,0.18,0.27,0.05,0.5
,,,,Sports,0.0,0.01,0.45,0.04,0.5
,,,,Action,0.03,0.02,0.41,0.04,0.5
,,,,Sports,0.0,0.19,0.28,0.03,0.5
,,,,Fighting,0.08,0.1,0.3,0.02,0.5
,,,,Role-Playing,0.29,0.07,0.11,0.03,0.5
,,,,Sports,0.01,0.25,0.11,0.13,0.5
,,,,Shooter,0.0,0.19,0.24,0.06,0.5
,,,,Action,0.0,0.22,0.2,0.08,0.5
,,,,Action,0.0,0.19,0.24,0.06,0.5
,,,,Action,0.0,0.16,0.29,0.04,0.5
,,,,Sports,0.0,0.02,0.41,0.07,0.5
,,,,Sports,0.0,0.0,0.47,0.03,0.5
,,,,Shooter,0.0,0.24,0.22,0.04,0.5
,,,,Misc,0.0,0.0,0.46,0.04,0.5
,,,,Role-Playing,0.28,0.08,0.11,0.03,0.5
,,,,Racing,0.0,0.17,0.28,0.05,0.5
,,,,Racing,0.0,0.16,0.29,0.05,0.5
,,,,Sports,0.0,0.1,0.38,0.01,0.5
,,,,Racing,0.0,0.19,0.24,0.06,0.5
,,,,Sports,0.5,0.0,0.0,0.0,0.5
,,,,Action,0.32,0.07,0.09,0.03,0.5
,,,,Action,0.0,0.19,0.24,0.06,0.5
,,,,Platform,0.0,0.13,0.36,0.01,0.5
,,,,Strategy,0.5,0.0,0.0,0.0,0.5
,,,,Role-Playing,0.46,0.0,0.0,0.03,0.5
,,,,Action,0.0,0.02,0.41,0.07,0.5
,,,,Action,0.0,0.01,0.41,0.07,0.5
,,,,Action,0.0,0.2,0.21,0.08,0.5
,,,,Shooter,0.0,0.19,0.24,0.06,0.5
,,,,Action,0.01,0.2,0.25,0.04,0.5
,,,,Sports,0.0,0.03,0.46,0.01,0.5
,,,,Platform,0.0,0.19,0.24,0.06,0.5
,,,,Action,0.0,0.03,0.46,0.01,0.5
,,,,Action,0.0,0.03,0.46,0.01,0.5
,,,,Racing,0.12,0.15,0.19,0.03,0.5
,,,,Racing,0.0,0.0,0.46,0.04,0.49
,,,,Action,0.03,0.12,0.3,0.04,0.49
,,,,Action,0.13,0.17,0.16,0.03,0.49
,,,,Action,0.05,0.15,0.26,0.04,0.49
,,,,Sports,0.0,0.02,0.44,0.04,0.49
,,,,Sports,0.0,0.13,0.35,0.01,0.49
,,,,Racing,0.0,0.2,0.21,0.08,0.49
,,,,Sports,0.0,0.03,0.46,0.01,0.49
,,,,Action,0.49,0.0,0.0,0.0,0.49
,,,,Action,0.0,0.29,0.09,0.11,0.49
,,,,Action,0.0,0.01,0.41,0.07,0.49
,,,,Shooter,0.01,0.23,0.2,0.05,0.49
,,,,Action,0.02,0.13,0.31,0.04,0.49
,,,,Fighting,0.0,0.1,0.38,0.01,0.49
,,,,Platform,0.07,0.15,0.24,0.03,0.49
,,,,Action,0.0,0.13,0.35,0.01,0.49
,,,,Shooter,0.0,0.13,0.34,0.02,0.49
,,,,Adventure,0.0,0.0,0.45,0.03,0.49
,,,,Platform,0.0,0.0,0.45,0.04,0.49
,,,,Simulation,0.0,0.13,0.35,0.01,0.49
,,,,Role-Playing,0.24,0.1,0.12,0.03,0.49
,,,,Sports,0.0,0.31,0.12,0.06,0.49
,,,,Shooter,0.49,0.0,0.0,0.0,0.49
,,,,Puzzle,0.49,0.0,0.0,0.0,0.49
,,,,Action,0.0,0.11,0.37,0.02,0.49
,,,,Shooter,0.0,0.2,0.24,0.05,0.49
,,,,Misc,0.16,0.12,0.18,0.03,0.49
,,,,Sports,0.0,0.3,0.16,0.03,0.49
,,,,Fighting,0.03,0.18,0.24,0.05,0.49
,,,,Action,0.02,0.02,0.42,0.03,0.49
,,,,Shooter,0.0,0.23,0.2,0.07,0.49
,,,,Shooter,0.0,0.17,0.28,0.04,0.49
,,,,Sports,0.49,0.0,0.0,0.0,0.49
,,,,Action,0.09,0.26,0.07,0.07,0.49
,,,,Sports,0.0,0.19,0.24,0.06,0.49
,,,,Racing,0.0,0.15,0.0,0.33,0.49
,,,,Sports,0.0,0.19,0.24,0.06,0.49
,,,,Action,0.04,0.04,0.36,0.04,0.49
,,,,Action,0.0,0.17,0.28,0.04,0.49
,,,,Misc,0.49,0.0,0.0,0.0,0.49
,,,,Adventure,0.0,0.3,0.14,0.05,0.49
,,,,Fighting,0.46,0.0,0.0,0.03,0.49
,,,,Shooter,0.0,0.01,0.25,0.22,0.49
,,,,Sports,0.0,0.47,0.0,0.02,0.49
,,,,Shooter,0.0,0.45,0.0,0.03,0.49
,,,,Racing,0.02,0.09,0.36,0.01,0.49
,,,,Racing,0.0,0.19,0.24,0.06,0.49
,,,,Racing,0.02,0.31,0.07,0.08,0.49
,,,,Action,0.0,0.11,0.36,0.02,0.49
,,,,Sports,0.0,0.0,0.45,0.03,0.49
,,,,Action,0.0,0.18,0.27,0.03,0.49
,,,,Adventure,0.0,0.35,0.08,0.06,0.49
,,,,Racing,0.02,0.16,0.27,0.04,0.49
,,,,Misc,0.49,0.0,0.0,0.0,0.49
,,,,Action,0.05,0.1,0.31,0.03,0.49
,,,,Role-Playing,0.35,0.05,0.07,0.02,0.49
,,,,Simulation,0.49,0.0,0.0,0.0,0.49
,,,,Action,0.0,0.02,0.42,0.04,0.49
,,,,Action,0.0,0.45,0.01,0.03,0.49
,,,,Shooter,0.07,0.23,0.12,0.07,0.49
,,,,Action,0.0,0.06,0.38,0.04,0.49
,,,,Misc,0.0,0.01,0.44,0.04,0.49
,,,,Shooter,0.01,0.21,0.19,0.08,0.49
,,,,Racing,0.0,0.25,0.12,0.11,0.48
,,,,Misc,0.0,0.02,0.43,0.04,0.48
,,,,Shooter,0.01,0.11,0.33,0.04,0.48
,,,,Puzzle,0.0,0.48,0.0,0.0,0.48
,,,,Action,0.0,0.02,0.4,0.07,0.48
,,,,Action,0.05,0.18,0.16,0.09,0.48
,,,,Role-Playing,0.29,0.01,0.16,0.02,0.48
,,,,Action,0.0,0.13,0.35,0.01,0.48
,,,,Sports,0.0,0.27,0.15,0.06,0.48
,,,,Simulation,0.0,0.03,0.42,0.04,0.48
,,,,Sports,0.17,0.14,0.15,0.03,0.48
,,,,Racing,0.0,0.13,0.35,0.01,0.48
,,,,Role-Playing,0.45,0.0,0.0,0.03,0.48
,,,,Sports,0.0,0.11,0.36,0.02,0.48
,,,,Action,0.01,0.19,0.23,0.05,0.48
,,,,Shooter,0.0,0.03,0.45,0.01,0.48
,,,,Adventure,0.48,0.0,0.0,0.0,0.48
,,,,Misc,0.0,0.17,0.27,0.05,0.48
,,,,Shooter,0.01,0.2,0.22,0.05,0.48
,,,,Shooter,0.0,0.24,0.2,0.05,0.48
,,,,Misc,0.0,0.18,0.24,0.06,0.48
,,,,Action,0.0,0.02,0.4,0.07,0.48
,,,,Fighting,0.0,0.18,0.27,0.03,0.48
,,,,Misc,0.0,0.03,0.42,0.04,0.48
,,,,Sports,0.0,0.0,0.44,0.04,0.48
,,,,Fighting,0.0,0.18,0.27,0.03,0.48
,,,,Action,0.0,0.36,0.08,0.04,0.48
,,,,Misc,0.0,0.15,0.24,0.1,0.48
,,,,Adventure,0.13,0.07,0.25,0.03,0.48
,,,,Platform,0.0,0.21,0.22,0.05,0.48
,,,,Sports,0.03,0.24,0.09,0.12,0.48
,,,,Simulation,0.0,0.18,0.24,0.06,0.48
,,,,Action,0.0,0.01,0.44,0.03,0.48
,,,,Sports,0.0,0.04,0.44,0.0,0.48
,,,,Simulation,0.11,0.06,0.25,0.06,0.48
,,,,Sports,0.0,0.02,0.4,0.07,0.48
,,,,Simulation,0.0,0.18,0.24,0.06,0.48
,,,,Action,0.0,0.26,0.18,0.04,0.48
,,,,Simulation,0.0,0.07,0.41,0.0,0.48
,,,,Racing,0.0,0.18,0.27,0.03,0.48
,,,,Role-Playing,0.06,0.11,0.26,0.05,0.48
,,,,Simulation,0.0,0.43,0.0,0.05,0.48
,,,,Strategy,0.0,0.18,0.23,0.06,0.48
,,,,Racing,0.0,0.24,0.18,0.05,0.48
,,,,Action,0.0,0.18,0.25,0.04,0.48
,,,,Simulation,0.01,0.25,0.16,0.05,0.48
,,,,Action,0.0,0.0,0.45,0.03,0.48
,,,,Action,0.07,0.01,0.38,0.02,0.48
,,,,Sports,0.0,0.18,0.27,0.03,0.48
,,,,Platform,0.0,0.02,0.42,0.04,0.48
,,,,Racing,0.0,0.13,0.34,0.01,0.48
,,,,Action,0.31,0.01,0.14,0.02,0.48
,,,,Action,0.0,0.28,0.14,0.06,0.48
,,,,Role-Playing,0.27,0.06,0.12,0.02,0.48
,,,,Role-Playing,0.01,0.19,0.25,0.04,0.48
,,,,Sports,0.0,0.11,0.35,0.02,0.48
,,,,Sports,0.01,0.27,0.19,0.0,0.48
,,,,Action,0.0,0.05,0.19,0.24,0.48
,,,,Racing,0.0,0.03,0.45,0.0,0.48
,,,,Racing,0.0,0.4,0.06,0.01,0.48
,,,,Simulation,0.04,0.03,0.37,0.04,0.48
,,,,Racing,0.0,0.18,0.23,0.06,0.48
,,,,Racing,0.0,0.09,0.35,0.04,0.48
,,,,Racing,0.0,0.27,0.15,0.06,0.48
,,,,Platform,0.0,0.48,0.0,0.0,0.48
,,,,Puzzle,0.19,0.11,0.14,0.04,0.47
,,,,Action,0.0,0.02,0.45,0.01,0.47
,,,,Shooter,0.04,0.16,0.24,0.03,0.47
,,,,Sports,0.0,0.02,0.45,0.0,0.47
,,,,Role-Playing,0.18,0.11,0.16,0.03,0.47
,,,,Fighting,0.0,0.03,0.44,0.0,0.47
,,,,Shooter,0.01,0.16,0.23,0.07,0.47
,,,,Shooter,0.01,0.17,0.25,0.05,0.47
,,,,Fighting,0.0,0.18,0.23,0.06,0.47
,,,,Fighting,0.03,0.1,0.31,0.03,0.47
,,,,Action,0.0,0.02,0.39,0.06,0.47
,,,,Racing,0.0,0.23,0.19,0.05,0.47
,,,,Action,0.0,0.01,0.43,0.04,0.47
,,,,Role-Playing,0.0,0.1,0.33,0.04,0.47
,,,,Puzzle,0.47,0.0,0.0,0.0,0.47
,,,,Action,0.0,0.18,0.26,0.03,0.47
,,,,Platform,0.03,0.04,0.37,0.04,0.47
,,,,Fighting,0.09,0.16,0.15,0.08,0.47
,,,,Action,0.0,0.17,0.23,0.08,0.47
,,,,Action,0.0,0.18,0.26,0.03,0.47
,,,,Action,0.0,0.18,0.23,0.06,0.47
,,,,Action,0.04,0.16,0.21,0.06,0.47
,,,,Sports,0.0,0.28,0.14,0.04,0.47
,,,,Fighting,0.0,0.13,0.3,0.04,0.47
,,,,Role-Playing,0.47,0.0,0.0,0.0,0.47
,,,,Fighting,0.38,0.04,0.05,0.01,0.47
,,,,Simulation,0.0,0.01,0.42,0.04,0.47
,,,,Action,0.0,0.21,0.23,0.04,0.47
,,,,Platform,0.46,0.0,0.0,0.01,0.47
,,,,Role-Playing,0.39,0.03,0.04,0.01,0.47
,,,,Racing,0.0,0.18,0.23,0.06,0.47
,,,,Role-Playing,0.0,0.02,0.41,0.04,0.47
,,,,Action,0.05,0.3,0.0,0.12,0.47
,,,,Sports,0.01,0.3,0.05,0.12,0.47
,,,,Strategy,0.0,0.45,0.0,0.02,0.47
,,,,Racing,0.02,0.22,0.1,0.12,0.47
,,,,Action,0.47,0.0,0.0,0.0,0.47
,,,,Platform,0.0,0.02,0.41,0.04,0.47
,,,,Action,0.0,0.25,0.14,0.08,0.47
,,,,Racing,0.0,0.18,0.23,0.06,0.47
,,,,Platform,0.08,0.06,0.27,0.05,0.47
,,,,Racing,0.0,0.17,0.28,0.01,0.47
,,,,Role-Playing,0.0,0.08,0.38,0.01,0.47
,,,,Misc,0.44,0.0,0.0,0.03,0.47
,,,,Shooter,0.0,0.08,0.38,0.01,0.47
,,,,Puzzle,0.0,0.09,0.34,0.04,0.47
,,,,Simulation,0.0,0.29,0.0,0.18,0.47
,,,,Fighting,0.1,0.03,0.3,0.03,0.47
,,,,Action,0.0,0.02,0.44,0.0,0.47
,,,,Action,0.01,0.13,0.28,0.04,0.47
,,,,Platform,0.0,0.13,0.29,0.04,0.47
,,,,Sports,0.0,0.18,0.23,0.06,0.47
,,,,Racing,0.0,0.1,0.35,0.02,0.47
,,,,Sports,0.0,0.0,0.43,0.04,0.47
,,,,Sports,0.0,0.05,0.37,0.05,0.47
,,,,Sports,0.0,0.33,0.04,0.1,0.47
,,,,Misc,0.0,0.18,0.26,0.03,0.47
,,,,Action,0.0,0.0,0.43,0.04,0.47
,,,,Sports,0.0,0.0,0.44,0.03,0.47
,,,,Misc,0.47,0.0,0.0,0.0,0.47
,,,,Sports,0.47,0.0,0.0,0.0,0.47
,,,,Simulation,0.0,0.38,0.0,0.09,0.47
,,,,Racing,0.0,0.03,0.27,0.17,0.47
,,,,Racing,0.0,0.18,0.23,0.06,0.47
,,,,Sports,0.0,0.07,0.35,0.04,0.47
,,,,Adventure,0.0,0.12,0.33,0.01,0.47
,,,,Misc,0.0,0.01,0.39,0.06,0.47
,,,,Role-Playing,0.46,0.01,0.0,0.0,0.47
,,,,Sports,0.0,0.18,0.26,0.03,0.47
,,,,Misc,0.0,0.41,0.0,0.06,0.47
,,,,Action,0.0,0.12,0.33,0.01,0.47
,,,,Racing,0.0,0.15,0.24,0.07,0.47
,,,,Action,0.22,0.0,0.22,0.02,0.47
,,,,Puzzle,0.0,0.01,0.43,0.03,0.47
,,,,Fighting,0.0,0.18,0.23,0.06,0.47
,,,,Misc,0.0,0.09,0.36,0.01,0.47
,,,,Action,0.07,0.08,0.3,0.01,0.47
,,,,Sports,0.0,0.01,0.46,0.0,0.47
,,,,Sports,0.0,0.18,0.23,0.06,0.46
,,,,Adventure,0.0,0.18,0.23,0.06,0.46
,,,,Platform,0.0,0.15,0.26,0.05,0.46
,,,,Shooter,0.0,0.12,0.33,0.01,0.46
,,,,Racing,0.0,0.06,0.35,0.05,0.46
,,,,Puzzle,0.12,0.09,0.25,0.01,0.46
,,,,Shooter,0.0,0.11,0.34,0.02,0.46
,,,,Misc,0.0,0.12,0.33,0.01,0.46
,,,,Action,0.0,0.03,0.43,0.0,0.46
,,,,Misc,0.0,0.0,0.44,0.03,0.46
,,,,Sports,0.0,0.17,0.26,0.03,0.46
,,,,Action,0.0,0.03,0.4,0.04,0.46
,,,,Shooter,0.01,0.17,0.21,0.07,0.46
,,,,Platform,0.0,0.12,0.33,0.01,0.46
,,,,Action,0.06,0.15,0.2,0.05,0.46
,,,,Shooter,0.0,0.12,0.25,0.09,0.46
,,,,Sports,0.46,0.0,0.0,0.0,0.46
,,,,Strategy,0.2,0.1,0.13,0.03,0.46
,,,,Platform,0.46,0.0,0.0,0.0,0.46
,,,,Platform,0.0,0.12,0.33,0.01,0.46
,,,,Shooter,0.0,0.29,0.12,0.05,0.46
,,,,Shooter,0.0,0.25,0.13,0.09,0.46
,,,,Platform,0.0,0.12,0.33,0.01,0.46
,,,,Action,0.21,0.03,0.2,0.02,0.46
,,,,Strategy,0.02,0.03,0.38,0.04,0.46
,,,,Racing,0.0,0.04,0.37,0.05,0.46
,,,,Platform,0.0,0.16,0.27,0.04,0.46
,,,,Misc,0.0,0.18,0.23,0.06,0.46
,,,,Shooter,0.0,0.01,0.38,0.06,0.46
,,,,Sports,0.0,0.06,0.36,0.04,0.46
,,,,Action,0.0,0.09,0.34,0.04,0.46
,,,,Fighting,0.0,0.01,0.38,0.06,0.46
,,,,Platform,0.0,0.12,0.33,0.01,0.46
,,,,Platform,0.0,0.19,0.19,0.08,0.46
,,,,Racing,0.0,0.17,0.26,0.03,0.46
,,,,Shooter,0.0,0.14,0.23,0.09,0.46
,,,,Adventure,0.0,0.0,0.42,0.03,0.46
,,,,Action,0.24,0.16,0.04,0.01,0.46
,,,,Sports,0.0,0.17,0.26,0.03,0.46
,,,,Action,0.0,0.16,0.26,0.04,0.46
,,,,Shooter,0.0,0.01,0.38,0.06,0.46
,,,,Sports,0.03,0.25,0.09,0.09,0.46
,,,,Sports,0.0,0.12,0.3,0.04,0.46
,,,,Action,0.0,0.03,0.43,0.0,0.46
,,,,Action,0.0,0.18,0.22,0.06,0.46
,,,,Misc,0.0,0.18,0.22,0.06,0.46
,,,,Action,0.0,0.12,0.33,0.01,0.46
,,,,Racing,0.0,0.12,0.33,0.01,0.46
,,,,Action,0.0,0.19,0.19,0.07,0.46
,,,,Simulation,0.0,0.28,0.11,0.07,0.46
,,,,Fighting,0.12,0.01,0.3,0.03,0.46
,,,,Sports,0.0,0.0,0.43,0.03,0.46
,,,,Misc,0.0,0.09,0.33,0.04,0.46
,,,,Action,0.0,0.16,0.26,0.04,0.46
,,,,Misc,0.0,0.05,0.37,0.03,0.46
,,,,Platform,0.0,0.17,0.22,0.06,0.46
,,,,Misc,0.46,0.0,0.0,0.0,0.46
,,,,Strategy,0.0,0.23,0.18,0.05,0.46
,,,,Action,0.0,0.24,0.09,0.12,0.46
,,,,Action,0.0,0.18,0.24,0.04,0.46
,,,,Action,0.0,0.12,0.3,0.04,0.46
,,,,Racing,0.0,0.17,0.25,0.03,0.46
,,,,Action,0.0,0.13,0.29,0.04,0.46
,,,,Role-Playing,0.23,0.1,0.08,0.05,0.46
,,,,Fighting,0.0,0.17,0.25,0.03,0.46
,,,,Shooter,0.0,0.17,0.22,0.06,0.46
,,,,Racing,0.01,0.38,0.02,0.06,0.46
,,,,Sports,0.0,0.0,0.42,0.04,0.46
,,,,Racing,0.0,0.17,0.24,0.05,0.46
,,,,Shooter,0.46,0.0,0.0,0.0,0.46
,,,,Role-Playing,0.17,0.11,0.14,0.04,0.46
,,,,Platform,0.0,0.23,0.19,0.04,0.46
,,,,Role-Playing,0.45,0.0,0.0,0.01,0.46
,,,,Role-Playing,0.07,0.11,0.22,0.05,0.46
,,,,Adventure,0.0,0.0,0.42,0.03,0.46
,,,,Puzzle,0.34,0.05,0.05,0.01,0.46
,,,,Action,0.0,0.2,0.21,0.04,0.46
,,,,Sports,0.0,0.08,0.36,0.02,0.46
,,,,Misc,0.0,0.0,0.43,0.03,0.46
,,,,Simulation,0.0,0.17,0.25,0.03,0.46
,,,,Action,0.01,0.02,0.39,0.04,0.46
,,,,Shooter,0.03,0.16,0.2,0.07,0.46
,,,,Misc,0.0,0.35,0.0,0.1,0.46
,,,,Misc,0.15,0.1,0.13,0.07,0.46
,,,,Role-Playing,0.45,0.0,0.0,0.0,0.45
,,,,Action,0.0,0.15,0.26,0.04,0.45
,,,,Action,0.38,0.03,0.03,0.02,0.45
,,,,Platform,0.0,0.12,0.33,0.01,0.45
,,,,Role-Playing,0.09,0.13,0.15,0.08,0.45
,,,,Shooter,0.0,0.17,0.25,0.03,0.45
,,,,Action,0.0,0.21,0.21,0.04,0.45
,,,,Adventure,0.0,0.0,0.42,0.03,0.45
,,,,Sports,0.45,0.0,0.0,0.0,0.45
,,,,Adventure,0.01,0.25,0.12,0.08,0.45
,,,,Sports,0.45,0.0,0.0,0.0,0.45
,,,,Action,0.02,0.09,0.34,0.01,0.45
,,,,Platform,0.0,0.06,0.36,0.03,0.45
,,,,Racing,0.0,0.1,0.34,0.02,0.45
,,,,Sports,0.45,0.0,0.0,0.0,0.45
,,,,Puzzle,0.0,0.0,0.42,0.03,0.45
,,,,Role-Playing,0.16,0.06,0.23,0.01,0.45
,,,,Misc,0.0,0.37,0.03,0.05,0.45
,,,,Action,0.0,0.17,0.22,0.06,0.45
,,,,Shooter,0.02,0.16,0.21,0.07,0.45
,,,,Sports,0.0,0.03,0.39,0.03,0.45
,,,,Fighting,0.07,0.21,0.13,0.03,0.45
,,,,Shooter,0.0,0.11,0.32,0.02,0.45
,,,,Misc,0.0,0.01,0.41,0.03,0.45
,,,,Sports,0.0,0.01,0.38,0.06,0.45
,,,,Action,0.0,0.26,0.14,0.05,0.45
,,,,Misc,0.0,0.0,0.42,0.03,0.45
,,,,Sports,0.0,0.03,0.4,0.03,0.45
,,,,Shooter,0.0,0.11,0.3,0.04,0.45
,,,,Puzzle,0.0,0.03,0.42,0.0,0.45
,,,,Sports,0.0,0.17,0.25,0.03,0.45
,,,,Shooter,0.0,0.17,0.22,0.06,0.45
,,,,Sports,0.42,0.0,0.0,0.03,0.45
,,,,Racing,0.0,0.28,0.12,0.05,0.45
,,,,Sports,0.0,0.17,0.22,0.06,0.45
,,,,Fighting,0.0,0.15,0.26,0.04,0.45
,,,,Shooter,0.0,0.1,0.34,0.02,0.45
,,,,Strategy,0.0,0.02,0.39,0.03,0.45
,,,,Simulation,0.0,0.02,0.42,0.0,0.45
,,,,Action,0.0,0.13,0.26,0.06,0.45
,,,,Shooter,0.01,0.11,0.3,0.04,0.45
,,,,Misc,0.0,0.01,0.41,0.03,0.45
,,,,Shooter,0.0,0.21,0.17,0.07,0.45
,,,,Misc,0.0,0.0,0.42,0.03,0.45
,,,,Sports,0.15,0.18,0.08,0.05,0.45
,,,,Action,0.0,0.17,0.25,0.03,0.45
,,,,Action,0.0,0.14,0.27,0.04,0.45
,,,,Sports,0.05,0.26,0.09,0.05,0.45
,,,,Misc,0.0,0.12,0.32,0.01,0.45
,,,,Misc,0.0,0.26,0.11,0.08,0.45
,,,,Role-Playing,0.45,0.0,0.0,0.0,0.45
,,,,Action,0.32,0.02,0.1,0.01,0.45
,,,,Sports,0.45,0.0,0.0,0.0,0.45
,,,,Action,0.1,0.22,0.08,0.05,0.45
,,,,Action,0.0,0.17,0.22,0.06,0.45
,,,,Fighting,0.45,0.0,0.0,0.0,0.45
,,,,Action,0.0,0.08,0.36,0.01,0.45
,,,,Puzzle,0.0,0.08,0.36,0.01,0.45
,,,,Role-Playing,0.07,0.13,0.19,0.06,0.45
,,,,Simulation,0.0,0.14,0.26,0.04,0.45
,,,,Sports,0.0,0.33,0.09,0.03,0.45
,,,,Simulation,0.0,0.01,0.41,0.03,0.45
,,,,Action,0.0,0.0,0.41,0.03,0.45
,,,,Fighting,0.0,0.12,0.32,0.01,0.45
,,,,Role-Playing,0.0,0.03,0.22,0.2,0.45
,,,,Role-Playing,0.42,0.0,0.0,0.03,0.45
,,,,Misc,0.0,0.19,0.21,0.05,0.45
,,,,Fighting,0.01,0.14,0.26,0.04,0.45
,,,,Racing,0.0,0.12,0.32,0.01,0.45
,,,,Action,0.0,0.24,0.16,0.05,0.45
,,,,Action,0.0,0.02,0.42,0.0,0.45
,,,,Action,0.42,0.0,0.0,0.03,0.45
,,,,Action,0.0,0.16,0.25,0.04,0.45
,,,,Misc,0.0,0.06,0.0,0.39,0.45
,,,,Shooter,0.06,0.13,0.17,0.08,0.45
,,,,Role-Playing,0.42,0.0,0.0,0.03,0.45
,,,,Misc,0.0,0.02,0.09,0.34,0.45
,,,,Sports,0.0,0.02,0.4,0.03,0.45
,,,,Action,0.36,0.03,0.04,0.01,0.45
,,,,Sports,0.0,0.05,0.36,0.05,0.45
,,,,Sports,0.0,0.17,0.25,0.03,0.45
,,,,Fighting,0.0,0.1,0.34,0.02,0.45
,,,,Sports,0.0,0.04,0.38,0.03,0.45
,,,,Strategy,0.0,0.26,0.04,0.14,0.45
,,,,Sports,0.0,0.09,0.35,0.01,0.45
,,,,Shooter,0.0,0.02,0.42,0.0,0.45
,,,,Fighting,0.0,0.09,0.35,0.01,0.45
,,,,Action,0.31,0.0,0.13,0.01,0.45
,,,,Racing,0.0,0.07,0.36,0.01,0.45
,,,,Racing,0.0,0.17,0.25,0.03,0.45
,,,,Racing,0.0,0.17,0.22,0.06,0.45
,,,,Role-Playing,0.19,0.09,0.14,0.03,0.45
,,,,Sports,0.13,0.16,0.13,0.03,0.45
,,,,Sports,0.0,0.22,0.18,0.05,0.45
,,,,Action,0.0,0.03,0.42,0.0,0.45
,,,,Action,0.0,0.17,0.22,0.06,0.45
,,,,Sports,0.0,0.12,0.32,0.01,0.45
,,,,Platform,0.0,0.22,0.11,0.12,0.45
,,,,Misc,0.0,0.16,0.24,0.04,0.45
,,,,Simulation,0.0,0.0,0.42,0.03,0.45
,,,,Misc,0.0,0.11,0.3,0.04,0.45
,,,,Misc,0.0,0.17,0.22,0.06,0.44
,,,,Shooter,0.0,0.15,0.21,0.08,0.44
,,,,Sports,0.0,0.01,0.37,0.06,0.44
,,,,Misc,0.0,0.01,0.37,0.06,0.44
,,,,Sports,0.02,0.33,0.06,0.03,0.44
,,,,Sports,0.0,0.02,0.42,0.0,0.44
,,,,Action,0.0,0.17,0.22,0.06,0.44
,,,,Misc,0.0,0.01,0.37,0.06,0.44
,,,,Action,0.0,0.21,0.19,0.04,0.44
,,,,Puzzle,0.0,0.11,0.3,0.04,0.44
,,,,Adventure,0.0,0.17,0.22,0.06,0.44
,,,,Action,0.0,0.21,0.2,0.04,0.44
,,,,Action,0.0,0.17,0.22,0.06,0.44
,,,,Role-Playing,0.0,0.12,0.3,0.02,0.44
,,,,Misc,0.0,0.0,0.41,0.03,0.44
,,,,Action,0.0,0.13,0.28,0.04,0.44
,,,,Action,0.03,0.2,0.14,0.08,0.44
,,,,Simulation,0.02,0.01,0.4,0.0,0.44
,,,,Action,0.0,0.17,0.22,0.06,0.44
,,,,Action,0.0,0.1,0.33,0.02,0.44
,,,,Action,0.01,0.13,0.26,0.04,0.44
,,,,Shooter,0.0,0.15,0.26,0.04,0.44
,,,,Sports,0.41,0.0,0.0,0.03,0.44
,,,,Sports,0.0,0.08,0.35,0.01,0.44
,,,,Shooter,0.0,0.01,0.37,0.06,0.44
,,,,Action,0.0,0.2,0.19,0.05,0.44
,,,,Action,0.0,0.15,0.25,0.04,0.44
,,,,Action,0.0,0.1,0.33,0.02,0.44
,,,,Platform,0.43,0.0,0.0,0.01,0.44
,,,,Shooter,0.0,0.17,0.25,0.03,0.44
,,,,Racing,0.0,0.22,0.18,0.04,0.44
,,,,Racing,0.3,0.05,0.07,0.03,0.44
,,,,Action,0.11,0.1,0.19,0.05,0.44
,,,,Shooter,0.0,0.12,0.28,0.04,0.44
,,,,Action,0.0,0.1,0.33,0.02,0.44
,,,,Misc,0.0,0.29,0.1,0.05,0.44
,,,,Misc,0.0,0.01,0.4,0.03,0.44
,,,,Shooter,0.01,0.04,0.36,0.04,0.44
,,,,Shooter,0.44,0.0,0.0,0.0,0.44
,,,,Puzzle,0.0,0.17,0.25,0.03,0.44
,,,,Role-Playing,0.0,0.17,0.25,0.03,0.44
,,,,Puzzle,0.44,0.0,0.0,0.0,0.44
,,,,Puzzle,0.15,0.03,0.16,0.1,0.44
,,,,Shooter,0.0,0.08,0.35,0.01,0.44
,,,,Shooter,0.06,0.14,0.2,0.04,0.44
,,,,Misc,0.0,0.0,0.41,0.03,0.44
,,,,Action,0.0,0.18,0.18,0.07,0.44
,,,,Misc,0.0,0.09,0.34,0.01,0.44
,,,,Strategy,0.44,0.0,0.0,0.0,0.44
,,,,Action,0.0,0.17,0.24,0.03,0.44
,,,,Simulation,0.0,0.0,0.41,0.03,0.44
,,,,Simulation,0.0,0.0,0.4,0.03,0.44
,,,,Strategy,0.12,0.07,0.19,0.06,0.44
,,,,Racing,0.0,0.08,0.34,0.02,0.44
,,,,Sports,0.44,0.0,0.0,0.0,0.44
,,,,Sports,0.0,0.17,0.24,0.03,0.44
,,,,Fighting,0.43,0.0,0.0,0.01,0.44
,,,,Action,0.0,0.14,0.26,0.04,0.44
,,,,Platform,0.0,0.09,0.34,0.01,0.44
,,,,Action,0.0,0.12,0.31,0.01,0.44
,,,,Puzzle,0.0,0.03,0.41,0.0,0.44
,,,,Misc,0.44,0.0,0.0,0.0,0.44
,,,,Sports,0.0,0.0,0.41,0.02,0.44
,,,,Action,0.0,0.14,0.26,0.04,0.44
,,,,Misc,0.0,0.12,0.26,0.06,0.44
,,,,Shooter,0.0,0.09,0.34,0.01,0.44
,,,,Action,0.0,0.12,0.31,0.01,0.44
,,,,Action,0.01,0.11,0.28,0.03,0.44
,,,,Adventure,0.0,0.09,0.34,0.01,0.44
,,,,Action,0.0,0.12,0.31,0.01,0.44
,,,,Fighting,0.0,0.01,0.36,0.06,0.44
,,,,Misc,0.0,0.06,0.0,0.38,0.44
,,,,Adventure,0.44,0.0,0.0,0.0,0.44
,,,,Platform,0.0,0.0,0.4,0.03,0.44
,,,,Action,0.44,0.0,0.0,0.0,0.44
,,,,Simulation,0.44,0.0,0.0,0.0,0.44
,,,,Sports,0.0,0.17,0.21,0.06,0.44
,,,,Misc,0.0,0.0,0.41,0.03,0.44
,,,,Action,0.0,0.01,0.36,0.06,0.44
,,,,Fighting,0.08,0.09,0.19,0.07,0.44
,,,,Puzzle,0.26,0.0,0.16,0.01,0.44
,,,,Simulation,0.0,0.07,0.35,0.02,0.44
,,,,Sports,0.0,0.0,0.41,0.03,0.44
,,,,Adventure,0.07,0.1,0.26,0.01,0.43
,,,,Role-Playing,0.0,0.18,0.19,0.07,0.43
,,,,Puzzle,0.06,0.13,0.2,0.03,0.43
,,,,Misc,0.0,0.01,0.39,0.03,0.43
,,,,Action,0.0,0.17,0.21,0.06,0.43
,,,,Sports,0.0,0.02,0.41,0.0,0.43
,,,,Racing,0.0,0.12,0.31,0.01,0.43
,,,,Action,0.0,0.0,0.17,0.26,0.43
,,,,Shooter,0.0,0.16,0.24,0.03,0.43
,,,,Sports,0.0,0.09,0.32,0.02,0.43
,,,,Simulation,0.0,0.12,0.31,0.01,0.43
,,,,Sports,0.0,0.36,0.01,0.06,0.43
,,,,Action,0.0,0.01,0.36,0.06,0.43
,,,,Racing,0.01,0.21,0.13,0.08,0.43
,,,,Misc,0.0,0.0,0.41,0.03,0.43
,,,,Platform,0.43,0.0,0.0,0.0,0.43
,,,,Sports,0.0,0.02,0.4,0.02,0.43
,,,,Shooter,0.0,0.18,0.22,0.04,0.43
,,,,Misc,0.0,0.04,0.35,0.04,0.43
,,,,Sports,0.0,0.03,0.38,0.03,0.43
,,,,Action,0.0,0.17,0.21,0.06,0.43
,,,,Misc,0.14,0.09,0.18,0.03,0.43
,,,,Sports,0.0,0.16,0.24,0.03,0.43
,,,,Action,0.0,0.2,0.16,0.07,0.43
,,,,Shooter,0.0,0.17,0.21,0.06,0.43
,,,,Action,0.0,0.02,0.4,0.0,0.43
,,,,Role-Playing,0.0,0.17,0.21,0.06,0.43
,,,,Role-Playing,0.1,0.03,0.28,0.02,0.43
,,,,Platform,0.0,0.11,0.31,0.01,0.43
,,,,Platform,0.17,0.07,0.18,0.01,0.43
,,,,Simulation,0.43,0.0,0.0,0.0,0.43
,,,,Sports,0.01,0.15,0.23,0.04,0.43
,,,,Role-Playing,0.21,0.07,0.12,0.03,0.43
,,,,Shooter,0.0,0.19,0.21,0.04,0.43
,,,,Misc,0.0,0.11,0.31,0.01,0.43
,,,,Action,0.0,0.04,0.15,0.24,0.43
,,,,Action,0.0,0.16,0.21,0.06,0.43
,,,,Action,0.0,0.15,0.24,0.04,0.43
,,,,Strategy,0.0,0.05,0.35,0.03,0.43
,,,,Racing,0.0,0.14,0.28,0.01,0.43
,,,,Platform,0.07,0.06,0.25,0.06,0.43
,,,,Shooter,0.0,0.22,0.15,0.06,0.43
,,,,Simulation,0.0,0.01,0.39,0.03,0.43
,,,,Platform,0.04,0.03,0.33,0.03,0.43
,,,,Sports,0.0,0.0,0.4,0.02,0.43
,,,,Sports,0.0,0.01,0.36,0.06,0.43
,,,,Sports,0.0,0.38,0.0,0.05,0.43
,,,,Role-Playing,0.0,0.16,0.21,0.05,0.43
,,,,Sports,0.24,0.07,0.1,0.03,0.43
,,,,Adventure,0.03,0.0,0.37,0.03,0.43
,,,,Simulation,0.25,0.07,0.09,0.02,0.43
,,,,Simulation,0.09,0.08,0.21,0.05,0.43
,,,,Action,0.0,0.19,0.16,0.08,0.43
,,,,Role-Playing,0.23,0.01,0.17,0.02,0.43
,,,,Misc,0.0,0.16,0.21,0.05,0.43
,,,,Role-Playing,0.29,0.05,0.07,0.02,0.43
,,,,Simulation,0.0,0.34,0.02,0.07,0.43
,,,,Action,0.0,0.17,0.23,0.04,0.43
,,,,Sports,0.0,0.09,0.33,0.01,0.43
,,,,Racing,0.0,0.0,0.39,0.03,0.43
,,,,Misc,0.0,0.01,0.39,0.03,0.43
,,,,Sports,0.0,0.11,0.31,0.01,0.43
,,,,Shooter,0.0,0.18,0.21,0.03,0.43
,,,,Action,0.0,0.1,0.27,0.05,0.43
,,,,Misc,0.0,0.08,0.33,0.01,0.43
,,,,Shooter,0.0,0.02,0.37,0.03,0.43
,,,,Simulation,0.0,0.0,0.39,0.03,0.43
,,,,Action,0.0,0.14,0.24,0.04,0.43
,,,,Action,0.0,0.16,0.21,0.05,0.43
,,,,Sports,0.0,0.16,0.24,0.03,0.43
,,,,Action,0.0,0.17,0.18,0.07,0.43
,,,,Misc,0.0,0.16,0.21,0.05,0.43
,,,,Action,0.0,0.17,0.15,0.1,0.43
,,,,Racing,0.0,0.2,0.11,0.12,0.43
,,,,Action,0.0,0.0,0.39,0.03,0.42
,,,,Role-Playing,0.42,0.0,0.0,0.0,0.42
,,,,Strategy,0.42,0.0,0.0,0.0,0.42
,,,,Sports,0.0,0.09,0.33,0.01,0.42
,,,,Action,0.0,0.16,0.22,0.04,0.42
,,,,Action,0.0,0.19,0.13,0.11,0.42
,,,,Role-Playing,0.16,0.02,0.23,0.02,0.42
,,,,Platform,0.0,0.16,0.21,0.05,0.42
,,,,Role-Playing,0.22,0.05,0.14,0.01,0.42
,,,,Misc,0.0,0.13,0.24,0.06,0.42
,,,,Shooter,0.0,0.01,0.35,0.06,0.42
,,,,Sports,0.0,0.16,0.21,0.05,0.42
,,,,Shooter,0.0,0.09,0.33,0.01,0.42
,,,,Simulation,0.0,0.1,0.31,0.01,0.42
,,,,Misc,0.0,0.15,0.23,0.04,0.42
,,,,Adventure,0.0,0.16,0.21,0.05,0.42
,,,,Adventure,0.0,0.16,0.24,0.03,0.42
,,,,Action,0.42,0.0,0.0,0.0,0.42
,,,,Action,0.0,0.16,0.24,0.03,0.42
,,,,Role-Playing,0.04,0.13,0.22,0.04,0.42
,,,,Sports,0.0,0.08,0.33,0.01,0.42
,,,,Sports,0.0,0.23,0.15,0.04,0.42
,,,,Platform,0.41,0.0,0.0,0.01,0.42
,,,,Platform,0.0,0.0,0.39,0.03,0.42
,,,,Shooter,0.01,0.04,0.34,0.04,0.42
,,,,Strategy,0.1,0.2,0.03,0.11,0.42
,,,,Simulation,0.0,0.16,0.24,0.03,0.42
,,,,Sports,0.0,0.16,0.21,0.05,0.42
,,,,Sports,0.0,0.16,0.23,0.03,0.42
,,,,Role-Playing,0.16,0.01,0.22,0.03,0.42
,,,,Action,0.0,0.19,0.2,0.04,0.42
,,,,Simulation,0.0,0.01,0.38,0.03,0.42
,,,,Action,0.0,0.0,0.42,0.0,0.42
,,,,Racing,0.0,0.16,0.23,0.03,0.42
,,,,Role-Playing,0.42,0.0,0.0,0.0,0.42
,,,,Sports,0.0,0.09,0.32,0.02,0.42
,,,,Misc,0.0,0.11,0.3,0.01,0.42
,,,,Racing,0.0,0.16,0.21,0.05,0.42
,,,,Action,0.0,0.16,0.21,0.05,0.42
,,,,Action,0.0,0.16,0.21,0.05,0.42
,,,,Platform,0.04,0.03,0.33,0.03,0.42
,,,,Racing,0.0,0.01,0.35,0.06,0.42
,,,,Shooter,0.03,0.17,0.19,0.04,0.42
,,,,Action,0.0,0.11,0.3,0.01,0.42
,,,,Fighting,0.0,0.02,0.37,0.03,0.42
,,,,Platform,0.0,0.11,0.3,0.01,0.42
,,,,Racing,0.0,0.16,0.23,0.03,0.42
,,,,Sports,0.0,0.0,0.39,0.03,0.42
,,,,Role-Playing,0.39,0.0,0.0,0.03,0.42
,,,,Misc,0.0,0.0,0.39,0.03,0.42
,,,,Fighting,0.42,0.0,0.0,0.0,0.42
,,,,Racing,0.0,0.05,0.35,0.02,0.42
,,,,Sports,0.42,0.0,0.0,0.0,0.42
,,,,Adventure,0.12,0.08,0.2,0.03,0.42
,,,,Action,0.0,0.16,0.21,0.05,0.42
,,,,Racing,0.0,0.06,0.35,0.0,0.42
,,,,Sports,0.0,0.07,0.34,0.0,0.42
,,,,Puzzle,0.0,0.07,0.34,0.0,0.42
,,,,Sports,0.39,0.0,0.0,0.03,0.42
,,,,Shooter,0.0,0.07,0.34,0.0,0.42
,,,,Shooter,0.0,0.08,0.32,0.01,0.42
,,,,Misc,0.0,0.16,0.19,0.07,0.42
,,,,Action,0.02,0.25,0.09,0.06,0.42
,,,,Sports,0.0,0.01,0.35,0.06,0.42
,,,,Action,0.0,0.15,0.24,0.03,0.42
,,,,Simulation,0.0,0.09,0.32,0.02,0.42
,,,,Platform,0.0,0.08,0.32,0.01,0.42
,,,,Simulation,0.0,0.03,0.36,0.03,0.42
,,,,Sports,0.42,0.0,0.0,0.0,0.42
,,,,Misc,0.0,0.11,0.3,0.01,0.42
,,,,Sports,0.0,0.16,0.21,0.05,0.42
,,,,Misc,0.42,0.0,0.0,0.0,0.42
,,,,Action,0.0,0.08,0.32,0.01,0.42
,,,,Adventure,0.0,0.0,0.39,0.03,0.42
,,,,Strategy,0.0,0.16,0.2,0.05,0.42
,,,,Simulation,0.0,0.03,0.35,0.03,0.42
,,,,Action,0.0,0.03,0.36,0.03,0.42
,,,,Action,0.16,0.1,0.14,0.03,0.42
,,,,Racing,0.0,0.0,0.39,0.03,0.42
,,,,Shooter,0.0,0.16,0.2,0.05,0.42
,,,,Puzzle,0.0,0.08,0.32,0.01,0.42
,,,,Action,0.05,0.14,0.18,0.05,0.42
,,,,Action,0.03,0.12,0.21,0.05,0.42
,,,,Simulation,0.13,0.05,0.22,0.02,0.42
,,,,Sports,0.35,0.02,0.02,0.03,0.42
,,,,Platform,0.0,0.11,0.3,0.01,0.42
,,,,Shooter,0.0,0.09,0.31,0.01,0.42
,,,,Adventure,0.03,0.17,0.18,0.04,0.42
,,,,Action,0.0,0.09,0.31,0.01,0.42
,,,,Action,0.0,0.13,0.21,0.08,0.42
,,,,Action,0.0,0.0,0.39,0.03,0.42
,,,,Misc,0.09,0.11,0.19,0.03,0.42
,,,,Action,0.11,0.12,0.16,0.03,0.42
,,,,Action,0.0,0.21,0.13,0.08,0.42
,,,,Sports,0.25,0.0,0.16,0.01,0.42
,,,,Fighting,0.0,0.18,0.16,0.07,0.42
,,,,Role-Playing,0.0,0.09,0.31,0.01,0.42
,,,,Sports,0.0,0.28,0.0,0.14,0.42
,,,,Action,0.0,0.16,0.2,0.05,0.42
,,,,Adventure,0.1,0.12,0.17,0.03,0.42
,,,,Fighting,0.12,0.11,0.16,0.03,0.42
,,,,Misc,0.0,0.16,0.2,0.05,0.42
,,,,Platform,0.04,0.09,0.22,0.07,0.42
,,,,Action,0.0,0.16,0.2,0.05,0.42
,,,,Fighting,0.42,0.0,0.0,0.0,0.42
,,,,Puzzle,0.06,0.05,0.26,0.04,0.42
,,,,Simulation,0.0,0.1,0.3,0.02,0.42
,,,,Shooter,0.0,0.02,0.36,0.03,0.41
,,,,Sports,0.0,0.16,0.2,0.05,0.41
,,,,Simulation,0.11,0.12,0.15,0.04,0.41
,,,,Action,0.0,0.12,0.26,0.04,0.41
,,,,Action,0.41,0.0,0.0,0.0,0.41
,,,,Misc,0.0,0.16,0.2,0.05,0.41
,,,,Adventure,0.0,0.11,0.3,0.01,0.41
,,,,Sports,0.0,0.16,0.2,0.05,0.41
,,,,Adventure,0.0,0.11,0.3,0.01,0.41
,,,,Misc,0.15,0.07,0.14,0.06,0.41
,,,,Role-Playing,0.0,0.12,0.24,0.05,0.41
,,,,Action,0.0,0.0,0.41,0.0,0.41
,,,,Sports,0.05,0.21,0.04,0.11,0.41
,,,,Racing,0.41,0.0,0.0,0.0,0.41
,,,,Shooter,0.0,0.16,0.23,0.03,0.41
,,,,Action,0.0,0.01,0.34,0.06,0.41
,,,,Shooter,0.0,0.39,0.01,0.02,0.41
,,,,Racing,0.0,0.01,0.37,0.03,0.41
,,,,Sports,0.0,0.16,0.2,0.05,0.41
,,,,Misc,0.0,0.16,0.23,0.03,0.41
,,,,Shooter,0.0,0.13,0.26,0.02,0.41
,,,,Fighting,0.41,0.0,0.0,0.0,0.41
,,,,Sports,0.0,0.16,0.23,0.03,0.41
,,,,Action,0.0,0.16,0.23,0.03,0.41
,,,,Sports,0.39,0.0,0.0,0.03,0.41
,,,,Shooter,0.02,0.17,0.16,0.06,0.41
,,,,Action,0.41,0.0,0.0,0.0,0.41
,,,,Action,0.0,0.1,0.28,0.03,0.41
,,,,Shooter,0.0,0.15,0.17,0.09,0.41
,,,,Shooter,0.0,0.19,0.18,0.04,0.41
,,,,Adventure,0.0,0.22,0.15,0.05,0.41
,,,,Simulation,0.0,0.16,0.21,0.04,0.41
,,,,Platform,0.0,0.16,0.2,0.05,0.41
,,,,Misc,0.41,0.0,0.0,0.0,0.41
,,,,Platform,0.04,0.03,0.31,0.03,0.41
,,,,Fighting,0.09,0.08,0.21,0.04,0.41
,,,,Action,0.0,0.16,0.2,0.05,0.41
,,,,Action,0.0,0.08,0.27,0.06,0.41
,,,,Adventure,0.41,0.0,0.0,0.0,0.41
,,,,Adventure,0.0,0.01,0.34,0.06,0.41
,,,,Misc,0.0,0.1,0.28,0.04,0.41
,,,,Simulation,0.0,0.03,0.36,0.03,0.41
,,,,Action,0.0,0.0,0.37,0.04,0.41
,,,,Racing,0.0,0.16,0.23,0.03,0.41
,,,,Action,0.0,0.23,0.09,0.09,0.41
,,,,Misc,0.41,0.0,0.0,0.0,0.41
,,,,Action,0.0,0.1,0.24,0.07,0.41
,,,,Action,0.0,0.02,0.36,0.03,0.41
,,,,Adventure,0.41,0.0,0.0,0.0,0.41
,,,,Misc,0.0,0.03,0.36,0.03,0.41
,,,,Racing,0.0,0.07,0.29,0.06,0.41
,,,,Simulation,0.0,0.08,0.3,0.03,0.41
,,,,Strategy,0.0,0.16,0.23,0.03,0.41
,,,,Action,0.0,0.14,0.23,0.04,0.41
,,,,Puzzle,0.41,0.0,0.0,0.0,0.41
,,,,Role-Playing,0.25,0.02,0.1,0.04,0.41
,,,,Action,0.0,0.07,0.33,0.0,0.41
,,,,Sports,0.0,0.27,0.08,0.06,0.41
,,,,Action,0.0,0.16,0.2,0.05,0.41
,,,,Action,0.0,0.26,0.05,0.09,0.41
,,,,Role-Playing,0.0,0.16,0.2,0.05,0.41
,,,,Simulation,0.16,0.09,0.13,0.03,0.41
,,,,Racing,0.0,0.0,0.39,0.02,0.41
,,,,Sports,0.0,0.19,0.18,0.04,0.41
,,,,Misc,0.0,0.13,0.24,0.04,0.41
,,,,Simulation,0.38,0.0,0.0,0.03,0.41
,,,,Action,0.0,0.15,0.19,0.07,0.41
,,,,Shooter,0.0,0.23,0.14,0.04,0.41
,,,,Misc,0.0,0.11,0.26,0.04,0.41
,,,,Misc,0.0,0.18,0.16,0.07,0.41
,,,,Misc,0.0,0.06,0.15,0.2,0.41
,,,,Action,0.08,0.1,0.2,0.03,0.41
,,,,Action,0.04,0.12,0.21,0.03,0.41
,,,,Shooter,0.01,0.02,0.35,0.03,0.41
,,,,Simulation,0.19,0.08,0.11,0.03,0.41
,,,,Misc,0.0,0.16,0.2,0.05,0.41
,,,,Fighting,0.0,0.08,0.31,0.01,0.41
,,,,Role-Playing,0.0,0.01,0.37,0.03,0.41
,,,,Action,0.0,0.01,0.34,0.06,0.41
,,,,Misc,0.41,0.0,0.0,0.0,0.41
,,,,Misc,0.0,0.15,0.23,0.03,0.41
,,,,Sports,0.12,0.1,0.15,0.03,0.41
,,,,Sports,0.0,0.01,0.34,0.06,0.41
,,,,Misc,0.4,0.0,0.0,0.01,0.41
,,,,Racing,0.0,0.02,0.36,0.03,0.41
,,,,Action,0.0,0.16,0.21,0.04,0.41
,,,,Simulation,0.0,0.04,0.34,0.03,0.41
,,,,Fighting,0.0,0.12,0.22,0.06,0.41
,,,,Misc,0.0,0.09,0.29,0.03,0.41
,,,,Shooter,0.0,0.17,0.18,0.06,0.41
,,,,Misc,0.41,0.0,0.0,0.0,0.41
,,,,Role-Playing,0.0,0.02,0.23,0.16,0.41
,,,,Puzzle,0.41,0.0,0.0,0.0,0.41
,,,,Platform,0.0,0.01,0.34,0.06,0.41
,,,,Sports,0.41,0.0,0.0,0.0,0.41
,,,,Platform,0.0,0.16,0.2,0.05,0.41
,,,,Shooter,0.0,0.13,0.24,0.04,0.41
,,,,Shooter,0.0,0.11,0.26,0.04,0.41
,,,,Fighting,0.0,0.15,0.23,0.03,0.41
,,,,Action,0.0,0.01,0.34,0.06,0.41
,,,,Action,0.0,0.31,0.02,0.07,0.41
,,,,Action,0.06,0.12,0.18,0.05,0.41
,,,,Action,0.0,0.18,0.19,0.04,0.41
,,,,Misc,0.0,0.0,0.38,0.03,0.41
,,,,Action,0.0,0.15,0.2,0.05,0.41
,,,,Misc,0.0,0.15,0.23,0.03,0.4
,,,,Sports,0.0,0.15,0.23,0.03,0.4
,,,,Adventure,0.0,0.02,0.38,0.0,0.4
,,,,Misc,0.0,0.26,0.08,0.07,0.4
,,,,Simulation,0.26,0.13,0.0,0.01,0.4
,,,,Action,0.0,0.01,0.36,0.03,0.4
,,,,Action,0.0,0.02,0.38,0.0,0.4
,,,,Action,0.0,0.2,0.17,0.04,0.4
,,,,Misc,0.16,0.06,0.13,0.06,0.4
,,,,Strategy,0.01,0.03,0.34,0.03,0.4
,,,,Platform,0.0,0.08,0.31,0.01,0.4
,,,,Action,0.01,0.04,0.32,0.04,0.4
,,,,Sports,0.0,0.2,0.13,0.08,0.4
,,,,Action,0.0,0.19,0.18,0.04,0.4
,,,,Role-Playing,0.4,0.0,0.0,0.0,0.4
,,,,Platform,0.0,0.21,0.12,0.08,0.4
,,,,Role-Playing,0.4,0.0,0.0,0.0,0.4
,,,,Sports,0.0,0.01,0.33,0.05,0.4
,,,,Misc,0.0,0.15,0.2,0.05,0.4
,,,,Sports,0.0,0.15,0.2,0.05,0.4
,,,,Action,0.0,0.0,0.38,0.03,0.4
,,,,Misc,0.4,0.0,0.0,0.0,0.4
,,,,Action,0.02,0.2,0.1,0.08,0.4
,,,,Action,0.0,0.02,0.37,0.0,0.4
,,,,Role-Playing,0.0,0.15,0.2,0.05,0.4
,,,,Sports,0.0,0.08,0.31,0.01,0.4
,,,,Strategy,0.04,0.03,0.3,0.03,0.4
,,,,Action,0.09,0.01,0.27,0.03,0.4
,,,,Action,0.4,0.0,0.0,0.0,0.4
,,,,Fighting,0.0,0.01,0.36,0.03,0.4
,,,,Action,0.0,0.15,0.2,0.05,0.4
,,,,Action,0.0,0.11,0.29,0.01,0.4
,,,,Strategy,0.38,0.0,0.0,0.03,0.4
,,,,Strategy,0.07,0.07,0.25,0.01,0.4
,,,,Sports,0.0,0.15,0.22,0.03,0.4
,,,,Action,0.0,0.08,0.31,0.01,0.4
,,,,Misc,0.0,0.08,0.29,0.04,0.4
,,,,Fighting,0.4,0.0,0.0,0.0,0.4
,,,,Sports,0.0,0.06,0.31,0.03,0.4
,,,,Action,0.0,0.03,0.34,0.03,0.4
,,,,Action,0.08,0.08,0.22,0.03,0.4
,,,,Sports,0.0,0.0,0.37,0.03,0.4
,,,,Sports,0.0,0.14,0.23,0.04,0.4
,,,,Fighting,0.4,0.0,0.0,0.0,0.4
,,,,Sports,0.0,0.15,0.22,0.03,0.4
,,,,Action,0.0,0.19,0.14,0.07,0.4
,,,,Platform,0.0,0.01,0.12,0.27,0.4
,,,,Misc,0.4,0.0,0.0,0.0,0.4
,,,,Racing,0.0,0.07,0.32,0.0,0.4
,,,,Racing,0.0,0.07,0.32,0.0,0.4
,,,,Sports,0.0,0.03,0.37,0.0,0.4
,,,,Fighting,0.0,0.07,0.32,0.0,0.4
,,,,Racing,0.0,0.15,0.2,0.05,0.4
,,,,Misc,0.0,0.01,0.33,0.05,0.4
,,,,Platform,0.0,0.15,0.22,0.03,0.4
,,,,Sports,0.0,0.1,0.27,0.03,0.4
,,,,Adventure,0.0,0.3,0.06,0.04,0.4
,,,,Racing,0.0,0.15,0.2,0.05,0.4
,,,,Sports,0.0,0.01,0.33,0.05,0.4
,,,,Action,0.0,0.17,0.18,0.04,0.4
,,,,Sports,0.0,0.15,0.2,0.05,0.4
,,,,Action,0.0,0.17,0.17,0.06,0.4
,,,,Action,0.0,0.11,0.29,0.01,0.4
,,,,Action,0.0,0.01,0.38,0.0,0.4
,,,,Racing,0.0,0.07,0.32,0.01,0.4
,,,,Action,0.0,0.08,0.31,0.01,0.4
,,,,Action,0.0,0.14,0.22,0.04,0.4
,,,,Simulation,0.0,0.14,0.24,0.02,0.4
,,,,Racing,0.0,0.15,0.22,0.03,0.4
,,,,Role-Playing,0.39,0.0,0.0,0.01,0.4
,,,,Action,0.0,0.11,0.29,0.01,0.4
,,,,Puzzle,0.0,0.03,0.34,0.03,0.4
,,,,Sports,0.0,0.05,0.32,0.03,0.4
,,,,Fighting,0.0,0.16,0.2,0.04,0.4
,,,,Sports,0.04,0.14,0.19,0.03,0.4
,,,,Action,0.0,0.23,0.12,0.05,0.4
,,,,Misc,0.0,0.15,0.22,0.03,0.4
,,,,Role-Playing,0.4,0.0,0.0,0.0,0.4
,,,,Platform,0.01,0.12,0.24,0.03,0.4
,,,,Action,0.0,0.16,0.17,0.07,0.4
,,,,Action,0.0,0.15,0.18,0.06,0.4
,,,,Shooter,0.0,0.08,0.31,0.01,0.4
,,,,Sports,0.0,0.03,0.35,0.02,0.4
,,,,Adventure,0.37,0.0,0.0,0.03,0.4
,,,,Simulation,0.24,0.04,0.09,0.02,0.4
,,,,Platform,0.0,0.15,0.19,0.05,0.4
,,,,Strategy,0.0,0.15,0.22,0.03,0.4
,,,,Simulation,0.0,0.15,0.19,0.05,0.4
,,,,Sports,0.0,0.12,0.22,0.06,0.4
,,,,Role-Playing,0.0,0.32,0.01,0.07,0.4
,,,,Strategy,0.4,0.0,0.0,0.0,0.4
,,,,Shooter,0.0,0.08,0.31,0.01,0.4
,,,,Action,0.0,0.1,0.26,0.03,0.4
,,,,Role-Playing,0.0,0.0,0.37,0.03,0.4
,,,,Adventure,0.0,0.19,0.17,0.03,0.4
,,,,Action,0.01,0.06,0.29,0.03,0.4
,,,,Role-Playing,0.4,0.0,0.0,0.0,0.4
,,,,Role-Playing,0.0,0.13,0.23,0.04,0.4
,,,,Racing,0.0,0.01,0.33,0.05,0.4
,,,,Fighting,0.0,0.15,0.19,0.05,0.39
,,,,Misc,0.0,0.15,0.17,0.07,0.39
,,,,Action,0.0,0.15,0.19,0.05,0.39
,,,,Action,0.0,0.11,0.26,0.02,0.39
,,,,Racing,0.01,0.23,0.07,0.09,0.39
,,,,Action,0.0,0.17,0.19,0.03,0.39
,,,,Racing,0.01,0.15,0.19,0.05,0.39
,,,,Action,0.0,0.18,0.15,0.06,0.39
,,,,Sports,0.0,0.01,0.38,0.0,0.39
,,,,Sports,0.0,0.0,0.36,0.03,0.39
,,,,Role-Playing,0.03,0.14,0.17,0.06,0.39
,,,,Action,0.0,0.18,0.14,0.07,0.39
,,,,Sports,0.0,0.01,0.36,0.03,0.39
,,,,Racing,0.0,0.0,0.37,0.03,0.39
,,,,Role-Playing,0.39,0.0,0.0,0.0,0.39
,,,,Racing,0.0,0.15,0.22,0.03,0.39
,,,,Fighting,0.0,0.15,0.22,0.03,0.39
,,,,Racing,0.0,0.02,0.37,0.0,0.39
,,,,Shooter,0.39,0.0,0.0,0.0,0.39
,,,,Action,0.0,0.1,0.28,0.01,0.39
,,,,Fighting,0.0,0.02,0.34,0.03,0.39
,,,,Sports,0.01,0.01,0.32,0.05,0.39
,,,,Action,0.0,0.17,0.14,0.09,0.39
,,,,Shooter,0.0,0.08,0.29,0.01,0.39
,,,,Role-Playing,0.04,0.14,0.18,0.04,0.39
,,,,Role-Playing,0.39,0.0,0.0,0.0,0.39
,,,,Action,0.0,0.0,0.39,0.0,0.39
,,,,Sports,0.0,0.26,0.08,0.05,0.39
,,,,Sports,0.0,0.0,0.36,0.03,0.39
,,,,Shooter,0.0,0.12,0.24,0.03,0.39
,,,,Sports,0.03,0.07,0.23,0.06,0.39
,,,,Action,0.0,0.02,0.37,0.0,0.39
,,,,Misc,0.0,0.0,0.36,0.03,0.39
,,,,Platform,0.16,0.05,0.14,0.04,0.39
,,,,Sports,0.0,0.15,0.22,0.03,0.39
,,,,Misc,0.0,0.0,0.36,0.03,0.39
,,,,Misc,0.0,0.08,0.3,0.01,0.39
,,,,Misc,0.0,0.16,0.18,0.05,0.39
,,,,Adventure,0.03,0.01,0.31,0.05,0.39
,,,,Role-Playing,0.37,0.0,0.0,0.03,0.39
,,,,Role-Playing,0.15,0.04,0.18,0.02,0.39
,,,,Shooter,0.01,0.17,0.18,0.04,0.39
,,,,Racing,0.0,0.19,0.14,0.06,0.39
,,,,Racing,0.0,0.13,0.22,0.04,0.39
,,,,Adventure,0.0,0.17,0.19,0.03,0.39
,,,,Platform,0.0,0.02,0.34,0.03,0.39
,,,,Sports,0.0,0.17,0.18,0.04,0.39
,,,,Strategy,0.05,0.06,0.25,0.03,0.39
,,,,Misc,0.39,0.0,0.0,0.0,0.39
,,,,Strategy,0.0,0.32,0.0,0.07,0.39
,,,,Sports,0.0,0.08,0.29,0.01,0.39
,,,,Sports,0.0,0.01,0.3,0.07,0.39
,,,,Sports,0.0,0.1,0.28,0.01,0.39
,,,,Sports,0.0,0.03,0.36,0.0,0.39
,,,,Fighting,0.34,0.0,0.0,0.05,0.39
,,,,Racing,0.0,0.07,0.31,0.0,0.39
,,,,Action,0.0,0.07,0.31,0.0,0.39
,,,,Action,0.0,0.14,0.18,0.06,0.39
,,,,Adventure,0.09,0.06,0.23,0.01,0.39
,,,,Simulation,0.0,0.32,0.0,0.07,0.39
,,,,Misc,0.0,0.15,0.19,0.05,0.39
,,,,Misc,0.0,0.0,0.36,0.03,0.39
,,,,Fighting,0.06,0.13,0.16,0.04,0.39
,,,,Action,0.0,0.15,0.19,0.05,0.39
,,,,Misc,0.0,0.0,0.37,0.02,0.39
,,,,Action,0.0,0.12,0.23,0.04,0.39
,,,,Misc,0.0,0.14,0.22,0.03,0.39
,,,,Fighting,0.39,0.0,0.0,0.0,0.39
,,,,Sports,0.0,0.15,0.19,0.05,0.39
,,,,Role-Playing,0.0,0.02,0.33,0.04,0.39
,,,,Adventure,0.0,0.11,0.24,0.04,0.39
,,,,Racing,0.0,0.24,0.07,0.08,0.39
,,,,Simulation,0.0,0.02,0.34,0.03,0.39
,,,,Misc,0.0,0.15,0.19,0.05,0.39
,,,,Sports,0.0,0.15,0.16,0.07,0.39
,,,,Fighting,0.39,0.0,0.0,0.0,0.39
,,,,Simulation,0.0,0.13,0.22,0.03,0.39
,,,,Role-Playing,0.39,0.0,0.0,0.0,0.39
,,,,Adventure,0.0,0.01,0.35,0.03,0.39
,,,,Sports,0.0,0.01,0.36,0.03,0.39
,,,,Simulation,0.0,0.1,0.28,0.01,0.39
,,,,Platform,0.0,0.15,0.19,0.05,0.39
,,,,Sports,0.0,0.0,0.35,0.04,0.39
,,,,Sports,0.39,0.0,0.0,0.0,0.39
,,,,Racing,0.0,0.15,0.19,0.05,0.39
,,,,Shooter,0.0,0.08,0.29,0.01,0.39
,,,,Misc,0.0,0.09,0.26,0.03,0.39
,,,,Sports,0.0,0.0,0.36,0.03,0.39
,,,,Sports,0.0,0.15,0.19,0.05,0.39
,,,,Misc,0.0,0.15,0.19,0.05,0.39
,,,,Action,0.0,0.02,0.36,0.0,0.39
,,,,Simulation,0.36,0.0,0.0,0.03,0.39
,,,,Action,0.2,0.05,0.12,0.01,0.39
,,,,Action,0.01,0.08,0.27,0.03,0.39
,,,,Action,0.0,0.15,0.2,0.04,0.39
,,,,Misc,0.0,0.36,0.0,0.02,0.39
,,,,Sports,0.0,0.1,0.28,0.01,0.39
,,,,Misc,0.0,0.0,0.38,0.0,0.38
,,,,Action,0.03,0.17,0.13,0.06,0.38
,,,,Action,0.0,0.15,0.19,0.05,0.38
,,,,Action,0.28,0.04,0.05,0.01,0.38
,,,,Role-Playing,0.2,0.0,0.16,0.01,0.38
,,,,Sports,0.0,0.15,0.21,0.03,0.38
,,,,Sports,0.0,0.23,0.09,0.07,0.38
,,,,Sports,0.38,0.0,0.0,0.0,0.38
,,,,Role-Playing,0.25,0.05,0.07,0.02,0.38
,,,,Platform,0.38,0.0,0.0,0.0,0.38
,,,,Racing,0.0,0.15,0.21,0.03,0.38
,,,,Role-Playing,0.12,0.05,0.16,0.05,0.38
,,,,Racing,0.36,0.0,0.0,0.03,0.38
,,,,Simulation,0.0,0.11,0.24,0.04,0.38
,,,,Sports,0.0,0.08,0.29,0.01,0.38
,,,,Action,0.0,0.15,0.19,0.05,0.38
,,,,Sports,0.0,0.0,0.36,0.03,0.38
,,,,Role-Playing,0.06,0.12,0.17,0.03,0.38
,,,,Strategy,0.38,0.0,0.0,0.0,0.38
,,,,Action,0.0,0.18,0.17,0.03,0.38
,,,,Misc,0.0,0.07,0.27,0.04,0.38
,,,,Misc,0.0,0.35,0.0,0.03,0.38
,,,,Role-Playing,0.37,0.01,0.0,0.0,0.38
,,,,Sports,0.0,0.17,0.15,0.07,0.38
,,,,Platform,0.0,0.1,0.27,0.01,0.38
,,,,Fighting,0.19,0.04,0.13,0.03,0.38
,,,,Sports,0.0,0.15,0.19,0.05,0.38
,,,,Shooter,0.0,0.08,0.3,0.01,0.38
,,,,Shooter,0.0,0.12,0.22,0.03,0.38
,,,,Simulation,0.31,0.0,0.07,0.01,0.38
,,,,Strategy,0.38,0.0,0.0,0.0,0.38
,,,,Action,0.0,0.1,0.27,0.01,0.38
,,,,Sports,0.0,0.0,0.1,0.28,0.38
,,,,Action,0.0,0.15,0.19,0.05,0.38
,,,,Sports,0.0,0.05,0.29,0.04,0.38
,,,,Role-Playing,0.38,0.0,0.0,0.0,0.38
,,,,Platform,0.0,0.23,0.11,0.04,0.38
,,,,Sports,0.0,0.0,0.35,0.03,0.38
,,,,Fighting,0.0,0.08,0.3,0.01,0.38
,,,,Sports,0.0,0.11,0.21,0.06,0.38
,,,,Sports,0.17,0.08,0.11,0.03,0.38
,,,,Racing,0.0,0.2,0.15,0.03,0.38
,,,,Action,0.0,0.22,0.12,0.04,0.38
,,,,Action,0.0,0.14,0.21,0.02,0.38
,,,,Strategy,0.36,0.0,0.0,0.02,0.38
,,,,Misc,0.0,0.15,0.19,0.05,0.38
,,,,Racing,0.0,0.15,0.19,0.05,0.38
,,,,Adventure,0.38,0.0,0.0,0.0,0.38
,,,,Sports,0.0,0.08,0.29,0.01,0.38
,,,,Sports,0.0,0.15,0.19,0.05,0.38
,,,,Role-Playing,0.02,0.15,0.16,0.06,0.38
,,,,Action,0.0,0.1,0.27,0.01,0.38
,,,,Action,0.1,0.11,0.15,0.02,0.38
,,,,Strategy,0.0,0.15,0.19,0.05,0.38
,,,,Misc,0.0,0.03,0.31,0.03,0.38
,,,,Sports,0.0,0.04,0.3,0.04,0.38
,,,,Action,0.36,0.0,0.0,0.02,0.38
,,,,Role-Playing,0.25,0.05,0.07,0.02,0.38
,,,,Shooter,0.0,0.15,0.19,0.05,0.38
,,,,Role-Playing,0.38,0.0,0.0,0.0,0.38
,,,,Sports,0.0,0.21,0.13,0.04,0.38
,,,,Platform,0.0,0.15,0.19,0.05,0.38
,,,,Action,0.0,0.01,0.32,0.05,0.38
,,,,Shooter,0.0,0.0,0.21,0.17,0.38
,,,,Sports,0.0,0.02,0.34,0.02,0.38
,,,,Fighting,0.01,0.15,0.16,0.06,0.38
,,,,Action,0.0,0.12,0.18,0.07,0.38
,,,,Racing,0.0,0.23,0.11,0.04,0.38
,,,,Simulation,0.38,0.0,0.0,0.0,0.38
,,,,Action,0.0,0.14,0.21,0.02,0.38
,,,,Misc,0.0,0.2,0.13,0.04,0.38
,,,,Action,0.0,0.08,0.28,0.01,0.38
,,,,Racing,0.0,0.01,0.32,0.05,0.38
,,,,Racing,0.0,0.14,0.21,0.02,0.38
,,,,Strategy,0.38,0.0,0.0,0.0,0.38
,,,,Sports,0.0,0.15,0.14,0.09,0.38
,,,,Adventure,0.07,0.06,0.24,0.01,0.38
,,,,Misc,0.38,0.0,0.0,0.0,0.38
,,,,Role-Playing,0.2,0.05,0.12,0.01,0.38
,,,,Racing,0.0,0.14,0.21,0.02,0.38
,,,,Sports,0.0,0.14,0.21,0.02,0.38
,,,,Action,0.0,0.09,0.26,0.03,0.38
,,,,Sports,0.01,0.29,0.02,0.05,0.38
,,,,Action,0.0,0.16,0.16,0.06,0.38
,,,,Misc,0.0,0.13,0.19,0.06,0.38
,,,,Action,0.0,0.0,0.12,0.26,0.38
,,,,Simulation,0.0,0.03,0.32,0.03,0.38
,,,,Puzzle,0.0,0.02,0.35,0.0,0.38
,,,,Simulation,0.0,0.0,0.35,0.03,0.38
,,,,Misc,0.0,0.12,0.22,0.03,0.38
,,,,Action,0.0,0.02,0.35,0.0,0.38
,,,,Racing,0.0,0.0,0.35,0.02,0.38
,,,,Action,0.25,0.05,0.05,0.03,0.38
,,,,Misc,0.0,0.14,0.18,0.05,0.38
,,,,Simulation,0.0,0.08,0.28,0.01,0.38
,,,,Fighting,0.38,0.0,0.0,0.0,0.38
,,,,Fighting,0.0,0.07,0.24,0.07,0.38
,,,,Racing,0.0,0.2,0.12,0.06,0.38
,,,,Platform,0.0,0.01,0.34,0.03,0.38
,,,,Sports,0.11,0.13,0.11,0.02,0.38
,,,,Role-Playing,0.06,0.01,0.28,0.02,0.38
,,,,Role-Playing,0.21,0.02,0.13,0.01,0.38
,,,,Fighting,0.0,0.03,0.31,0.03,0.38
,,,,Shooter,0.0,0.17,0.15,0.06,0.38
,,,,Action,0.0,0.16,0.11,0.1,0.38
,,,,Action,0.0,0.08,0.29,0.01,0.38
,,,,Shooter,0.0,0.03,0.32,0.03,0.38
,,,,Adventure,0.0,0.0,0.35,0.03,0.37
,,,,Shooter,0.0,0.02,0.35,0.0,0.37
,,,,Simulation,0.0,0.0,0.35,0.03,0.37
,,,,Fighting,0.19,0.07,0.09,0.02,0.37
,,,,Simulation,0.0,0.0,0.35,0.03,0.37
,,,,Sports,0.0,0.12,0.21,0.04,0.37
,,,,Shooter,0.0,0.19,0.12,0.07,0.37
,,,,Fighting,0.13,0.03,0.19,0.02,0.37
,,,,Action,0.0,0.17,0.13,0.07,0.37
,,,,Platform,0.0,0.03,0.32,0.03,0.37
,,,,Fighting,0.35,0.0,0.0,0.02,0.37
,,,,Action,0.0,0.0,0.35,0.02,0.37
,,,,Misc,0.0,0.21,0.12,0.04,0.37
,,,,Sports,0.0,0.0,0.16,0.21,0.37
,,,,Action,0.0,0.07,0.29,0.01,0.37
,,,,Adventure,0.03,0.15,0.14,0.06,0.37
,,,,Role-Playing,0.04,0.12,0.18,0.04,0.37
,,,,Sports,0.0,0.08,0.28,0.01,0.37
,,,,Sports,0.0,0.0,0.34,0.03,0.37
,,,,Sports,0.0,0.0,0.34,0.03,0.37
,,,,Shooter,0.21,0.06,0.08,0.02,0.37
,,,,Simulation,0.0,0.14,0.18,0.05,0.37
,,,,Action,0.0,0.17,0.17,0.04,0.37
,,,,Shooter,0.0,0.14,0.2,0.03,0.37
,,,,Role-Playing,0.37,0.0,0.0,0.0,0.37
,,,,Simulation,0.0,0.01,0.34,0.03,0.37
,,,,Action,0.0,0.13,0.21,0.03,0.37
,,,,Platform,0.0,0.07,0.29,0.01,0.37
,,,,Sports,0.0,0.14,0.18,0.05,0.37
,,,,Sports,0.0,0.14,0.18,0.05,0.37
,,,,Action,0.01,0.18,0.09,0.1,0.37
,,,,Action,0.0,0.14,0.18,0.05,0.37
,,,,Sports,0.0,0.14,0.18,0.05,0.37
,,,,Sports,0.0,0.0,0.35,0.03,0.37
,,,,Sports,0.37,0.0,0.0,0.0,0.37
,,,,Shooter,0.37,0.0,0.0,0.0,0.37
,,,,Sports,0.0,0.13,0.21,0.03,0.37
,,,,Shooter,0.0,0.18,0.14,0.06,0.37
,,,,Action,0.0,0.01,0.31,0.05,0.37
,,,,Adventure,0.35,0.0,0.0,0.02,0.37
,,,,Role-Playing,0.01,0.12,0.21,0.03,0.37
,,,,Racing,0.0,0.2,0.06,0.11,0.37
,,,,Sports,0.0,0.0,0.35,0.02,0.37
,,,,Role-Playing,0.32,0.0,0.0,0.05,0.37
,,,,Shooter,0.0,0.06,0.3,0.0,0.37
,,,,Action,0.0,0.06,0.3,0.0,0.37
,,,,Action,0.0,0.02,0.35,0.0,0.37
,,,,Role-Playing,0.0,0.07,0.29,0.01,0.37
,,,,Action,0.02,0.19,0.05,0.1,0.37
,,,,Strategy,0.0,0.17,0.14,0.06,0.37
,,,,Action,0.0,0.17,0.1,0.1,0.37
,,,,Strategy,0.0,0.33,0.0,0.03,0.37
,,,,Action,0.0,0.07,0.28,0.01,0.37
,,,,Puzzle,0.37,0.0,0.0,0.0,0.37
,,,,Sports,0.0,0.1,0.26,0.01,0.37
,,,,Platform,0.01,0.17,0.12,0.07,0.37
,,,,Shooter,0.0,0.15,0.17,0.04,0.37
,,,,Adventure,0.36,0.0,0.0,0.01,0.37
,,,,Action,0.02,0.18,0.11,0.06,0.37
,,,,Role-Playing,0.0,0.0,0.33,0.03,0.37
,,,,Sports,0.0,0.0,0.34,0.03,0.37
,,,,Strategy,0.37,0.0,0.0,0.0,0.37
,,,,Sports,0.02,0.13,0.17,0.04,0.37
,,,,Sports,0.0,0.0,0.37,0.0,0.37
,,,,Misc,0.15,0.08,0.13,0.02,0.37
,,,,Simulation,0.02,0.01,0.3,0.03,0.37
,,,,Role-Playing,0.37,0.0,0.0,0.0,0.37
,,,,Role-Playing,0.18,0.07,0.09,0.02,0.37
,,,,Simulation,0.0,0.0,0.34,0.03,0.37
,,,,Strategy,0.0,0.22,0.11,0.03,0.37
,,,,Action,0.0,0.21,0.09,0.07,0.37
,,,,Fighting,0.37,0.0,0.0,0.0,0.37
,,,,Action,0.0,0.19,0.11,0.07,0.37
,,,,Strategy,0.37,0.0,0.0,0.0,0.37
,,,,Platform,0.0,0.12,0.2,0.05,0.37
,,,,Action,0.0,0.13,0.17,0.06,0.37
,,,,Misc,0.0,0.05,0.25,0.07,0.37
,,,,Shooter,0.0,0.32,0.0,0.04,0.37
,,,,Simulation,0.0,0.01,0.3,0.05,0.37
,,,,Sports,0.0,0.0,0.34,0.03,0.37
,,,,Action,0.0,0.02,0.31,0.03,0.36
,,,,Sports,0.0,0.04,0.31,0.01,0.36
,,,,Racing,0.0,0.08,0.25,0.03,0.36
,,,,Sports,0.0,0.0,0.33,0.03,0.36
,,,,Shooter,0.0,0.07,0.28,0.01,0.36
,,,,Sports,0.36,0.0,0.0,0.0,0.36
,,,,Fighting,0.21,0.06,0.08,0.02,0.36
,,,,Adventure,0.36,0.0,0.0,0.0,0.36
,,,,Action,0.01,0.09,0.24,0.03,0.36
,,,,Sports,0.0,0.14,0.18,0.05,0.36
,,,,Puzzle,0.0,0.02,0.32,0.03,0.36
,,,,Action,0.05,0.17,0.09,0.05,0.36
,,,,Fighting,0.36,0.0,0.0,0.0,0.36
,,,,Fighting,0.36,0.0,0.0,0.0,0.36
,,,,Adventure,0.36,0.0,0.0,0.0,0.36
,,,,Sports,0.0,0.14,0.18,0.05,0.36
,,,,Action,0.0,0.14,0.18,0.05,0.36
,,,,Shooter,0.0,0.14,0.18,0.05,0.36
,,,,Fighting,0.36,0.0,0.0,0.0,0.36
,,,,Role-Playing,0.16,0.01,0.17,0.02,0.36
,,,,Sports,0.0,0.19,0.07,0.1,0.36
,,,,Action,0.0,0.16,0.17,0.03,0.36
,,,,Sports,0.0,0.13,0.21,0.03,0.36
,,,,Platform,0.01,0.09,0.21,0.05,0.36
,,,,Simulation,0.14,0.09,0.11,0.03,0.36
,,,,Action,0.0,0.14,0.18,0.05,0.36
,,,,Action,0.0,0.09,0.24,0.03,0.36
,,,,Fighting,0.04,0.08,0.21,0.03,0.36
,,,,Simulation,0.0,0.14,0.2,0.02,0.36
,,,,Shooter,0.27,0.03,0.04,0.02,0.36
,,,,Action,0.0,0.1,0.26,0.01,0.36
,,,,Role-Playing,0.08,0.11,0.14,0.04,0.36
,,,,Misc,0.0,0.0,0.33,0.03,0.36
,,,,Action,0.34,0.0,0.0,0.02,0.36
,,,,Action,0.0,0.1,0.26,0.01,0.36
,,,,Strategy,0.0,0.13,0.2,0.03,0.36
,,,,Racing,0.0,0.05,0.29,0.03,0.36
,,,,Sports,0.0,0.01,0.33,0.03,0.36
,,,,Action,0.0,0.13,0.19,0.03,0.36
,,,,Platform,0.36,0.0,0.0,0.0,0.36
,,,,Sports,0.0,0.14,0.2,0.02,0.36
,,,,Sports,0.0,0.14,0.18,0.05,0.36
,,,,Action,0.0,0.08,0.27,0.01,0.36
,,,,Action,0.0,0.1,0.25,0.01,0.36
,,,,Action,0.23,0.02,0.07,0.04,0.36
,,,,Puzzle,0.0,0.06,0.29,0.0,0.36
,,,,Action,0.0,0.06,0.29,0.0,0.36
,,,,Fighting,0.16,0.02,0.13,0.05,0.36
,,,,Sports,0.0,0.0,0.33,0.03,0.36
,,,,Racing,0.0,0.14,0.2,0.02,0.36
,,,,Misc,0.0,0.11,0.2,0.05,0.36
,,,,Sports,0.0,0.1,0.26,0.01,0.36
,,,,Sports,0.0,0.0,0.33,0.03,0.36
,,,,Simulation,0.0,0.08,0.27,0.01,0.36
,,,,Action,0.0,0.2,0.12,0.04,0.36
,,,,Simulation,0.35,0.0,0.0,0.01,0.36
,,,,Role-Playing,0.36,0.0,0.0,0.0,0.36
,,,,Shooter,0.01,0.09,0.23,0.03,0.36
,,,,Racing,0.0,0.14,0.2,0.02,0.36
,,,,Sports,0.0,0.03,0.3,0.02,0.36
,,,,Fighting,0.0,0.0,0.33,0.03,0.36
,,,,Misc,0.0,0.06,0.27,0.03,0.36
,,,,Sports,0.0,0.08,0.27,0.01,0.36
,,,,Racing,0.0,0.0,0.33,0.02,0.36
,,,,Fighting,0.36,0.0,0.0,0.0,0.36
,,,,Misc,0.0,0.1,0.23,0.03,0.36
,,,,Strategy,0.0,0.25,0.07,0.04,0.36
,,,,Sports,0.0,0.14,0.18,0.05,0.36
,,,,Sports,0.36,0.0,0.0,0.0,0.36
,,,,Action,0.0,0.12,0.18,0.06,0.36
,,,,Shooter,0.0,0.17,0.11,0.07,0.36
,,,,Strategy,0.36,0.0,0.0,0.0,0.36
,,,,Fighting,0.0,0.09,0.24,0.03,0.36
,,,,Platform,0.0,0.14,0.18,0.05,0.36
,,,,Role-Playing,0.0,0.14,0.18,0.05,0.36
,,,,Simulation,0.33,0.0,0.0,0.02,0.36
,,,,Adventure,0.36,0.0,0.0,0.0,0.36
,,,,Misc,0.0,0.32,0.0,0.03,0.36
,,,,Strategy,0.35,0.0,0.0,0.01,0.36
,,,,Action,0.0,0.25,0.06,0.05,0.36
,,,,Action,0.0,0.01,0.33,0.02,0.36
,,,,Strategy,0.0,0.25,0.06,0.05,0.36
,,,,Shooter,0.0,0.11,0.19,0.05,0.36
,,,,Misc,0.0,0.31,0.0,0.05,0.36
,,,,Fighting,0.33,0.0,0.0,0.02,0.36
,,,,Action,0.0,0.02,0.33,0.0,0.36
,,,,Simulation,0.0,0.04,0.29,0.02,0.36
,,,,Action,0.0,0.08,0.27,0.01,0.36
,,,,Fighting,0.0,0.1,0.23,0.03,0.36
,,,,Role-Playing,0.36,0.0,0.0,0.0,0.36
,,,,Racing,0.0,0.13,0.2,0.02,0.36
,,,,Platform,0.36,0.0,0.0,0.0,0.36
,,,,Misc,0.0,0.06,0.25,0.04,0.36
,,,,Platform,0.11,0.02,0.21,0.02,0.36
,,,,Racing,0.0,0.14,0.17,0.05,0.36
,,,,Action,0.0,0.07,0.24,0.05,0.36
,,,,Sports,0.0,0.14,0.17,0.05,0.36
,,,,Sports,0.0,0.26,0.0,0.09,0.36
,,,,Sports,0.36,0.0,0.0,0.0,0.36
,,,,Adventure,0.0,0.0,0.33,0.02,0.36
,,,,Racing,0.23,0.04,0.06,0.02,0.36
,,,,Platform,0.0,0.1,0.25,0.01,0.36
,,,,Adventure,0.0,0.16,0.16,0.04,0.35
,,,,Shooter,0.0,0.01,0.32,0.03,0.35
,,,,Action,0.0,0.13,0.2,0.02,0.35
,,,,Simulation,0.03,0.02,0.28,0.03,0.35
,,,,Sports,0.0,0.09,0.25,0.01,0.35
,,,,Role-Playing,0.0,0.09,0.23,0.03,0.35
,,,,Sports,0.0,0.14,0.17,0.05,0.35
,,,,Adventure,0.0,0.07,0.27,0.01,0.35
,,,,Role-Playing,0.19,0.06,0.08,0.02,0.35
,,,,Puzzle,0.35,0.0,0.0,0.0,0.35
,,,,Action,0.0,0.18,0.1,0.07,0.35
,,,,Strategy,0.08,0.03,0.22,0.02,0.35
,,,,Sports,0.0,0.14,0.17,0.05,0.35
,,,,Misc,0.0,0.07,0.25,0.03,0.35
,,,,Action,0.35,0.0,0.0,0.0,0.35
,,,,Sports,0.0,0.2,0.09,0.07,0.35
,,,,Misc,0.35,0.0,0.0,0.0,0.35
,,,,Action,0.0,0.16,0.14,0.06,0.35
,,,,Fighting,0.01,0.12,0.19,0.03,0.35
,,,,Action,0.0,0.13,0.17,0.05,0.35
,,,,Action,0.0,0.09,0.25,0.01,0.35
,,,,Sports,0.0,0.08,0.26,0.01,0.35
,,,,Shooter,0.0,0.18,0.13,0.04,0.35
,,,,Sports,0.35,0.0,0.0,0.0,0.35
,,,,Role-Playing,0.23,0.04,0.08,0.01,0.35
,,,,Shooter,0.07,0.1,0.16,0.03,0.35
,,,,Action,0.3,0.01,0.04,0.0,0.35
,,,,Action,0.0,0.15,0.17,0.04,0.35
,,,,Racing,0.35,0.0,0.0,0.0,0.35
,,,,Fighting,0.05,0.11,0.15,0.04,0.35
,,,,Racing,0.0,0.13,0.17,0.04,0.35
,,,,Role-Playing,0.28,0.02,0.03,0.02,0.35
,,,,Action,0.0,0.09,0.25,0.01,0.35
,,,,Fighting,0.35,0.0,0.0,0.0,0.35
,,,,Fighting,0.04,0.08,0.2,0.04,0.35
,,,,Misc,0.0,0.02,0.31,0.02,0.35
,,,,Simulation,0.0,0.03,0.3,0.03,0.35
,,,,Adventure,0.0,0.18,0.13,0.04,0.35
,,,,Strategy,0.0,0.1,0.21,0.03,0.35
,,,,Action,0.14,0.05,0.15,0.01,0.35
,,,,Platform,0.09,0.0,0.23,0.02,0.35
,,,,Sports,0.29,0.0,0.0,0.06,0.35
,,,,Shooter,0.03,0.19,0.05,0.07,0.35
,,,,Sports,0.0,0.17,0.11,0.06,0.35
,,,,Action,0.0,0.14,0.18,0.03,0.35
,,,,Strategy,0.0,0.1,0.23,0.03,0.35
,,,,Action,0.0,0.13,0.17,0.04,0.35
,,,,Racing,0.0,0.07,0.27,0.01,0.35
,,,,Action,0.0,0.09,0.25,0.01,0.35
,,,,Action,0.0,0.0,0.32,0.02,0.35
,,,,Platform,0.0,0.13,0.17,0.04,0.35
,,,,Action,0.0,0.13,0.19,0.02,0.35
,,,,Misc,0.0,0.08,0.26,0.01,0.35
,,,,Fighting,0.0,0.14,0.18,0.03,0.35
,,,,Shooter,0.01,0.16,0.13,0.06,0.35
,,,,Sports,0.0,0.13,0.17,0.04,0.35
,,,,Misc,0.0,0.13,0.17,0.04,0.35
,,,,Fighting,0.16,0.07,0.09,0.02,0.35
,,,,Racing,0.0,0.2,0.11,0.04,0.35
,,,,Strategy,0.14,0.05,0.13,0.03,0.35
,,,,Shooter,0.0,0.07,0.23,0.04,0.35
,,,,Shooter,0.0,0.13,0.17,0.04,0.35
,,,,Role-Playing,0.32,0.0,0.0,0.02,0.35
,,,,Platform,0.0,0.13,0.17,0.04,0.35
,,,,Sports,0.0,0.13,0.17,0.04,0.35
,,,,Misc,0.0,0.13,0.17,0.04,0.35
,,,,Sports,0.0,0.07,0.27,0.01,0.35
,,,,Misc,0.0,0.0,0.32,0.03,0.35
,,,,Shooter,0.0,0.13,0.17,0.04,0.35
,,,,Simulation,0.0,0.2,0.1,0.05,0.35
,,,,Sports,0.35,0.0,0.0,0.0,0.35
,,,,Racing,0.0,0.13,0.19,0.02,0.35
,,,,Role-Playing,0.15,0.08,0.1,0.03,0.35
,,,,Action,0.0,0.01,0.3,0.03,0.35
,,,,Role-Playing,0.0,0.13,0.19,0.02,0.35
,,,,Fighting,0.35,0.0,0.0,0.0,0.35
,,,,Platform,0.0,0.13,0.17,0.04,0.35
,,,,Adventure,0.0,0.14,0.18,0.03,0.35
,,,,Sports,0.0,0.0,0.32,0.03,0.35
,,,,Racing,0.0,0.21,0.06,0.08,0.35
,,,,Platform,0.0,0.07,0.27,0.01,0.35
,,,,Fighting,0.15,0.07,0.09,0.04,0.35
,,,,Misc,0.0,0.13,0.16,0.06,0.35
,,,,Adventure,0.0,0.13,0.17,0.04,0.35
,,,,Action,0.01,0.01,0.3,0.03,0.35
,,,,Sports,0.0,0.23,0.08,0.03,0.35
,,,,Puzzle,0.32,0.0,0.0,0.02,0.34
,,,,Simulation,0.0,0.0,0.32,0.02,0.34
,,,,Misc,0.0,0.09,0.25,0.01,0.34
,,,,Strategy,0.34,0.0,0.0,0.0,0.34
,,,,Action,0.0,0.15,0.11,0.08,0.34
,,,,Platform,0.0,0.09,0.25,0.01,0.34
,,,,Misc,0.0,0.13,0.17,0.04,0.34
,,,,Action,0.12,0.09,0.11,0.03,0.34
,,,,Fighting,0.34,0.0,0.0,0.0,0.34
,,,,Racing,0.0,0.13,0.19,0.02,0.34
,,,,Role-Playing,0.09,0.03,0.2,0.02,0.34
,,,,Action,0.0,0.15,0.13,0.06,0.34
,,,,Platform,0.2,0.04,0.1,0.01,0.34
,,,,Action,0.0,0.07,0.25,0.03,0.34
,,,,Action,0.0,0.0,0.31,0.03,0.34
,,,,Shooter,0.0,0.03,0.28,0.03,0.34
,,,,Action,0.02,0.02,0.27,0.03,0.34
,,,,Action,0.0,0.02,0.32,0.0,0.34
,,,,Action,0.0,0.09,0.25,0.01,0.34
,,,,Simulation,0.19,0.06,0.08,0.02,0.34
,,,,Action,0.0,0.16,0.15,0.03,0.34
,,,,Action,0.0,0.16,0.15,0.03,0.34
,,,,Adventure,0.0,0.13,0.17,0.04,0.34
,,,,Shooter,0.34,0.0,0.0,0.0,0.34
,,,,Action,0.0,0.12,0.19,0.03,0.34
,,,,Racing,0.0,0.03,0.07,0.25,0.34
,,,,Platform,0.0,0.09,0.25,0.01,0.34
,,,,Role-Playing,0.09,0.0,0.24,0.02,0.34
,,,,Fighting,0.0,0.13,0.19,0.02,0.34
,,,,Puzzle,0.0,0.13,0.17,0.04,0.34
,,,,Shooter,0.0,0.07,0.26,0.01,0.34
,,,,Simulation,0.0,0.13,0.17,0.04,0.34
,,,,Action,0.0,0.02,0.32,0.0,0.34
,,,,Action,0.0,0.02,0.32,0.0,0.34
,,,,Action,0.0,0.15,0.17,0.03,0.34
,,,,Action,0.0,0.03,0.28,0.03,0.34
,,,,Action,0.0,0.03,0.29,0.02,0.34
,,,,Fighting,0.0,0.07,0.26,0.01,0.34
,,,,Action,0.15,0.03,0.14,0.02,0.34
,,,,Simulation,0.0,0.11,0.22,0.01,0.34
,,,,Action,0.0,0.02,0.32,0.0,0.34
,,,,Action,0.0,0.17,0.13,0.04,0.34
,,,,Action,0.0,0.01,0.31,0.03,0.34
,,,,Action,0.03,0.11,0.15,0.05,0.34
,,,,Fighting,0.34,0.0,0.0,0.0,0.34
,,,,Racing,0.0,0.06,0.27,0.0,0.34
,,,,Action,0.0,0.02,0.32,0.0,0.34
,,,,Action,0.0,0.13,0.15,0.06,0.34
,,,,Strategy,0.0,0.09,0.22,0.03,0.34
,,,,Misc,0.0,0.13,0.19,0.02,0.34
,,,,Racing,0.0,0.03,0.29,0.03,0.34
,,,,Shooter,0.0,0.02,0.32,0.0,0.34
,,,,Sports,0.0,0.34,0.0,0.0,0.34
,,,,Adventure,0.0,0.13,0.17,0.04,0.34
,,,,Action,0.0,0.15,0.14,0.05,0.34
,,,,Sports,0.0,0.07,0.25,0.01,0.34
,,,,Misc,0.34,0.0,0.0,0.0,0.34
,,,,Shooter,0.23,0.03,0.05,0.02,0.34
,,,,Puzzle,0.0,0.01,0.31,0.02,0.34
,,,,Misc,0.0,0.0,0.31,0.02,0.34
,,,,Platform,0.0,0.18,0.13,0.03,0.34
,,,,Puzzle,0.03,0.01,0.28,0.02,0.34
,,,,Role-Playing,0.16,0.02,0.14,0.02,0.34
,,,,Simulation,0.0,0.02,0.3,0.03,0.34
,,,,Action,0.0,0.13,0.19,0.02,0.34
,,,,Sports,0.0,0.21,0.09,0.04,0.34
,,,,Racing,0.0,0.07,0.25,0.01,0.34
,,,,Strategy,0.0,0.15,0.15,0.03,0.34
,,,,Simulation,0.0,0.0,0.31,0.02,0.34
,,,,Sports,0.0,0.02,0.29,0.03,0.34
,,,,Simulation,0.0,0.13,0.18,0.03,0.34
,,,,Racing,0.0,0.09,0.24,0.01,0.34
,,,,Simulation,0.0,0.17,0.11,0.05,0.34
,,,,Action,0.0,0.07,0.26,0.01,0.34
,,,,Simulation,0.0,0.1,0.21,0.03,0.34
,,,,Misc,0.0,0.02,0.1,0.22,0.34
,,,,Misc,0.0,0.25,0.0,0.08,0.34
,,,,Role-Playing,0.34,0.0,0.0,0.0,0.34
,,,,Misc,0.02,0.0,0.28,0.03,0.34
,,,,Action,0.0,0.02,0.29,0.03,0.34
,,,,Racing,0.0,0.12,0.17,0.05,0.34
,,,,Action,0.25,0.03,0.04,0.01,0.34
,,,,Action,0.0,0.04,0.27,0.02,0.34
,,,,Action,0.0,0.13,0.19,0.02,0.34
,,,,Racing,0.0,0.13,0.16,0.04,0.34
,,,,Adventure,0.0,0.01,0.3,0.03,0.34
,,,,Shooter,0.0,0.14,0.17,0.03,0.34
,,,,Shooter,0.0,0.07,0.25,0.01,0.34
,,,,Action,0.0,0.18,0.12,0.04,0.34
,,,,Misc,0.0,0.13,0.16,0.04,0.34
,,,,Action,0.33,0.0,0.0,0.0,0.33
,,,,Shooter,0.07,0.15,0.06,0.05,0.33
,,,,Action,0.02,0.14,0.14,0.03,0.33
,,,,Shooter,0.0,0.11,0.21,0.01,0.33
,,,,Action,0.0,0.13,0.17,0.03,0.33
,,,,Shooter,0.0,0.14,0.15,0.04,0.33
,,,,Racing,0.21,0.04,0.06,0.02,0.33
,,,,Role-Playing,0.08,0.1,0.13,0.03,0.33
,,,,Action,0.14,0.08,0.09,0.03,0.33
,,,,Fighting,0.01,0.07,0.23,0.03,0.33
,,,,Adventure,0.0,0.13,0.16,0.04,0.33
,,,,Platform,0.0,0.09,0.24,0.01,0.33
,,,,Puzzle,0.22,0.04,0.06,0.02,0.33
,,,,Misc,0.0,0.29,0.0,0.04,0.33
,,,,Role-Playing,0.18,0.0,0.14,0.01,0.33
,,,,Fighting,0.02,0.01,0.27,0.03,0.33
,,,,Role-Playing,0.0,0.12,0.14,0.08,0.33
,,,,Sports,0.0,0.18,0.12,0.03,0.33
,,,,Action,0.0,0.13,0.19,0.02,0.33
,,,,Role-Playing,0.33,0.0,0.0,0.0,0.33
,,,,Misc,0.0,0.0,0.31,0.02,0.33
,,,,Action,0.0,0.15,0.15,0.03,0.33
,,,,Misc,0.0,0.15,0.13,0.05,0.33
,,,,Shooter,0.0,0.14,0.14,0.05,0.33
,,,,Misc,0.0,0.3,0.0,0.03,0.33
,,,,Role-Playing,0.0,0.05,0.26,0.03,0.33
,,,,Fighting,0.0,0.09,0.2,0.05,0.33
,,,,Fighting,0.0,0.07,0.26,0.01,0.33
,,,,Puzzle,0.16,0.01,0.14,0.01,0.33
,,,,Simulation,0.0,0.07,0.26,0.01,0.33
,,,,Action,0.0,0.07,0.25,0.01,0.33
,,,,Action,0.0,0.02,0.29,0.03,0.33
,,,,Shooter,0.0,0.0,0.31,0.02,0.33
,,,,Misc,0.0,0.0,0.31,0.02,0.33
,,,,Platform,0.08,0.1,0.12,0.03,0.33
,,,,Shooter,0.0,0.07,0.25,0.01,0.33
,,,,Role-Playing,0.06,0.13,0.12,0.03,0.33
,,,,Simulation,0.0,0.0,0.3,0.03,0.33
,,,,Action,0.0,0.13,0.16,0.04,0.33
,,,,Racing,0.0,0.07,0.25,0.01,0.33
,,,,Role-Playing,0.1,0.0,0.21,0.02,0.33
,,,,Sports,0.0,0.0,0.31,0.03,0.33
,,,,Simulation,0.31,0.0,0.0,0.02,0.33
,,,,Fighting,0.08,0.13,0.09,0.04,0.33
,,,,Platform,0.0,0.07,0.26,0.01,0.33
,,,,Sports,0.0,0.25,0.0,0.08,0.33
,,,,Action,0.0,0.15,0.14,0.04,0.33
,,,,Sports,0.0,0.13,0.16,0.04,0.33
,,,,Action,0.0,0.09,0.24,0.01,0.33
,,,,Action,0.0,0.09,0.21,0.03,0.33
,,,,Fighting,0.0,0.13,0.16,0.04,0.33
,,,,Sports,0.31,0.0,0.0,0.02,0.33
,,,,Platform,0.0,0.13,0.15,0.05,0.33
,,,,Action,0.0,0.08,0.22,0.03,0.33
,,,,Sports,0.33,0.0,0.0,0.0,0.33
,,,,Sports,0.33,0.0,0.0,0.0,0.33
,,,,Action,0.0,0.13,0.17,0.03,0.33
,,,,Misc,0.03,0.0,0.26,0.03,0.33
,,,,Sports,0.0,0.0,0.3,0.03,0.33
,,,,Sports,0.0,0.13,0.16,0.04,0.33
,,,,Role-Playing,0.0,0.18,0.1,0.05,0.33
,,,,Sports,0.0,0.13,0.16,0.04,0.33
,,,,Platform,0.09,0.06,0.17,0.01,0.33
,,,,Fighting,0.06,0.11,0.1,0.05,0.33
,,,,Action,0.0,0.03,0.14,0.16,0.33
,,,,Fighting,0.0,0.06,0.26,0.01,0.33
,,,,Racing,0.0,0.09,0.24,0.01,0.33
,,,,Action,0.23,0.04,0.05,0.01,0.33
,,,,Sports,0.0,0.18,0.08,0.06,0.33
,,,,Role-Playing,0.29,0.0,0.0,0.04,0.33
,,,,Action,0.0,0.06,0.26,0.0,0.33
,,,,Misc,0.33,0.0,0.0,0.0,0.33
,,,,Strategy,0.01,0.12,0.17,0.03,0.33
,,,,Platform,0.0,0.12,0.18,0.02,0.33
,,,,Role-Playing,0.15,0.07,0.09,0.02,0.33
,,,,Sports,0.0,0.04,0.26,0.03,0.33
,,,,Sports,0.0,0.04,0.27,0.02,0.33
,,,,Adventure,0.12,0.08,0.1,0.03,0.33
,,,,Sports,0.33,0.0,0.0,0.0,0.33
,,,,Adventure,0.0,0.0,0.31,0.02,0.33
,,,,Action,0.0,0.12,0.15,0.05,0.33
,,,,Shooter,0.0,0.07,0.25,0.01,0.33
,,,,Action,0.08,0.01,0.22,0.02,0.33
,,,,Strategy,0.0,0.14,0.11,0.08,0.33
,,,,Racing,0.0,0.28,0.01,0.03,0.33
,,,,Role-Playing,0.0,0.13,0.16,0.04,0.33
,,,,Fighting,0.0,0.13,0.16,0.04,0.33
,,,,Sports,0.0,0.01,0.29,0.03,0.33
,,,,Racing,0.0,0.16,0.09,0.09,0.33
,,,,Racing,0.0,0.15,0.12,0.06,0.33
,,,,Platform,0.0,0.07,0.25,0.01,0.33
,,,,Simulation,0.0,0.03,0.28,0.02,0.33
,,,,Sports,0.0,0.0,0.3,0.02,0.33
,,,,Misc,0.0,0.1,0.2,0.03,0.33
,,,,Shooter,0.31,0.0,0.0,0.02,0.33
,,,,Platform,0.0,0.09,0.24,0.01,0.33
,,,,Adventure,0.33,0.0,0.0,0.0,0.33
,,,,Action,0.0,0.17,0.12,0.04,0.33
,,,,Sports,0.0,0.12,0.18,0.02,0.33
,,,,Misc,0.0,0.09,0.24,0.01,0.33
,,,,Strategy,0.0,0.17,0.1,0.06,0.33
,,,,Fighting,0.32,0.0,0.0,0.01,0.33
,,,,Strategy,0.33,0.0,0.0,0.0,0.33
,,,,Platform,0.0,0.12,0.19,0.03,0.33
,,,,Action,0.0,0.11,0.19,0.03,0.33
,,,,Action,0.0,0.08,0.22,0.03,0.33
,,,,Sports,0.0,0.07,0.25,0.01,0.33
,,,,Misc,0.33,0.0,0.0,0.0,0.33
,,,,Misc,0.0,0.16,0.14,0.03,0.33
,,,,Role-Playing,0.08,0.04,0.19,0.02,0.33
,,,,Misc,0.31,0.0,0.0,0.02,0.33
,,,,Sports,0.0,0.01,0.29,0.03,0.33
,,,,Sports,0.04,0.11,0.16,0.02,0.33
,,,,Action,0.01,0.16,0.09,0.06,0.33
,,,,Role-Playing,0.05,0.05,0.2,0.03,0.33
,,,,Fighting,0.16,0.03,0.12,0.02,0.33
,,,,Action,0.33,0.0,0.0,0.0,0.33
,,,,Shooter,0.0,0.11,0.19,0.03,0.33
,,,,Action,0.0,0.07,0.25,0.01,0.33
,,,,Action,0.1,0.08,0.11,0.03,0.33
,,,,Action,0.0,0.02,0.31,0.0,0.33
,,,,Role-Playing,0.19,0.0,0.13,0.01,0.33
,,,,Action,0.0,0.15,0.1,0.07,0.33
,,,,Sports,0.0,0.07,0.25,0.01,0.33
,,,,Misc,0.0,0.0,0.3,0.02,0.33
,,,,Action,0.0,0.02,0.3,0.0,0.33
,,,,Action,0.0,0.09,0.2,0.03,0.33
,,,,Simulation,0.0,0.0,0.3,0.02,0.33
,,,,Puzzle,0.16,0.04,0.12,0.01,0.33
,,,,Fighting,0.08,0.01,0.22,0.02,0.33
,,,,Fighting,0.3,0.0,0.0,0.02,0.33
,,,,Sports,0.0,0.07,0.24,0.01,0.33
,,,,Misc,0.0,0.12,0.16,0.04,0.33
,,,,Action,0.01,0.1,0.14,0.07,0.33
,,,,Shooter,0.0,0.15,0.13,0.05,0.33
,,,,Misc,0.0,0.05,0.25,0.03,0.33
,,,,Action,0.0,0.14,0.15,0.03,0.32
,,,,Sports,0.0,0.0,0.3,0.03,0.32
,,,,Fighting,0.2,0.06,0.04,0.02,0.32
,,,,Role-Playing,0.0,0.01,0.32,0.0,0.32
,,,,Action,0.0,0.09,0.23,0.01,0.32
,,,,Action,0.0,0.12,0.16,0.04,0.32
,,,,Fighting,0.32,0.0,0.0,0.0,0.32
,,,,Action,0.0,0.16,0.13,0.04,0.32
,,,,Shooter,0.0,0.12,0.16,0.04,0.32
,,,,Sports,0.0,0.12,0.18,0.02,0.32
,,,,Action,0.16,0.08,0.06,0.03,0.32
,,,,Racing,0.02,0.04,0.23,0.03,0.32
,,,,Action,0.0,0.14,0.13,0.06,0.32
,,,,Sports,0.0,0.0,0.3,0.03,0.32
,,,,Action,0.0,0.11,0.18,0.03,0.32
,,,,Sports,0.0,0.0,0.3,0.02,0.32
,,,,Fighting,0.03,0.08,0.19,0.02,0.32
,,,,Role-Playing,0.12,0.01,0.17,0.01,0.32
,,,,Sports,0.0,0.02,0.3,0.0,0.32
,,,,Misc,0.32,0.0,0.0,0.0,0.32
,,,,Action,0.0,0.11,0.18,0.03,0.32
,,,,Fighting,0.1,0.04,0.15,0.03,0.32
,,,,Racing,0.0,0.12,0.16,0.04,0.32
,,,,Puzzle,0.15,0.02,0.14,0.02,0.32
,,,,Puzzle,0.0,0.12,0.18,0.02,0.32
,,,,Sports,0.0,0.03,0.28,0.01,0.32
,,,,Action,0.0,0.15,0.11,0.06,0.32
,,,,Role-Playing,0.3,0.0,0.0,0.02,0.32
,,,,Shooter,0.0,0.13,0.12,0.08,0.32
,,,,Platform,0.0,0.08,0.22,0.03,0.32
,,,,Racing,0.0,0.0,0.3,0.02,0.32
,,,,Action,0.0,0.27,0.0,0.05,0.32
,,,,Action,0.0,0.02,0.27,0.03,0.32
,,,,Platform,0.0,0.13,0.16,0.03,0.32
,,,,Shooter,0.0,0.03,0.27,0.03,0.32
,,,,Misc,0.0,0.0,0.3,0.02,0.32
,,,,Action,0.21,0.04,0.05,0.02,0.32
,,,,Sports,0.0,0.12,0.18,0.02,0.32
,,,,Action,0.02,0.16,0.09,0.05,0.32
,,,,Sports,0.0,0.02,0.28,0.03,0.32
,,,,Simulation,0.12,0.07,0.11,0.02,0.32
,,,,Shooter,0.0,0.14,0.16,0.03,0.32
,,,,Fighting,0.32,0.0,0.0,0.0,0.32
,,,,Role-Playing,0.15,0.06,0.08,0.02,0.32
,,,,Strategy,0.0,0.26,0.0,0.06,0.32
,,,,Action,0.0,0.12,0.16,0.04,0.32
,,,,Action,0.0,0.24,0.03,0.05,0.32
,,,,Sports,0.0,0.11,0.18,0.03,0.32
,,,,Misc,0.0,0.0,0.3,0.02,0.32
,,,,Shooter,0.0,0.12,0.16,0.04,0.32
,,,,Shooter,0.0,0.05,0.24,0.02,0.32
,,,,Simulation,0.0,0.0,0.3,0.02,0.32
,,,,Simulation,0.0,0.14,0.15,0.03,0.32
,,,,Action,0.0,0.06,0.25,0.01,0.32
,,,,Simulation,0.0,0.12,0.16,0.04,0.32
,,,,Sports,0.13,0.04,0.15,0.0,0.32
,,,,Platform,0.0,0.12,0.18,0.02,0.32
,,,,Puzzle,0.32,0.0,0.0,0.0,0.32
,,,,Racing,0.0,0.24,0.03,0.05,0.32
,,,,Action,0.0,0.08,0.23,0.01,0.32
,,,,Sports,0.0,0.12,0.18,0.02,0.32
,,,,Misc,0.0,0.28,0.0,0.04,0.32
,,,,Racing,0.0,0.12,0.18,0.02,0.32
,,,,Sports,0.0,0.02,0.27,0.03,0.32
,,,,Platform,0.0,0.12,0.16,0.04,0.32
,,,,Misc,0.0,0.12,0.18,0.02,0.32
,,,,Sports,0.0,0.03,0.26,0.03,0.32
,,,,Misc,0.0,0.12,0.16,0.04,0.32
,,,,Sports,0.0,0.3,0.0,0.02,0.32
,,,,Simulation,0.32,0.0,0.0,0.0,0.32
,,,,Fighting,0.32,0.0,0.0,0.0,0.32
,,,,Sports,0.3,0.0,0.0,0.02,0.32
,,,,Misc,0.0,0.08,0.23,0.01,0.32
,,,,Fighting,0.0,0.12,0.16,0.04,0.32
,,,,Fighting,0.0,0.0,0.29,0.03,0.32
,,,,Platform,0.0,0.08,0.23,0.01,0.32
,,,,Puzzle,0.32,0.0,0.0,0.0,0.32
,,,,Action,0.0,0.12,0.17,0.03,0.32
,,,,Sports,0.0,0.12,0.16,0.04,0.32
,,,,Misc,0.0,0.12,0.16,0.04,0.32
,,,,Puzzle,0.0,0.15,0.14,0.03,0.32
,,,,Adventure,0.0,0.08,0.23,0.01,0.32
,,,,Racing,0.0,0.02,0.3,0.0,0.32
,,,,Action,0.0,0.02,0.3,0.0,0.32
,,,,Adventure,0.0,0.12,0.18,0.02,0.32
,,,,Sports,0.32,0.0,0.0,0.0,0.32
,,,,Platform,0.02,0.14,0.1,0.06,0.32
,,,,Action,0.0,0.18,0.04,0.1,0.32
,,,,Sports,0.0,0.07,0.24,0.01,0.32
,,,,Role-Playing,0.0,0.02,0.28,0.02,0.32
,,,,Strategy,0.32,0.0,0.0,0.0,0.32
,,,,Role-Playing,0.32,0.0,0.0,0.0,0.32
,,,,Fighting,0.32,0.0,0.0,0.0,0.32
,,,,Misc,0.0,0.08,0.23,0.01,0.32
,,,,Sports,0.0,0.12,0.16,0.04,0.32
,,,,Simulation,0.3,0.0,0.0,0.02,0.32
,,,,Strategy,0.3,0.0,0.0,0.02,0.32
,,,,Role-Playing,0.32,0.0,0.0,0.0,0.32
,,,,Sports,0.0,0.07,0.24,0.01,0.32
,,,,Sports,0.0,0.08,0.23,0.01,0.32
,,,,Sports,0.0,0.0,0.03,0.28,0.32
,,,,Shooter,0.0,0.01,0.28,0.02,0.32
,,,,Simulation,0.0,0.0,0.29,0.02,0.32
,,,,Strategy,0.0,0.07,0.24,0.01,0.32
,,,,Racing,0.0,0.12,0.16,0.04,0.32
,,,,Sports,0.0,0.01,0.28,0.02,0.32
,,,,Misc,0.32,0.0,0.0,0.0,0.32
,,,,Action,0.0,0.12,0.18,0.02,0.32
,,,,Strategy,0.16,0.06,0.08,0.02,0.32
,,,,Action,0.0,0.15,0.08,0.09,0.32
,,,,Adventure,0.03,0.06,0.2,0.02,0.32
,,,,Fighting,0.02,0.04,0.23,0.02,0.32
,,,,Adventure,0.0,0.12,0.15,0.04,0.32
,,,,Misc,0.0,0.02,0.1,0.2,0.32
,,,,Racing,0.0,0.12,0.13,0.06,0.32
,,,,Misc,0.32,0.0,0.0,0.0,0.32
,,,,Misc,0.0,0.04,0.24,0.03,0.32
,,,,Action,0.08,0.04,0.17,0.02,0.32
,,,,Action,0.32,0.0,0.0,0.0,0.32
,,,,Adventure,0.0,0.08,0.22,0.01,0.32
,,,,Platform,0.0,0.12,0.18,0.02,0.32
,,,,Action,0.0,0.17,0.1,0.05,0.32
,,,,Sports,0.32,0.0,0.0,0.0,0.32
,,,,Role-Playing,0.0,0.17,0.09,0.05,0.32
,,,,Fighting,0.0,0.11,0.18,0.03,0.31
,,,,Role-Playing,0.0,0.14,0.12,0.05,0.31
,,,,Racing,0.0,0.19,0.09,0.04,0.31
,,,,Sports,0.0,0.18,0.1,0.03,0.31
,,,,Strategy,0.0,0.12,0.18,0.02,0.31
,,,,Role-Playing,0.31,0.0,0.0,0.0,0.31
,,,,Racing,0.0,0.07,0.24,0.01,0.31
,,,,Misc,0.0,0.0,0.29,0.02,0.31
,,,,Sports,0.0,0.12,0.17,0.02,0.31
,,,,Misc,0.0,0.0,0.29,0.02,0.31
,,,,Action,0.0,0.04,0.25,0.02,0.31
,,,,Sports,0.31,0.0,0.0,0.0,0.31
,,,,Shooter,0.01,0.0,0.28,0.02,0.31
,,,,Sports,0.0,0.08,0.22,0.01,0.31
,,,,Shooter,0.0,0.15,0.1,0.06,0.31
,,,,Platform,0.31,0.0,0.0,0.0,0.31
,,,,Puzzle,0.06,0.15,0.08,0.03,0.31
,,,,Action,0.31,0.0,0.0,0.0,0.31
,,,,Sports,0.31,0.0,0.0,0.0,0.31
,,,,Misc,0.0,0.12,0.17,0.02,0.31
,,,,Action,0.0,0.01,0.28,0.02,0.31
,,,,Misc,0.01,0.01,0.27,0.02,0.31
,,,,Sports,0.0,0.07,0.23,0.01,0.31
,,,,Sports,0.0,0.12,0.15,0.04,0.31
,,,,Adventure,0.0,0.01,0.28,0.02,0.31
,,,,Action,0.0,0.03,0.25,0.03,0.31
,,,,Misc,0.1,0.04,0.15,0.02,0.31
,,,,Strategy,0.31,0.0,0.0,0.0,0.31
,,,,Platform,0.0,0.1,0.19,0.03,0.31
,,,,Sports,0.0,0.0,0.29,0.02,0.31
,,,,Shooter,0.03,0.19,0.05,0.04,0.31
,,,,Misc,0.0,0.12,0.15,0.04,0.31
,,,,Adventure,0.0,0.12,0.17,0.02,0.31
,,,,Strategy,0.0,0.07,0.23,0.01,0.31
,,,,Action,0.0,0.07,0.23,0.01,0.31
,,,,Action,0.0,0.07,0.23,0.01,0.31
,,,,Action,0.0,0.01,0.27,0.02,0.31
,,,,Shooter,0.13,0.07,0.1,0.02,0.31
,,,,Misc,0.0,0.12,0.17,0.02,0.31
,,,,Puzzle,0.0,0.0,0.29,0.02,0.31
,,,,Action,0.0,0.13,0.15,0.03,0.31
,,,,Action,0.0,0.09,0.19,0.03,0.31
,,,,Sports,0.0,0.2,0.08,0.03,0.31
,,,,Simulation,0.16,0.06,0.07,0.02,0.31
,,,,Strategy,0.31,0.0,0.0,0.0,0.31
,,,,Action,0.0,0.0,0.29,0.02,0.31
,,,,Shooter,0.31,0.0,0.0,0.0,0.31
,,,,Action,0.0,0.12,0.17,0.02,0.31
,,,,Shooter,0.0,0.07,0.23,0.01,0.31
,,,,Action,0.0,0.08,0.22,0.01,0.31
,,,,Strategy,0.29,0.0,0.0,0.02,0.31
,,,,Platform,0.0,0.01,0.27,0.03,0.31
,,,,Sports,0.0,0.0,0.29,0.02,0.31
,,,,Role-Playing,0.17,0.04,0.07,0.03,0.31
,,,,Sports,0.26,0.0,0.0,0.05,0.31
,,,,Platform,0.13,0.02,0.06,0.1,0.31
,,,,Racing,0.0,0.06,0.25,0.0,0.31
,,,,Racing,0.0,0.06,0.25,0.0,0.31
,,,,Sports,0.0,0.06,0.25,0.0,0.31
,,,,Simulation,0.26,0.0,0.0,0.05,0.31
,,,,Simulation,0.0,0.29,0.0,0.02,0.31
,,,,Fighting,0.0,0.0,0.31,0.0,0.31
,,,,Action,0.0,0.05,0.24,0.02,0.31
,,,,Action,0.0,0.1,0.18,0.03,0.31
,,,,Action,0.31,0.0,0.0,0.0,0.31
,,,,Misc,0.0,0.0,0.29,0.02,0.31
,,,,Action,0.0,0.1,0.18,0.03,0.31
,,,,Sports,0.31,0.0,0.0,0.0,0.31
,,,,Misc,0.0,0.0,0.28,0.02,0.31
,,,,Simulation,0.0,0.04,0.25,0.03,0.31
,,,,Shooter,0.0,0.07,0.23,0.01,0.31
,,,,Strategy,0.09,0.02,0.18,0.02,0.31
,,,,Action,0.0,0.08,0.22,0.01,0.31
,,,,Strategy,0.02,0.11,0.15,0.02,0.31
,,,,Action,0.0,0.02,0.29,0.0,0.31
,,,,Misc,0.0,0.12,0.15,0.04,0.31
,,,,Platform,0.0,0.04,0.25,0.03,0.31
,,,,Sports,0.0,0.0,0.28,0.02,0.31
,,,,Sports,0.0,0.12,0.15,0.04,0.31
,,,,Role-Playing,0.31,0.0,0.0,0.0,0.31
,,,,Sports,0.0,0.0,0.28,0.02,0.31
,,,,Sports,0.0,0.05,0.23,0.02,0.31
,,,,Strategy,0.0,0.0,0.28,0.02,0.31
,,,,Racing,0.0,0.12,0.17,0.02,0.31
,,,,Misc,0.0,0.05,0.24,0.01,0.31
,,,,Simulation,0.29,0.0,0.0,0.02,0.31
,,,,Puzzle,0.0,0.0,0.28,0.02,0.31
,,,,Role-Playing,0.0,0.13,0.14,0.04,0.31
,,,,Racing,0.0,0.06,0.24,0.01,0.31
,,,,Strategy,0.31,0.0,0.0,0.0,0.31
,,,,Action,0.0,0.12,0.14,0.05,0.31
,,,,Puzzle,0.0,0.17,0.11,0.03,0.31
,,,,Sports,0.0,0.12,0.17,0.02,0.31
,,,,Racing,0.0,0.12,0.15,0.04,0.31
,,,,Sports,0.0,0.0,0.28,0.02,0.31
,,,,Fighting,0.04,0.07,0.17,0.03,0.31
,,,,Sports,0.0,0.12,0.15,0.04,0.31
,,,,Misc,0.0,0.12,0.17,0.02,0.31
,,,,Misc,0.0,0.12,0.15,0.04,0.31
,,,,Action,0.0,0.02,0.29,0.0,0.31
,,,,Platform,0.31,0.0,0.0,0.0,0.31
,,,,Action,0.0,0.02,0.29,0.0,0.31
,,,,Action,0.0,0.12,0.15,0.04,0.31
,,,,Platform,0.0,0.12,0.17,0.02,0.31
,,,,Role-Playing,0.14,0.05,0.08,0.04,0.31
,,,,Role-Playing,0.1,0.01,0.18,0.02,0.31
,,,,Sports,0.0,0.04,0.25,0.02,0.31
,,,,Misc,0.0,0.0,0.29,0.02,0.31
,,,,Platform,0.0,0.06,0.22,0.02,0.31
,,,,Misc,0.0,0.12,0.17,0.02,0.31
,,,,Action,0.0,0.06,0.21,0.03,0.31
,,,,Action,0.01,0.13,0.09,0.08,0.31
,,,,Fighting,0.0,0.07,0.23,0.01,0.31
,,,,Puzzle,0.0,0.12,0.17,0.02,0.31
,,,,Puzzle,0.3,0.0,0.0,0.01,0.31
,,,,Platform,0.0,0.12,0.17,0.02,0.31
,,,,Action,0.0,0.12,0.15,0.04,0.31
,,,,Role-Playing,0.31,0.0,0.0,0.0,0.31
,,,,Fighting,0.31,0.0,0.0,0.0,0.31
,,,,Role-Playing,0.0,0.12,0.15,0.04,0.31
,,,,Adventure,0.0,0.1,0.18,0.03,0.31
,,,,Simulation,0.0,0.01,0.28,0.02,0.3
,,,,Role-Playing,0.07,0.08,0.13,0.02,0.3
,,,,Action,0.0,0.08,0.22,0.01,0.3
,,,,Action,0.0,0.0,0.28,0.02,0.3
,,,,Racing,0.0,0.07,0.23,0.01,0.3
,,,,Racing,0.0,0.08,0.22,0.01,0.3
,,,,Action,0.06,0.12,0.09,0.05,0.3
,,,,Shooter,0.0,0.13,0.15,0.03,0.3
,,,,Misc,0.3,0.0,0.0,0.0,0.3
,,,,Shooter,0.3,0.0,0.0,0.0,0.3
,,,,Fighting,0.0,0.12,0.17,0.02,0.3
,,,,Misc,0.3,0.0,0.0,0.0,0.3
,,,,Misc,0.0,0.04,0.24,0.02,0.3
,,,,Platform,0.0,0.08,0.22,0.01,0.3
,,,,Action,0.0,0.12,0.17,0.02,0.3
,,,,Strategy,0.3,0.0,0.0,0.0,0.3
,,,,Shooter,0.0,0.03,0.24,0.03,0.3
,,,,Simulation,0.01,0.04,0.22,0.03,0.3
,,,,Action,0.0,0.02,0.26,0.02,0.3
,,,,Puzzle,0.0,0.12,0.12,0.07,0.3
,,,,Action,0.08,0.0,0.2,0.02,0.3
,,,,Simulation,0.0,0.25,0.0,0.05,0.3
,,,,Platform,0.21,0.03,0.05,0.02,0.3
,,,,Misc,0.0,0.12,0.15,0.04,0.3
,,,,Action,0.0,0.04,0.24,0.02,0.3
,,,,Racing,0.0,0.06,0.23,0.01,0.3
,,,,Platform,0.0,0.08,0.22,0.01,0.3
,,,,Action,0.0,0.12,0.15,0.04,0.3
,,,,Fighting,0.0,0.1,0.18,0.03,0.3
,,,,Racing,0.0,0.0,0.29,0.02,0.3
,,,,Puzzle,0.3,0.0,0.0,0.0,0.3
,,,,Platform,0.0,0.09,0.19,0.03,0.3
,,,,Adventure,0.0,0.08,0.22,0.01,0.3
,,,,Adventure,0.0,0.12,0.15,0.04,0.3
,,,,Role-Playing,0.3,0.0,0.0,0.0,0.3
,,,,Misc,0.3,0.0,0.0,0.01,0.3
,,,,Strategy,0.3,0.0,0.0,0.0,0.3
,,,,Racing,0.0,0.11,0.17,0.02,0.3
,,,,Strategy,0.0,0.16,0.05,0.08,0.3
,,,,Adventure,0.0,0.12,0.15,0.04,0.3
,,,,Platform,0.0,0.23,0.01,0.06,0.3
,,,,Racing,0.0,0.11,0.17,0.02,0.3
,,,,Sports,0.3,0.0,0.0,0.0,0.3
,,,,Misc,0.0,0.02,0.27,0.02,0.3
,,,,Strategy,0.0,0.03,0.24,0.02,0.3
,,,,Action,0.0,0.0,0.28,0.02,0.3
,,,,Strategy,0.3,0.0,0.0,0.0,0.3
,,,,Role-Playing,0.19,0.0,0.1,0.02,0.3
,,,,Sports,0.3,0.0,0.0,0.0,0.3
,,,,Simulation,0.0,0.24,0.02,0.05,0.3
,,,,Role-Playing,0.07,0.06,0.13,0.04,0.3
,,,,Action,0.07,0.07,0.14,0.02,0.3
,,,,Action,0.0,0.13,0.12,0.05,0.3
,,,,Adventure,0.0,0.0,0.28,0.02,0.3
,,,,Action,0.06,0.06,0.15,0.02,0.3
,,,,Racing,0.0,0.01,0.27,0.02,0.3
,,,,Action,0.06,0.11,0.09,0.04,0.3
,,,,Action,0.17,0.05,0.05,0.03,0.3
,,,,Action,0.2,0.02,0.08,0.01,0.3
,,,,Strategy,0.19,0.04,0.05,0.01,0.3
,,,,Role-Playing,0.3,0.0,0.0,0.0,0.3
,,,,Role-Playing,0.3,0.0,0.0,0.0,0.3
,,,,Simulation,0.05,0.16,0.05,0.04,0.3
,,,,Sports,0.0,0.11,0.15,0.04,0.3
,,,,Role-Playing,0.08,0.0,0.2,0.01,0.3
,,,,Racing,0.0,0.06,0.24,0.0,0.3
,,,,Shooter,0.0,0.06,0.24,0.0,0.3
,,,,Misc,0.3,0.0,0.0,0.0,0.3
,,,,Racing,0.0,0.08,0.21,0.01,0.3
,,,,Simulation,0.0,0.12,0.15,0.03,0.3
,,,,Action,0.0,0.04,0.24,0.02,0.3
,,,,Action,0.0,0.08,0.17,0.05,0.3
,,,,Simulation,0.28,0.0,0.0,0.02,0.3
,,,,Action,0.3,0.0,0.0,0.0,0.3
,,,,Platform,0.0,0.11,0.15,0.04,0.3
,,,,Action,0.0,0.08,0.21,0.01,0.3
,,,,Puzzle,0.3,0.0,0.0,0.0,0.3
,,,,Action,0.05,0.03,0.2,0.02,0.3
,,,,Role-Playing,0.11,0.03,0.13,0.03,0.3
,,,,Action,0.0,0.11,0.17,0.02,0.3
,,,,Racing,0.0,0.23,0.02,0.05,0.3
,,,,Sports,0.0,0.06,0.23,0.01,0.3
,,,,Fighting,0.0,0.11,0.15,0.04,0.3
,,,,Role-Playing,0.1,0.07,0.1,0.03,0.3
,,,,Strategy,0.3,0.0,0.0,0.0,0.3
,,,,Simulation,0.0,0.04,0.23,0.02,0.3
,,,,Misc,0.0,0.12,0.15,0.03,0.3
,,,,Role-Playing,0.14,0.02,0.13,0.01,0.3
,,,,Sports,0.3,0.0,0.0,0.0,0.3
,,,,Fighting,0.15,0.05,0.07,0.02,0.3
,,,,Action,0.0,0.02,0.26,0.02,0.3
,,,,Sports,0.0,0.27,0.0,0.03,0.3
,,,,Simulation,0.0,0.0,0.28,0.02,0.3
,,,,Simulation,0.0,0.0,0.28,0.02,0.3
,,,,Misc,0.0,0.19,0.08,0.03,0.3
,,,,Fighting,0.0,0.11,0.15,0.04,0.3
,,,,Misc,0.0,0.0,0.27,0.03,0.3
,,,,Sports,0.0,0.01,0.26,0.02,0.3
,,,,Shooter,0.0,0.07,0.21,0.02,0.3
,,,,Simulation,0.0,0.24,0.01,0.05,0.3
,,,,Role-Playing,0.3,0.0,0.0,0.0,0.3
,,,,Role-Playing,0.3,0.0,0.0,0.0,0.3
,,,,Role-Playing,0.14,0.07,0.06,0.02,0.3
,,,,Shooter,0.0,0.13,0.12,0.05,0.3
,,,,Strategy,0.0,0.11,0.15,0.04,0.3
,,,,Misc,0.0,0.0,0.28,0.02,0.3
,,,,Misc,0.3,0.0,0.0,0.0,0.3
,,,,Shooter,0.0,0.14,0.13,0.03,0.3
,,,,Simulation,0.0,0.01,0.02,0.27,0.3
,,,,Role-Playing,0.3,0.0,0.0,0.0,0.3
,,,,Action,0.0,0.09,0.17,0.03,0.3
,,,,Sports,0.29,0.0,0.0,0.01,0.3
,,,,Platform,0.1,0.0,0.18,0.02,0.3
,,,,Simulation,0.0,0.0,0.3,0.0,0.3
,,,,Sports,0.3,0.0,0.0,0.0,0.3
,,,,Shooter,0.01,0.1,0.14,0.05,0.3
,,,,Action,0.0,0.08,0.21,0.01,0.3
,,,,Platform,0.0,0.08,0.21,0.01,0.3
,,,,Racing,0.0,0.07,0.19,0.04,0.3
,,,,Simulation,0.0,0.11,0.16,0.02,0.3
,,,,Misc,0.0,0.1,0.16,0.03,0.3
,,,,Role-Playing,0.02,0.0,0.25,0.02,0.3
,,,,Simulation,0.3,0.0,0.0,0.0,0.3
,,,,Action,0.0,0.06,0.23,0.01,0.3
,,,,Fighting,0.3,0.0,0.0,0.0,0.3
,,,,Sports,0.0,0.11,0.14,0.04,0.3
,,,,Action,0.0,0.06,0.22,0.01,0.3
,,,,Adventure,0.12,0.01,0.15,0.01,0.3
,,,,Sports,0.0,0.14,0.12,0.03,0.3
,,,,Puzzle,0.0,0.26,0.02,0.01,0.3
,,,,Action,0.0,0.06,0.22,0.02,0.3
,,,,Fighting,0.0,0.03,0.24,0.02,0.3
,,,,Sports,0.0,0.06,0.22,0.01,0.3
,,,,Action,0.0,0.13,0.14,0.03,0.3
,,,,Platform,0.0,0.06,0.23,0.01,0.3
,,,,Misc,0.0,0.0,0.28,0.02,0.29
,,,,Sports,0.0,0.02,0.28,0.0,0.29
,,,,Simulation,0.0,0.0,0.27,0.02,0.29
,,,,Role-Playing,0.0,0.11,0.14,0.04,0.29
,,,,Shooter,0.0,0.01,0.26,0.03,0.29
,,,,Shooter,0.11,0.07,0.09,0.03,0.29
,,,,Platform,0.0,0.06,0.21,0.02,0.29
,,,,Action,0.0,0.14,0.12,0.03,0.29
,,,,Role-Playing,0.04,0.1,0.13,0.02,0.29
,,,,Sports,0.0,0.01,0.26,0.02,0.29
,,,,Role-Playing,0.0,0.01,0.25,0.03,0.29
,,,,Misc,0.0,0.21,0.04,0.04,0.29
,,,,Shooter,0.0,0.1,0.16,0.03,0.29
,,,,Racing,0.0,0.08,0.21,0.01,0.29
,,,,Sports,0.29,0.0,0.0,0.01,0.29
,,,,Action,0.0,0.02,0.25,0.03,0.29
,,,,Action,0.12,0.12,0.01,0.04,0.29
,,,,Role-Playing,0.29,0.0,0.0,0.0,0.29
,,,,Action,0.0,0.09,0.18,0.03,0.29
,,,,Sports,0.04,0.0,0.23,0.02,0.29
,,,,Sports,0.0,0.06,0.22,0.01,0.29
,,,,Action,0.02,0.16,0.06,0.05,0.29
,,,,Action,0.07,0.08,0.11,0.03,0.29
,,,,Sports,0.0,0.11,0.16,0.02,0.29
,,,,Adventure,0.25,0.02,0.02,0.01,0.29
,,,,Action,0.0,0.07,0.2,0.03,0.29
,,,,Adventure,0.29,0.0,0.0,0.0,0.29
,,,,Action,0.0,0.03,0.24,0.02,0.29
,,,,Action,0.17,0.1,0.0,0.02,0.29
,,,,Action,0.0,0.03,0.11,0.15,0.29
,,,,Adventure,0.01,0.14,0.09,0.05,0.29
,,,,Sports,0.0,0.06,0.23,0.01,0.29
,,,,Shooter,0.0,0.11,0.14,0.04,0.29
,,,,Sports,0.05,0.22,0.02,0.0,0.29
,,,,Racing,0.0,0.11,0.13,0.06,0.29
,,,,Strategy,0.22,0.02,0.03,0.02,0.29
,,,,Sports,0.27,0.0,0.0,0.02,0.29
,,,,Shooter,0.0,0.16,0.08,0.05,0.29
,,,,Sports,0.0,0.0,0.27,0.02,0.29
,,,,Misc,0.0,0.12,0.14,0.03,0.29
,,,,Sports,0.29,0.0,0.0,0.0,0.29
,,,,Role-Playing,0.14,0.0,0.14,0.01,0.29
,,,,Misc,0.0,0.11,0.16,0.02,0.29
,,,,Strategy,0.27,0.0,0.0,0.02,0.29
,,,,Platform,0.03,0.1,0.13,0.03,0.29
,,,,Platform,0.0,0.1,0.17,0.02,0.29
,,,,Role-Playing,0.0,0.11,0.14,0.04,0.29
,,,,Misc,0.29,0.0,0.0,0.0,0.29
,,,,Misc,0.0,0.03,0.25,0.02,0.29
,,,,Action,0.01,0.13,0.13,0.03,0.29
,,,,Fighting,0.28,0.0,0.0,0.01,0.29
,,,,Action,0.03,0.05,0.18,0.03,0.29
,,,,Action,0.0,0.02,0.27,0.0,0.29
,,,,Simulation,0.0,0.0,0.27,0.02,0.29
,,,,Shooter,0.0,0.06,0.22,0.01,0.29
,,,,Misc,0.0,0.04,0.22,0.02,0.29
,,,,Misc,0.0,0.08,0.18,0.02,0.29
,,,,Simulation,0.15,0.05,0.06,0.03,0.29
,,,,Simulation,0.28,0.0,0.0,0.01,0.29
,,,,Action,0.0,0.12,0.13,0.05,0.29
,,,,Strategy,0.0,0.11,0.16,0.03,0.29
,,,,Platform,0.0,0.11,0.14,0.04,0.29
,,,,Adventure,0.0,0.13,0.13,0.03,0.29
,,,,Racing,0.0,0.11,0.14,0.04,0.29
,,,,Action,0.1,0.01,0.15,0.04,0.29
,,,,Action,0.0,0.2,0.06,0.03,0.29
,,,,Action,0.0,0.02,0.27,0.0,0.29
,,,,Sports,0.29,0.0,0.0,0.0,0.29
,,,,Racing,0.0,0.06,0.23,0.0,0.29
,,,,Racing,0.0,0.06,0.23,0.0,0.29
,,,,Fighting,0.0,0.06,0.23,0.0,0.29
,,,,Racing,0.0,0.06,0.23,0.0,0.29
,,,,Puzzle,0.02,0.05,0.22,0.0,0.29
,,,,Sports,0.0,0.06,0.23,0.0,0.29
,,,,Racing,0.0,0.06,0.23,0.0,0.29
,,,,Fighting,0.0,0.06,0.23,0.0,0.29
,,,,Action,0.14,0.03,0.1,0.02,0.29
,,,,Shooter,0.0,0.23,0.0,0.06,0.29
,,,,Puzzle,0.0,0.25,0.0,0.04,0.29
,,,,Misc,0.0,0.08,0.21,0.01,0.29
,,,,Fighting,0.0,0.11,0.14,0.04,0.29
,,,,Shooter,0.0,0.04,0.23,0.02,0.29
,,,,Simulation,0.0,0.11,0.14,0.04,0.29
,,,,Action,0.05,0.07,0.15,0.02,0.29
,,,,Role-Playing,0.0,0.06,0.22,0.01,0.29
,,,,Action,0.0,0.1,0.16,0.02,0.29
,,,,Role-Playing,0.0,0.09,0.18,0.02,0.29
,,,,Action,0.0,0.06,0.22,0.01,0.29
,,,,Action,0.0,0.09,0.17,0.03,0.29
,,,,Misc,0.29,0.0,0.0,0.0,0.29
,,,,Sports,0.0,0.06,0.22,0.01,0.29
,,,,Misc,0.27,0.0,0.0,0.02,0.29
,,,,Role-Playing,0.0,0.06,0.22,0.01,0.29
,,,,Shooter,0.01,0.15,0.1,0.03,0.29
,,,,Action,0.19,0.09,0.0,0.01,0.29
,,,,Action,0.0,0.06,0.22,0.01,0.29
,,,,Sports,0.0,0.11,0.16,0.02,0.29
,,,,Action,0.0,0.13,0.13,0.03,0.29
,,,,Role-Playing,0.29,0.0,0.0,0.0,0.29
,,,,Racing,0.0,0.17,0.08,0.03,0.29
,,,,Simulation,0.0,0.0,0.27,0.02,0.29
,,,,Puzzle,0.0,0.0,0.26,0.02,0.29
,,,,Misc,0.0,0.11,0.14,0.04,0.29
,,,,Adventure,0.29,0.0,0.0,0.0,0.29
,,,,Role-Playing,0.15,0.05,0.07,0.02,0.29
,,,,Strategy,0.16,0.05,0.06,0.02,0.29
,,,,Simulation,0.0,0.0,0.27,0.02,0.29
,,,,Role-Playing,0.01,0.1,0.15,0.02,0.29
,,,,Puzzle,0.1,0.0,0.17,0.02,0.29
,,,,Misc,0.0,0.12,0.12,0.05,0.29
,,,,Puzzle,0.0,0.0,0.26,0.02,0.29
,,,,Racing,0.0,0.15,0.12,0.02,0.29
,,,,Action,0.0,0.01,0.26,0.02,0.29
,,,,Sports,0.0,0.11,0.16,0.02,0.29
,,,,Simulation,0.0,0.0,0.27,0.02,0.29
,,,,Misc,0.29,0.0,0.0,0.0,0.29
,,,,Shooter,0.0,0.15,0.11,0.03,0.29
,,,,Sports,0.0,0.11,0.14,0.04,0.29
,,,,Fighting,0.14,0.0,0.13,0.02,0.29
,,,,Racing,0.0,0.11,0.16,0.02,0.29
,,,,Role-Playing,0.29,0.0,0.0,0.0,0.29
,,,,Misc,0.21,0.02,0.03,0.02,0.29
,,,,Platform,0.0,0.11,0.14,0.04,0.29
,,,,Adventure,0.29,0.0,0.0,0.0,0.29
,,,,Shooter,0.0,0.11,0.14,0.04,0.29
,,,,Puzzle,0.0,0.0,0.27,0.02,0.29
,,,,Platform,0.0,0.11,0.16,0.02,0.29
,,,,Action,0.0,0.12,0.13,0.03,0.29
,,,,Simulation,0.0,0.0,0.27,0.02,0.29
,,,,Role-Playing,0.29,0.0,0.0,0.0,0.29
,,,,Simulation,0.27,0.0,0.0,0.02,0.29
,,,,Racing,0.0,0.0,0.26,0.02,0.29
,,,,Role-Playing,0.0,0.12,0.14,0.02,0.29
,,,,Strategy,0.29,0.0,0.0,0.0,0.29
,,,,Sports,0.29,0.0,0.0,0.0,0.29
,,,,Action,0.08,0.07,0.11,0.03,0.29
,,,,Action,0.0,0.12,0.12,0.05,0.29
,,,,Platform,0.0,0.06,0.22,0.01,0.29
,,,,Action,0.22,0.0,0.06,0.01,0.29
,,,,Puzzle,0.0,0.0,0.26,0.02,0.29
,,,,Sports,0.0,0.06,0.21,0.01,0.29
,,,,Sports,0.0,0.11,0.16,0.02,0.29
,,,,Action,0.0,0.0,0.26,0.02,0.29
,,,,Misc,0.29,0.0,0.0,0.0,0.29
,,,,Action,0.0,0.0,0.26,0.02,0.29
,,,,Platform,0.0,0.08,0.2,0.01,0.29
,,,,Role-Playing,0.17,0.03,0.08,0.01,0.29
,,,,Action,0.0,0.1,0.14,0.05,0.29
,,,,Racing,0.0,0.18,0.07,0.03,0.29
,,,,Sports,0.0,0.0,0.26,0.02,0.28
,,,,Sports,0.0,0.21,0.03,0.04,0.28
,,,,Action,0.0,0.14,0.11,0.03,0.28
,,,,Racing,0.0,0.11,0.14,0.04,0.28
,,,,Misc,0.0,0.11,0.14,0.04,0.28
,,,,Shooter,0.05,0.06,0.15,0.02,0.28
,,,,Racing,0.0,0.11,0.16,0.02,0.28
,,,,Sports,0.28,0.0,0.0,0.0,0.28
,,,,Sports,0.0,0.08,0.2,0.01,0.28
,,,,Action,0.0,0.08,0.2,0.01,0.28
,,,,Adventure,0.0,0.0,0.26,0.02,0.28
,,,,Fighting,0.28,0.0,0.0,0.0,0.28
,,,,Simulation,0.0,0.01,0.26,0.02,0.28
,,,,Sports,0.28,0.0,0.0,0.0,0.28
,,,,Action,0.0,0.11,0.15,0.02,0.28
,,,,Platform,0.0,0.11,0.16,0.02,0.28
,,,,Action,0.0,0.06,0.21,0.01,0.28
,,,,Misc,0.0,0.1,0.16,0.03,0.28
,,,,Role-Playing,0.1,0.07,0.09,0.02,0.28
,,,,Sports,0.0,0.02,0.24,0.02,0.28
,,,,Fighting,0.07,0.08,0.1,0.04,0.28
,,,,Platform,0.0,0.11,0.14,0.04,0.28
,,,,Sports,0.0,0.06,0.21,0.01,0.28
,,,,Role-Playing,0.0,0.08,0.2,0.01,0.28
,,,,Action,0.0,0.08,0.2,0.01,0.28
,,,,Racing,0.0,0.11,0.14,0.04,0.28
,,,,Sports,0.0,0.07,0.18,0.04,0.28
,,,,Sports,0.28,0.0,0.0,0.0,0.28
,,,,Racing,0.0,0.06,0.22,0.01,0.28
,,,,Role-Playing,0.28,0.0,0.0,0.0,0.28
,,,,Action,0.0,0.08,0.2,0.01,0.28
,,,,Action,0.09,0.17,0.0,0.02,0.28
,,,,Sports,0.09,0.16,0.01,0.03,0.28
,,,,Simulation,0.01,0.0,0.24,0.02,0.28
,,,,Fighting,0.0,0.06,0.21,0.01,0.28
,,,,Fighting,0.28,0.0,0.0,0.0,0.28
,,,,Adventure,0.0,0.01,0.25,0.02,0.28
,,,,Action,0.0,0.11,0.15,0.03,0.28
,,,,Simulation,0.0,0.08,0.2,0.01,0.28
,,,,Adventure,0.0,0.02,0.24,0.02,0.28
,,,,Role-Playing,0.28,0.0,0.0,0.01,0.28
,,,,Action,0.0,0.02,0.26,0.0,0.28
,,,,Action,0.0,0.11,0.14,0.04,0.28
,,,,Sports,0.0,0.01,0.27,0.0,0.28
,,,,Action,0.0,0.1,0.16,0.03,0.28
,,,,Racing,0.0,0.12,0.14,0.02,0.28
,,,,Action,0.0,0.11,0.16,0.02,0.28
,,,,Shooter,0.02,0.12,0.1,0.05,0.28
,,,,Action,0.0,0.11,0.14,0.04,0.28
,,,,Shooter,0.0,0.05,0.22,0.01,0.28
,,,,Fighting,0.0,0.06,0.21,0.01,0.28
,,,,Platform,0.28,0.0,0.0,0.0,0.28
,,,,Strategy,0.12,0.02,0.13,0.01,0.28
,,,,Fighting,0.0,0.06,0.19,0.03,0.28
,,,,Fighting,0.0,0.07,0.2,0.01,0.28
,,,,Platform,0.0,0.06,0.16,0.05,0.28
,,,,Role-Playing,0.28,0.0,0.0,0.0,0.28
,,,,Sports,0.28,0.0,0.0,0.0,0.28
,,,,Misc,0.28,0.0,0.0,0.0,0.28
,,,,Action,0.0,0.11,0.14,0.04,0.28
,,,,Platform,0.28,0.0,0.0,0.0,0.28
,,,,Action,0.28,0.0,0.0,0.0,0.28
,,,,Action,0.0,0.02,0.12,0.14,0.28
,,,,Platform,0.0,0.07,0.2,0.01,0.28
,,,,Sports,0.0,0.0,0.26,0.02,0.28
,,,,Puzzle,0.0,0.23,0.0,0.05,0.28
,,,,Racing,0.0,0.11,0.14,0.04,0.28
,,,,Sports,0.0,0.0,0.27,0.02,0.28
,,,,Shooter,0.01,0.11,0.11,0.05,0.28
,,,,Shooter,0.0,0.11,0.14,0.04,0.28
,,,,Shooter,0.0,0.06,0.21,0.01,0.28
,,,,Misc,0.0,0.14,0.09,0.05,0.28
,,,,Platform,0.0,0.11,0.14,0.04,0.28
,,,,Misc,0.0,0.0,0.27,0.02,0.28
,,,,Sports,0.0,0.0,0.26,0.02,0.28
,,,,Platform,0.0,0.07,0.2,0.01,0.28
,,,,Racing,0.03,0.1,0.12,0.03,0.28
,,,,Misc,0.0,0.12,0.13,0.02,0.28
,,,,Simulation,0.0,0.0,0.26,0.02,0.28
,,,,Misc,0.0,0.1,0.16,0.03,0.28
,,,,Racing,0.0,0.08,0.18,0.02,0.28
,,,,Fighting,0.0,0.11,0.14,0.04,0.28
,,,,Fighting,0.03,0.03,0.2,0.02,0.28
,,,,Action,0.0,0.07,0.2,0.01,0.28
,,,,Fighting,0.1,0.06,0.09,0.02,0.28
,,,,Role-Playing,0.0,0.11,0.14,0.04,0.28
,,,,Platform,0.01,0.12,0.12,0.03,0.28
,,,,Sports,0.0,0.11,0.14,0.04,0.28
,,,,Platform,0.23,0.01,0.03,0.01,0.28
,,,,Sports,0.0,0.06,0.21,0.01,0.28
,,,,Action,0.04,0.09,0.11,0.04,0.28
,,,,Action,0.0,0.06,0.22,0.01,0.28
,,,,Sports,0.0,0.11,0.16,0.02,0.28
,,,,Racing,0.0,0.07,0.2,0.01,0.28
,,,,Sports,0.28,0.0,0.0,0.0,0.28
,,,,Misc,0.0,0.11,0.12,0.05,0.28
,,,,Action,0.0,0.06,0.22,0.01,0.28
,,,,Action,0.0,0.06,0.21,0.01,0.28
,,,,Sports,0.0,0.02,0.24,0.02,0.28
,,,,Action,0.28,0.0,0.0,0.0,0.28
,,,,Misc,0.0,0.13,0.13,0.03,0.28
,,,,Sports,0.03,0.21,0.0,0.03,0.28
,,,,Role-Playing,0.0,0.11,0.14,0.04,0.28
,,,,Strategy,0.0,0.22,0.01,0.05,0.28
,,,,Sports,0.0,0.11,0.14,0.04,0.28
,,,,Sports,0.0,0.11,0.14,0.04,0.28
,,,,Action,0.12,0.03,0.1,0.04,0.28
,,,,Misc,0.0,0.06,0.21,0.01,0.28
,,,,Platform,0.0,0.01,0.25,0.02,0.28
,,,,Sports,0.0,0.11,0.14,0.04,0.28
,,,,Adventure,0.0,0.01,0.26,0.02,0.28
,,,,Action,0.0,0.02,0.23,0.03,0.28
,,,,Shooter,0.17,0.04,0.05,0.01,0.28
,,,,Strategy,0.28,0.0,0.0,0.0,0.28
,,,,Misc,0.17,0.04,0.05,0.02,0.28
,,,,Misc,0.0,0.0,0.26,0.02,0.28
,,,,Strategy,0.0,0.11,0.15,0.02,0.28
,,,,Misc,0.0,0.09,0.14,0.04,0.28
,,,,Action,0.28,0.0,0.0,0.0,0.28
,,,,Platform,0.0,0.06,0.21,0.01,0.28
,,,,Action,0.0,0.1,0.15,0.03,0.28
,,,,Action,0.0,0.01,0.11,0.16,0.28
,,,,Racing,0.28,0.0,0.0,0.0,0.28
,,,,Role-Playing,0.0,0.11,0.14,0.02,0.28
,,,,Misc,0.0,0.0,0.26,0.02,0.28
,,,,Simulation,0.28,0.0,0.0,0.0,0.28
,,,,Sports,0.0,0.11,0.14,0.04,0.28
,,,,Misc,0.27,0.0,0.0,0.01,0.28
,,,,Puzzle,0.28,0.0,0.0,0.0,0.28
,,,,Role-Playing,0.26,0.0,0.0,0.02,0.28
,,,,Sports,0.0,0.01,0.24,0.02,0.28
,,,,Action,0.0,0.16,0.09,0.03,0.28
,,,,Sports,0.0,0.06,0.21,0.01,0.28
,,,,Misc,0.0,0.0,0.25,0.02,0.28
,,,,Misc,0.0,0.0,0.25,0.02,0.28
,,,,Platform,0.02,0.1,0.11,0.04,0.28
,,,,Fighting,0.0,0.1,0.15,0.02,0.28
,,,,Action,0.0,0.11,0.14,0.04,0.28
,,,,Action,0.0,0.06,0.21,0.01,0.28
,,,,Sports,0.0,0.11,0.14,0.04,0.28
,,,,Sports,0.0,0.11,0.14,0.04,0.28
,,,,Adventure,0.19,0.07,0.0,0.01,0.28
,,,,Action,0.0,0.04,0.22,0.02,0.28
,,,,Action,0.0,0.09,0.17,0.02,0.28
,,,,Sports,0.27,0.0,0.0,0.01,0.28
,,,,Adventure,0.0,0.11,0.14,0.04,0.28
,,,,Platform,0.0,0.07,0.2,0.0,0.28
,,,,Sports,0.0,0.03,0.22,0.03,0.28
,,,,Strategy,0.0,0.19,0.04,0.05,0.28
,,,,Shooter,0.28,0.0,0.0,0.0,0.28
,,,,Simulation,0.15,0.04,0.06,0.02,0.28
,,,,Platform,0.28,0.0,0.0,0.0,0.28
,,,,Misc,0.28,0.0,0.0,0.0,0.28
,,,,Racing,0.0,0.0,0.26,0.02,0.28
,,,,Sports,0.18,0.07,0.0,0.03,0.28
,,,,Action,0.0,0.1,0.13,0.05,0.28
,,,,Misc,0.28,0.0,0.0,0.0,0.28
,,,,Action,0.2,0.0,0.06,0.01,0.27
,,,,Sports,0.0,0.11,0.13,0.04,0.27
,,,,Misc,0.27,0.0,0.0,0.0,0.27
,,,,Sports,0.0,0.1,0.13,0.04,0.27
,,,,Action,0.0,0.02,0.26,0.0,0.27
,,,,Adventure,0.0,0.2,0.05,0.02,0.27
,,,,Misc,0.0,0.0,0.25,0.02,0.27
,,,,Fighting,0.0,0.06,0.21,0.01,0.27
,,,,Sports,0.0,0.06,0.18,0.03,0.27
,,,,Fighting,0.26,0.0,0.0,0.02,0.27
,,,,Fighting,0.0,0.06,0.21,0.01,0.27
,,,,Action,0.27,0.0,0.0,0.01,0.27
,,,,Racing,0.0,0.07,0.2,0.0,0.27
,,,,Action,0.26,0.0,0.0,0.02,0.27
,,,,Action,0.11,0.06,0.09,0.02,0.27
,,,,Puzzle,0.0,0.07,0.2,0.0,0.27
,,,,Misc,0.0,0.11,0.14,0.03,0.27
,,,,Racing,0.0,0.01,0.24,0.02,0.27
,,,,Role-Playing,0.27,0.0,0.0,0.0,0.27
,,,,Action,0.0,0.1,0.15,0.02,0.27
,,,,Sports,0.0,0.06,0.2,0.01,0.27
,,,,Action,0.0,0.1,0.15,0.03,0.27
,,,,Racing,0.0,0.01,0.26,0.0,0.27
,,,,Simulation,0.0,0.0,0.25,0.02,0.27
,,,,Misc,0.0,0.01,0.09,0.17,0.27
,,,,Role-Playing,0.15,0.01,0.09,0.01,0.27
,,,,Adventure,0.0,0.1,0.15,0.02,0.27
,,,,Fighting,0.22,0.02,0.02,0.02,0.27
,,,,Sports,0.0,0.1,0.15,0.02,0.27
,,,,Sports,0.0,0.1,0.15,0.02,0.27
,,,,Role-Playing,0.02,0.12,0.09,0.04,0.27
,,,,Strategy,0.0,0.12,0.12,0.03,0.27
,,,,Misc,0.19,0.0,0.08,0.01,0.27
,,,,Action,0.11,0.03,0.12,0.01,0.27
,,,,Puzzle,0.1,0.0,0.16,0.01,0.27
,,,,Racing,0.0,0.01,0.26,0.0,0.27
,,,,Simulation,0.0,0.17,0.02,0.09,0.27
,,,,Action,0.0,0.16,0.09,0.02,0.27
,,,,Sports,0.0,0.1,0.13,0.03,0.27
,,,,Simulation,0.0,0.1,0.15,0.02,0.27
,,,,Sports,0.27,0.0,0.0,0.0,0.27
,,,,Strategy,0.27,0.0,0.0,0.0,0.27
,,,,Sports,0.0,0.1,0.15,0.02,0.27
,,,,Racing,0.0,0.1,0.13,0.03,0.27
,,,,Role-Playing,0.0,0.05,0.21,0.01,0.27
,,,,Fighting,0.27,0.0,0.0,0.0,0.27
,,,,Shooter,0.0,0.1,0.15,0.02,0.27
,,,,Sports,0.27,0.0,0.0,0.0,0.27
,,,,Misc,0.12,0.07,0.07,0.01,0.27
,,,,Action,0.0,0.1,0.13,0.03,0.27
,,,,Racing,0.0,0.07,0.19,0.0,0.27
,,,,Sports,0.0,0.1,0.14,0.03,0.27
,,,,Sports,0.0,0.04,0.2,0.04,0.27
,,,,Shooter,0.0,0.01,0.24,0.02,0.27
,,,,Sports,0.0,0.01,0.25,0.02,0.27
,,,,Action,0.0,0.02,0.25,0.0,0.27
,,,,Misc,0.0,0.02,0.25,0.0,0.27
,,,,Action,0.0,0.01,0.12,0.14,0.27
,,,,Action,0.0,0.11,0.1,0.06,0.27
,,,,Action,0.0,0.16,0.06,0.05,0.27
,,,,Racing,0.0,0.08,0.18,0.01,0.27
,,,,Role-Playing,0.27,0.0,0.0,0.0,0.27
,,,,Racing,0.0,0.1,0.13,0.03,0.27
,,,,Platform,0.0,0.07,0.19,0.0,0.27
,,,,Role-Playing,0.06,0.08,0.1,0.04,0.27
,,,,Platform,0.0,0.05,0.21,0.01,0.27
,,,,Strategy,0.0,0.15,0.09,0.03,0.27
,,,,Platform,0.0,0.05,0.21,0.01,0.27
,,,,Action,0.27,0.0,0.0,0.0,0.27
,,,,Role-Playing,0.26,0.0,0.0,0.01,0.27
,,,,Fighting,0.0,0.07,0.19,0.0,0.27
,,,,Role-Playing,0.27,0.0,0.0,0.0,0.27
,,,,Role-Playing,0.0,0.1,0.13,0.03,0.27
,,,,Adventure,0.0,0.14,0.08,0.05,0.27
,,,,Racing,0.0,0.06,0.2,0.01,0.27
,,,,Simulation,0.0,0.01,0.24,0.02,0.27
,,,,Shooter,0.0,0.1,0.13,0.03,0.27
,,,,Action,0.0,0.04,0.2,0.03,0.27
,,,,Sports,0.0,0.06,0.2,0.01,0.27
,,,,Misc,0.0,0.0,0.25,0.02,0.27
,,,,Strategy,0.0,0.13,0.1,0.04,0.27
,,,,Sports,0.0,0.02,0.25,0.0,0.27
,,,,Sports,0.27,0.0,0.0,0.0,0.27
,,,,Sports,0.0,0.02,0.25,0.0,0.27
,,,,Action,0.0,0.08,0.18,0.01,0.27
,,,,Strategy,0.0,0.05,0.22,0.0,0.27
,,,,Shooter,0.0,0.11,0.14,0.03,0.27
,,,,Action,0.0,0.1,0.13,0.03,0.27
,,,,Action,0.27,0.0,0.0,0.0,0.27
,,,,Role-Playing,0.25,0.01,0.0,0.01,0.27
,,,,Action,0.0,0.1,0.13,0.03,0.27
,,,,Misc,0.0,0.12,0.13,0.03,0.27
,,,,Racing,0.0,0.19,0.04,0.04,0.27
,,,,Racing,0.0,0.1,0.13,0.03,0.27
,,,,Action,0.0,0.06,0.2,0.01,0.27
,,,,Sports,0.0,0.07,0.19,0.0,0.27
,,,,Racing,0.14,0.05,0.06,0.02,0.27
,,,,Action,0.0,0.12,0.13,0.02,0.27
,,,,Sports,0.0,0.04,0.23,0.0,0.27
,,,,Misc,0.0,0.0,0.25,0.02,0.27
,,,,Role-Playing,0.16,0.0,0.1,0.01,0.27
,,,,Action,0.0,0.12,0.13,0.02,0.27
,,,,Sports,0.27,0.0,0.0,0.0,0.27
,,,,Action,0.0,0.03,0.22,0.03,0.27
,,,,Action,0.02,0.11,0.12,0.02,0.27
,,,,Sports,0.0,0.0,0.25,0.02,0.27
,,,,Racing,0.0,0.0,0.25,0.02,0.27
,,,,Simulation,0.27,0.0,0.0,0.0,0.27
,,,,Role-Playing,0.12,0.0,0.14,0.01,0.27
,,,,Role-Playing,0.26,0.0,0.0,0.01,0.27
,,,,Racing,0.0,0.1,0.13,0.03,0.27
,,,,Sports,0.0,0.05,0.21,0.01,0.27
,,,,Fighting,0.0,0.08,0.16,0.02,0.27
,,,,Racing,0.0,0.06,0.2,0.01,0.27
,,,,Shooter,0.0,0.09,0.15,0.03,0.27
,,,,Racing,0.0,0.1,0.15,0.02,0.27
,,,,Simulation,0.0,0.0,0.25,0.02,0.27
,,,,Role-Playing,0.0,0.0,0.25,0.02,0.27
,,,,Strategy,0.27,0.0,0.0,0.0,0.27
,,,,Racing,0.01,0.21,0.01,0.04,0.27
,,,,Misc,0.0,0.07,0.19,0.0,0.27
,,,,Misc,0.0,0.0,0.25,0.02,0.27
,,,,Action,0.0,0.02,0.23,0.02,0.27
,,,,Action,0.0,0.03,0.22,0.02,0.27
,,,,Misc,0.0,0.01,0.24,0.02,0.27
,,,,Role-Playing,0.0,0.1,0.15,0.02,0.27
,,,,Shooter,0.0,0.1,0.13,0.03,0.27
,,,,Action,0.0,0.11,0.08,0.08,0.27
,,,,Sports,0.25,0.0,0.0,0.02,0.27
,,,,Adventure,0.27,0.0,0.0,0.0,0.27
,,,,Simulation,0.0,0.05,0.21,0.01,0.27
,,,,Puzzle,0.0,0.0,0.24,0.02,0.27
,,,,Action,0.0,0.09,0.16,0.02,0.27
,,,,Sports,0.0,0.08,0.18,0.0,0.27
,,,,Racing,0.27,0.0,0.0,0.0,0.27
,,,,Sports,0.0,0.0,0.24,0.02,0.27
,,,,Simulation,0.0,0.1,0.13,0.03,0.27
,,,,Misc,0.0,0.0,0.25,0.02,0.27
,,,,Shooter,0.0,0.1,0.15,0.02,0.27
,,,,Action,0.0,0.06,0.18,0.02,0.27
,,,,Misc,0.0,0.0,0.25,0.02,0.27
,,,,Puzzle,0.0,0.0,0.25,0.02,0.27
,,,,Sports,0.0,0.1,0.15,0.02,0.27
,,,,Sports,0.0,0.06,0.2,0.01,0.27
,,,,Misc,0.0,0.0,0.25,0.02,0.27
,,,,Shooter,0.0,0.14,0.09,0.04,0.27
,,,,Action,0.0,0.09,0.15,0.02,0.27
,,,,Adventure,0.0,0.05,0.19,0.02,0.27
,,,,Sports,0.0,0.0,0.24,0.02,0.27
,,,,Fighting,0.14,0.04,0.06,0.02,0.27
,,,,Adventure,0.0,0.11,0.11,0.05,0.27
,,,,Role-Playing,0.0,0.1,0.15,0.02,0.27
,,,,Puzzle,0.27,0.0,0.0,0.0,0.27
,,,,Sports,0.0,0.0,0.25,0.02,0.27
,,,,Fighting,0.0,0.1,0.13,0.03,0.27
,,,,Strategy,0.0,0.1,0.13,0.03,0.27
,,,,Action,0.04,0.06,0.13,0.04,0.27
,,,,Puzzle,0.0,0.0,0.25,0.02,0.27
,,,,Action,0.0,0.02,0.23,0.02,0.27
,,,,Adventure,0.0,0.1,0.13,0.03,0.27
,,,,Misc,0.0,0.0,0.25,0.02,0.27
,,,,Action,0.11,0.07,0.06,0.03,0.27
,,,,Sports,0.0,0.0,0.25,0.02,0.27
,,,,Sports,0.27,0.0,0.0,0.0,0.27
,,,,Action,0.0,0.07,0.19,0.0,0.27
,,,,Action,0.0,0.09,0.15,0.02,0.27
,,,,Action,0.16,0.05,0.04,0.02,0.27
,,,,Sports,0.0,0.0,0.24,0.02,0.27
,,,,Simulation,0.0,0.0,0.25,0.02,0.27
,,,,Simulation,0.0,0.0,0.24,0.02,0.27
,,,,Misc,0.0,0.08,0.16,0.02,0.27
,,,,Action,0.0,0.1,0.13,0.03,0.27
,,,,Sports,0.0,0.1,0.14,0.03,0.27
,,,,Role-Playing,0.14,0.04,0.06,0.02,0.27
,,,,Action,0.0,0.06,0.18,0.02,0.27
,,,,Fighting,0.09,0.04,0.11,0.03,0.27
,,,,Misc,0.0,0.07,0.19,0.0,0.27
,,,,Sports,0.0,0.06,0.2,0.01,0.27
,,,,Sports,0.25,0.0,0.0,0.02,0.27
,,,,Sports,0.01,0.0,0.24,0.02,0.26
,,,,Misc,0.03,0.09,0.11,0.03,0.26
,,,,Shooter,0.0,0.0,0.25,0.02,0.26
,,,,Sports,0.0,0.0,0.24,0.02,0.26
,,,,Role-Playing,0.0,0.07,0.19,0.0,0.26
,,,,Racing,0.0,0.18,0.06,0.02,0.26
,,,,Misc,0.0,0.01,0.23,0.02,0.26
,,,,Strategy,0.0,0.02,0.21,0.02,0.26
,,,,Platform,0.0,0.04,0.21,0.02,0.26
,,,,Action,0.26,0.0,0.0,0.0,0.26
,,,,Shooter,0.26,0.0,0.0,0.0,0.26
,,,,Action,0.0,0.03,0.22,0.02,0.26
,,,,Simulation,0.26,0.0,0.0,0.0,0.26
,,,,Simulation,0.0,0.02,0.22,0.02,0.26
,,,,Action,0.0,0.1,0.13,0.03,0.26
,,,,Shooter,0.04,0.05,0.16,0.01,0.26
,,,,Sports,0.25,0.0,0.0,0.02,0.26
,,,,Role-Playing,0.0,0.0,0.24,0.02,0.26
,,,,Role-Playing,0.11,0.06,0.08,0.02,0.26
,,,,Misc,0.0,0.07,0.13,0.06,0.26
,,,,Action,0.26,0.0,0.0,0.0,0.26
,,,,Role-Playing,0.14,0.03,0.08,0.01,0.26
,,,,Sports,0.0,0.1,0.15,0.02,0.26
,,,,Simulation,0.0,0.1,0.13,0.03,0.26
,,,,Shooter,0.0,0.1,0.13,0.03,0.26
,,,,Action,0.0,0.19,0.05,0.02,0.26
,,,,Strategy,0.0,0.18,0.04,0.04,0.26
,,,,Platform,0.0,0.1,0.15,0.02,0.26
,,,,Simulation,0.26,0.0,0.0,0.0,0.26
,,,,Role-Playing,0.26,0.0,0.0,0.0,0.26
,,,,Sports,0.0,0.1,0.13,0.03,0.26
,,,,Fighting,0.17,0.07,0.0,0.02,0.26
,,,,Action,0.0,0.07,0.19,0.0,0.26
,,,,Racing,0.26,0.0,0.0,0.0,0.26
,,,,Racing,0.0,0.06,0.16,0.04,0.26
,,,,Action,0.0,0.16,0.05,0.05,0.26
,,,,Adventure,0.0,0.02,0.09,0.16,0.26
,,,,Misc,0.26,0.0,0.0,0.0,0.26
,,,,Simulation,0.0,0.0,0.24,0.02,0.26
,,,,Adventure,0.0,0.0,0.24,0.02,0.26
,,,,Sports,0.26,0.0,0.0,0.0,0.26
,,,,Racing,0.0,0.1,0.13,0.03,0.26
,,,,Misc,0.0,0.03,0.22,0.02,0.26
,,,,Role-Playing,0.05,0.08,0.1,0.03,0.26
,,,,Simulation,0.0,0.0,0.24,0.02,0.26
,,,,Sports,0.26,0.0,0.0,0.0,0.26
,,,,Action,0.0,0.07,0.19,0.0,0.26
,,,,Action,0.26,0.0,0.0,0.0,0.26
,,,,Fighting,0.0,0.0,0.26,0.0,0.26
,,,,Role-Playing,0.25,0.01,0.0,0.0,0.26
,,,,Platform,0.0,0.07,0.19,0.0,0.26
,,,,Role-Playing,0.26,0.0,0.0,0.01,0.26
,,,,Racing,0.0,0.07,0.19,0.0,0.26
,,,,Misc,0.01,0.1,0.11,0.05,0.26
,,,,Simulation,0.0,0.1,0.15,0.02,0.26
,,,,Role-Playing,0.05,0.06,0.13,0.02,0.26
,,,,Sports,0.0,0.2,0.0,0.06,0.26
,,,,Simulation,0.0,0.0,0.24,0.02,0.26
,,,,Shooter,0.0,0.05,0.2,0.01,0.26
,,,,Fighting,0.0,0.1,0.13,0.03,0.26
,,,,Adventure,0.26,0.0,0.0,0.0,0.26
,,,,Misc,0.0,0.0,0.25,0.02,0.26
,,,,Misc,0.0,0.0,0.24,0.02,0.26
,,,,Sports,0.0,0.09,0.14,0.02,0.26
,,,,Puzzle,0.0,0.24,0.0,0.02,0.26
,,,,Role-Playing,0.0,0.2,0.01,0.05,0.26
,,,,Sports,0.26,0.0,0.0,0.0,0.26
,,,,Sports,0.0,0.0,0.24,0.02,0.26
,,,,Action,0.0,0.1,0.14,0.02,0.26
,,,,Misc,0.07,0.05,0.14,0.01,0.26
,,,,Sports,0.25,0.0,0.0,0.01,0.26
,,,,Adventure,0.25,0.0,0.0,0.01,0.26
,,,,Strategy,0.0,0.0,0.24,0.02,0.26
,,,,Racing,0.0,0.1,0.13,0.03,0.26
,,,,Misc,0.0,0.05,0.17,0.03,0.26
,,,,Action,0.0,0.07,0.17,0.02,0.26
,,,,Role-Playing,0.14,0.01,0.1,0.01,0.26
,,,,Misc,0.18,0.03,0.04,0.02,0.26
,,,,Misc,0.26,0.0,0.0,0.0,0.26
,,,,Racing,0.01,0.04,0.18,0.03,0.26
,,,,Fighting,0.26,0.0,0.0,0.0,0.26
,,,,Action,0.26,0.0,0.0,0.0,0.26
,,,,Action,0.0,0.05,0.21,0.0,0.26
,,,,Simulation,0.0,0.05,0.21,0.0,0.26
,,,,Shooter,0.0,0.05,0.21,0.0,0.26
,,,,Shooter,0.0,0.05,0.21,0.0,0.26
,,,,Sports,0.0,0.1,0.13,0.03,0.26
,,,,Simulation,0.14,0.05,0.06,0.02,0.26
,,,,Sports,0.0,0.1,0.13,0.03,0.26
,,,,Adventure,0.0,0.07,0.19,0.0,0.26
,,,,Role-Playing,0.1,0.0,0.13,0.03,0.26
,,,,Action,0.26,0.0,0.0,0.0,0.26
,,,,Action,0.0,0.1,0.11,0.06,0.26
,,,,Sports,0.0,0.07,0.17,0.02,0.26
,,,,Sports,0.0,0.06,0.19,0.01,0.26
,,,,Adventure,0.0,0.05,0.2,0.01,0.26
,,,,Action,0.0,0.14,0.1,0.02,0.26
,,,,Sports,0.0,0.01,0.24,0.0,0.26
,,,,Sports,0.0,0.01,0.12,0.13,0.26
,,,,Strategy,0.26,0.0,0.0,0.0,0.26
,,,,Action,0.0,0.03,0.2,0.03,0.26
,,,,Action,0.0,0.09,0.14,0.03,0.26
,,,,Role-Playing,0.0,0.06,0.19,0.01,0.26
,,,,Adventure,0.0,0.15,0.05,0.06,0.26
,,,,Role-Playing,0.0,0.08,0.15,0.02,0.26
,,,,Misc,0.0,0.08,0.15,0.02,0.26
,,,,Racing,0.0,0.1,0.14,0.02,0.26
,,,,Role-Playing,0.0,0.1,0.13,0.03,0.26
,,,,Racing,0.0,0.05,0.2,0.01,0.26
,,,,Misc,0.25,0.0,0.01,0.0,0.26
,,,,Sports,0.0,0.0,0.24,0.02,0.26
,,,,Puzzle,0.11,0.01,0.13,0.01,0.26
,,,,Action,0.26,0.0,0.0,0.0,0.26
,,,,Racing,0.0,0.15,0.08,0.02,0.26
,,,,Action,0.11,0.04,0.1,0.01,0.26
,,,,Action,0.0,0.0,0.24,0.02,0.26
,,,,Action,0.0,0.03,0.2,0.02,0.26
,,,,Adventure,0.0,0.0,0.24,0.02,0.26
,,,,Simulation,0.26,0.0,0.0,0.0,0.26
,,,,Action,0.0,0.07,0.18,0.0,0.26
,,,,Fighting,0.26,0.0,0.0,0.0,0.26
,,,,Shooter,0.0,0.07,0.16,0.02,0.26
,,,,Misc,0.0,0.07,0.18,0.0,0.26
,,,,Adventure,0.0,0.06,0.19,0.01,0.26
,,,,Racing,0.0,0.15,0.03,0.08,0.26
,,,,Fighting,0.0,0.1,0.13,0.03,0.26
,,,,Fighting,0.0,0.1,0.14,0.02,0.26
,,,,Shooter,0.0,0.15,0.08,0.03,0.26
,,,,Sports,0.26,0.0,0.0,0.0,0.26
,,,,Sports,0.0,0.06,0.17,0.02,0.26
,,,,Action,0.0,0.11,0.1,0.05,0.26
,,,,Adventure,0.0,0.1,0.13,0.03,0.26
,,,,Sports,0.06,0.03,0.15,0.02,0.26
,,,,Simulation,0.0,0.0,0.23,0.02,0.26
,,,,Misc,0.0,0.06,0.19,0.01,0.26
,,,,Racing,0.24,0.0,0.0,0.02,0.26
,,,,Action,0.26,0.0,0.0,0.0,0.26
,,,,Action,0.02,0.08,0.12,0.04,0.26
,,,,Platform,0.0,0.05,0.2,0.01,0.26
,,,,Adventure,0.0,0.01,0.23,0.02,0.26
,,,,Platform,0.0,0.07,0.18,0.0,0.26
,,,,Simulation,0.13,0.05,0.07,0.02,0.26
,,,,Strategy,0.26,0.0,0.0,0.0,0.26
,,,,Shooter,0.0,0.01,0.24,0.0,0.26
,,,,Racing,0.0,0.01,0.22,0.02,0.26
,,,,Role-Playing,0.26,0.0,0.0,0.0,0.26
,,,,Simulation,0.26,0.0,0.0,0.0,0.26
,,,,Racing,0.0,0.07,0.18,0.0,0.26
,,,,Action,0.1,0.11,0.03,0.01,0.26
,,,,Adventure,0.0,0.0,0.24,0.02,0.26
,,,,Sports,0.0,0.05,0.2,0.01,0.26
,,,,Sports,0.0,0.06,0.19,0.01,0.26
,,,,Simulation,0.0,0.21,0.0,0.05,0.26
,,,,Racing,0.0,0.1,0.13,0.03,0.26
,,,,Adventure,0.0,0.21,0.0,0.04,0.26
,,,,Sports,0.0,0.1,0.14,0.02,0.26
,,,,Action,0.0,0.13,0.1,0.03,0.26
,,,,Sports,0.0,0.1,0.13,0.03,0.26
,,,,Racing,0.0,0.25,0.0,0.0,0.26
,,,,Strategy,0.25,0.0,0.0,0.01,0.26
,,,,Platform,0.04,0.06,0.16,0.0,0.26
,,,,Misc,0.02,0.0,0.21,0.02,0.26
,,,,Racing,0.0,0.1,0.13,0.03,0.26
,,,,Misc,0.0,0.01,0.23,0.02,0.26
,,,,Role-Playing,0.26,0.0,0.0,0.0,0.26
,,,,Role-Playing,0.0,0.06,0.19,0.01,0.26
,,,,Sports,0.0,0.05,0.2,0.01,0.26
,,,,Fighting,0.0,0.07,0.18,0.0,0.25
,,,,Simulation,0.0,0.05,0.19,0.01,0.25
,,,,Sports,0.24,0.0,0.0,0.02,0.25
,,,,Action,0.0,0.06,0.16,0.03,0.25
,,,,Strategy,0.25,0.0,0.0,0.0,0.25
,,,,Simulation,0.0,0.01,0.23,0.02,0.25
,,,,Action,0.0,0.1,0.12,0.03,0.25
,,,,Role-Playing,0.0,0.01,0.22,0.02,0.25
,,,,Misc,0.0,0.0,0.24,0.02,0.25
,,,,Role-Playing,0.0,0.1,0.14,0.02,0.25
,,,,Adventure,0.0,0.15,0.04,0.06,0.25
,,,,Platform,0.0,0.12,0.09,0.04,0.25
,,,,Action,0.0,0.01,0.17,0.08,0.25
,,,,Adventure,0.06,0.04,0.15,0.01,0.25
,,,,Racing,0.0,0.0,0.23,0.02,0.25
,,,,Sports,0.0,0.1,0.12,0.03,0.25
,,,,Strategy,0.25,0.0,0.0,0.0,0.25
,,,,Shooter,0.0,0.1,0.12,0.04,0.25
,,,,Action,0.06,0.04,0.14,0.02,0.25
,,,,Simulation,0.03,0.09,0.11,0.02,0.25
,,,,Platform,0.0,0.07,0.18,0.0,0.25
,,,,Action,0.0,0.0,0.23,0.02,0.25
,,,,Misc,0.0,0.05,0.19,0.01,0.25
,,,,Misc,0.1,0.04,0.09,0.03,0.25
,,,,Shooter,0.25,0.0,0.0,0.0,0.25
,,,,Sports,0.25,0.0,0.0,0.0,0.25
,,,,Role-Playing,0.0,0.11,0.1,0.04,0.25
,,,,Action,0.0,0.05,0.2,0.01,0.25
,,,,Misc,0.0,0.1,0.12,0.03,0.25
,,,,Sports,0.0,0.05,0.19,0.01,0.25
,,,,Misc,0.0,0.02,0.21,0.03,0.25
,,,,Fighting,0.0,0.1,0.14,0.02,0.25
,,,,Platform,0.0,0.07,0.18,0.0,0.25
,,,,Misc,0.25,0.0,0.0,0.0,0.25
,,,,Strategy,0.24,0.0,0.0,0.02,0.25
,,,,Misc,0.0,0.05,0.19,0.01,0.25
,,,,Misc,0.0,0.1,0.14,0.02,0.25
,,,,Sports,0.0,0.01,0.22,0.02,0.25
,,,,Sports,0.0,0.04,0.2,0.01,0.25
,,,,Shooter,0.0,0.1,0.14,0.02,0.25
,,,,Sports,0.0,0.1,0.12,0.03,0.25
,,,,Misc,0.0,0.07,0.18,0.0,0.25
,,,,Racing,0.0,0.02,0.22,0.02,0.25
,,,,Action,0.0,0.09,0.14,0.02,0.25
,,,,Action,0.0,0.07,0.16,0.02,0.25
,,,,Action,0.0,0.07,0.15,0.03,0.25
,,,,Simulation,0.02,0.09,0.1,0.04,0.25
,,,,Action,0.0,0.1,0.12,0.03,0.25
,,,,Racing,0.0,0.1,0.14,0.02,0.25
,,,,Simulation,0.0,0.14,0.09,0.02,0.25
,,,,Action,0.0,0.1,0.14,0.02,0.25
,,,,Action,0.0,0.01,0.22,0.02,0.25
,,,,Action,0.25,0.0,0.0,0.0,0.25
,,,,Misc,0.0,0.1,0.1,0.04,0.25
,,,,Sports,0.0,0.23,0.0,0.03,0.25
,,,,Shooter,0.0,0.05,0.19,0.01,0.25
,,,,Puzzle,0.1,0.04,0.1,0.01,0.25
,,,,Shooter,0.0,0.05,0.19,0.01,0.25
,,,,Action,0.0,0.01,0.22,0.02,0.25
,,,,Platform,0.0,0.05,0.19,0.01,0.25
,,,,Misc,0.0,0.07,0.18,0.0,0.25
,,,,Action,0.0,0.0,0.25,0.0,0.25
,,,,Role-Playing,0.25,0.0,0.0,0.0,0.25
,,,,Racing,0.0,0.1,0.12,0.03,0.25
,,,,Action,0.0,0.05,0.18,0.02,0.25
,,,,Sports,0.0,0.13,0.06,0.06,0.25
,,,,Role-Playing,0.23,0.0,0.0,0.02,0.25
,,,,Action,0.0,0.02,0.21,0.02,0.25
,,,,Misc,0.0,0.07,0.18,0.0,0.25
,,,,Sports,0.0,0.05,0.19,0.01,0.25
,,,,Misc,0.0,0.05,0.19,0.01,0.25
,,,,Fighting,0.0,0.09,0.14,0.02,0.25
,,,,Shooter,0.0,0.08,0.16,0.01,0.25
,,,,Racing,0.0,0.0,0.23,0.02,0.25
,,,,Fighting,0.25,0.0,0.0,0.0,0.25
,,,,Fighting,0.0,0.02,0.21,0.02,0.25
,,,,Sports,0.0,0.08,0.14,0.02,0.25
,,,,Role-Playing,0.05,0.04,0.16,0.0,0.25
,,,,Sports,0.0,0.02,0.23,0.0,0.25
,,,,Sports,0.0,0.05,0.2,0.0,0.25
,,,,Misc,0.0,0.05,0.2,0.0,0.25
,,,,Racing,0.0,0.05,0.2,0.0,0.25
,,,,Racing,0.0,0.13,0.11,0.01,0.25
,,,,Action,0.0,0.05,0.2,0.0,0.25
,,,,Sports,0.0,0.02,0.23,0.0,0.25
,,,,Sports,0.0,0.05,0.2,0.0,0.25
,,,,Fighting,0.0,0.14,0.07,0.04,0.25
,,,,Misc,0.0,0.21,0.0,0.04,0.25
,,,,Action,0.0,0.1,0.12,0.03,0.25
,,,,Fighting,0.0,0.05,0.19,0.01,0.25
,,,,Platform,0.0,0.1,0.12,0.03,0.25
,,,,Racing,0.23,0.0,0.0,0.02,0.25
,,,,Simulation,0.0,0.05,0.19,0.01,0.25
,,,,Misc,0.0,0.09,0.14,0.02,0.25
,,,,Role-Playing,0.0,0.07,0.15,0.02,0.25
,,,,Sports,0.0,0.1,0.12,0.03,0.25
,,,,Role-Playing,0.24,0.01,0.0,0.0,0.25
,,,,Sports,0.25,0.0,0.0,0.0,0.25
,,,,Adventure,0.0,0.13,0.08,0.04,0.25
,,,,Adventure,0.25,0.0,0.0,0.0,0.25
,,,,Action,0.0,0.17,0.03,0.04,0.25
,,,,Adventure,0.0,0.05,0.18,0.02,0.25
,,,,Role-Playing,0.0,0.04,0.17,0.04,0.25
,,,,Role-Playing,0.1,0.02,0.11,0.01,0.25
,,,,Role-Playing,0.12,0.01,0.1,0.02,0.25
,,,,Action,0.18,0.03,0.03,0.01,0.25
,,,,Misc,0.0,0.03,0.2,0.02,0.25
,,,,Sports,0.0,0.09,0.14,0.02,0.25
,,,,Shooter,0.0,0.03,0.2,0.02,0.25
,,,,Role-Playing,0.0,0.07,0.18,0.0,0.25
,,,,Sports,0.24,0.0,0.0,0.01,0.25
,,,,Action,0.0,0.08,0.14,0.03,0.25
,,,,Action,0.0,0.09,0.14,0.02,0.25
,,,,Action,0.0,0.04,0.19,0.02,0.25
,,,,Sports,0.25,0.0,0.0,0.0,0.25
,,,,Action,0.03,0.05,0.16,0.02,0.25
,,,,Platform,0.0,0.09,0.12,0.04,0.25
,,,,Action,0.25,0.0,0.0,0.0,0.25
,,,,Action,0.0,0.11,0.11,0.02,0.25
,,,,Action,0.0,0.09,0.12,0.03,0.25
,,,,Simulation,0.0,0.06,0.16,0.02,0.25
,,,,Action,0.0,0.01,0.23,0.0,0.25
,,,,Shooter,0.0,0.05,0.19,0.01,0.25
,,,,Role-Playing,0.0,0.09,0.14,0.02,0.25
,,,,Misc,0.0,0.13,0.07,0.05,0.25
,,,,Simulation,0.03,0.01,0.19,0.02,0.25
,,,,Racing,0.0,0.09,0.14,0.02,0.25
,,,,Simulation,0.0,0.0,0.23,0.02,0.25
,,,,Platform,0.0,0.01,0.22,0.02,0.25
,,,,Adventure,0.0,0.09,0.12,0.03,0.25
,,,,Sports,0.03,0.01,0.2,0.02,0.25
,,,,Racing,0.0,0.09,0.12,0.03,0.25
,,,,Platform,0.0,0.05,0.19,0.01,0.25
,,,,Racing,0.0,0.09,0.12,0.03,0.25
,,,,Racing,0.0,0.09,0.14,0.02,0.25
,,,,Action,0.0,0.04,0.18,0.03,0.25
,,,,Strategy,0.0,0.22,0.02,0.01,0.25
,,,,Strategy,0.0,0.09,0.14,0.02,0.25
,,,,Puzzle,0.0,0.16,0.06,0.03,0.25
,,,,Role-Playing,0.25,0.0,0.0,0.0,0.25
,,,,Racing,0.0,0.12,0.08,0.05,0.25
,,,,Misc,0.0,0.04,0.18,0.03,0.25
,,,,Action,0.0,0.16,0.06,0.03,0.25
,,,,Shooter,0.0,0.09,0.14,0.02,0.25
,,,,Platform,0.15,0.03,0.05,0.02,0.25
,,,,Misc,0.0,0.05,0.19,0.01,0.25
,,,,Racing,0.0,0.11,0.12,0.02,0.25
,,,,Role-Playing,0.0,0.09,0.12,0.03,0.25
,,,,Racing,0.23,0.0,0.0,0.02,0.25
,,,,Adventure,0.0,0.01,0.22,0.02,0.25
,,,,Action,0.0,0.07,0.18,0.0,0.25
,,,,Sports,0.0,0.0,0.23,0.02,0.25
,,,,Role-Playing,0.0,0.05,0.19,0.01,0.25
,,,,Misc,0.0,0.07,0.18,0.0,0.25
,,,,Racing,0.0,0.14,0.03,0.08,0.25
,,,,Shooter,0.0,0.01,0.21,0.02,0.25
,,,,Sports,0.0,0.05,0.19,0.01,0.25
,,,,Adventure,0.0,0.19,0.04,0.02,0.25
,,,,Action,0.0,0.14,0.07,0.03,0.25
,,,,Racing,0.1,0.04,0.11,0.01,0.25
,,,,Shooter,0.12,0.03,0.08,0.01,0.25
,,,,Adventure,0.0,0.09,0.12,0.03,0.25
,,,,Simulation,0.0,0.1,0.13,0.02,0.25
,,,,Adventure,0.0,0.09,0.12,0.03,0.24
,,,,Role-Playing,0.24,0.0,0.0,0.0,0.24
,,,,Role-Playing,0.0,0.09,0.12,0.03,0.24
,,,,Action,0.0,0.07,0.16,0.02,0.24
,,,,Simulation,0.0,0.06,0.18,0.0,0.24
,,,,Sports,0.23,0.0,0.0,0.02,0.24
,,,,Shooter,0.0,0.01,0.22,0.02,0.24
,,,,Misc,0.0,0.09,0.12,0.03,0.24
,,,,Racing,0.0,0.1,0.12,0.02,0.24
,,,,Action,0.0,0.16,0.03,0.05,0.24
,,,,Role-Playing,0.12,0.0,0.11,0.01,0.24
,,,,Adventure,0.0,0.0,0.23,0.02,0.24
,,,,Racing,0.0,0.02,0.21,0.02,0.24
,,,,Action,0.24,0.0,0.0,0.0,0.24
,,,,Strategy,0.0,0.09,0.14,0.02,0.24
,,,,Adventure,0.0,0.1,0.12,0.02,0.24
,,,,Sports,0.16,0.03,0.04,0.02,0.24
,,,,Action,0.0,0.09,0.14,0.02,0.24
,,,,Sports,0.0,0.0,0.23,0.02,0.24
,,,,Shooter,0.0,0.09,0.14,0.02,0.24
,,,,Strategy,0.0,0.06,0.16,0.02,0.24
,,,,Misc,0.0,0.07,0.16,0.02,0.24
,,,,Sports,0.0,0.0,0.22,0.02,0.24
,,,,Adventure,0.06,0.03,0.11,0.05,0.24
,,,,Shooter,0.0,0.1,0.11,0.03,0.24
,,,,Misc,0.16,0.0,0.08,0.0,0.24
,,,,Action,0.0,0.02,0.2,0.02,0.24
,,,,Misc,0.0,0.09,0.12,0.03,0.24
,,,,Simulation,0.23,0.0,0.0,0.02,0.24
,,,,Sports,0.0,0.09,0.12,0.03,0.24
,,,,Simulation,0.08,0.06,0.1,0.01,0.24
,,,,Sports,0.0,0.0,0.23,0.02,0.24
,,,,Racing,0.0,0.05,0.18,0.01,0.24
,,,,Sports,0.23,0.0,0.0,0.02,0.24
,,,,Platform,0.0,0.09,0.12,0.03,0.24
,,,,Action,0.0,0.0,0.22,0.02,0.24
,,,,Shooter,0.0,0.19,0.02,0.04,0.24
,,,,Fighting,0.02,0.08,0.11,0.03,0.24
,,,,Sports,0.24,0.0,0.0,0.0,0.24
,,,,Adventure,0.0,0.12,0.1,0.02,0.24
,,,,Shooter,0.0,0.09,0.12,0.03,0.24
,,,,Adventure,0.12,0.01,0.11,0.01,0.24
,,,,Simulation,0.0,0.05,0.19,0.01,0.24
,,,,Action,0.05,0.04,0.14,0.01,0.24
,,,,Platform,0.0,0.06,0.17,0.0,0.24
,,,,Fighting,0.16,0.03,0.04,0.02,0.24
,,,,Action,0.0,0.09,0.13,0.02,0.24
,,,,Sports,0.0,0.13,0.06,0.05,0.24
,,,,Action,0.0,0.09,0.13,0.02,0.24
,,,,Racing,0.0,0.05,0.18,0.01,0.24
,,,,Role-Playing,0.18,0.0,0.05,0.01,0.24
,,,,Misc,0.0,0.01,0.21,0.02,0.24
,,,,Sports,0.0,0.07,0.15,0.02,0.24
,,,,Action,0.0,0.02,0.21,0.02,0.24
,,,,Misc,0.0,0.01,0.21,0.02,0.24
,,,,Racing,0.0,0.15,0.08,0.02,0.24
,,,,Platform,0.0,0.12,0.1,0.02,0.24
,,,,Sports,0.0,0.0,0.23,0.02,0.24
,,,,Role-Playing,0.18,0.0,0.05,0.01,0.24
,,,,Misc,0.0,0.02,0.2,0.02,0.24
,,,,Racing,0.0,0.05,0.18,0.01,0.24
,,,,Misc,0.0,0.05,0.17,0.02,0.24
,,,,Shooter,0.01,0.04,0.17,0.03,0.24
,,,,Misc,0.0,0.09,0.12,0.03,0.24
,,,,Fighting,0.01,0.05,0.14,0.04,0.24
,,,,Shooter,0.0,0.05,0.18,0.01,0.24
,,,,Platform,0.0,0.09,0.1,0.05,0.24
,,,,Shooter,0.0,0.19,0.0,0.05,0.24
,,,,Action,0.0,0.05,0.19,0.01,0.24
,,,,Role-Playing,0.05,0.01,0.16,0.02,0.24
,,,,Misc,0.0,0.0,0.22,0.02,0.24
,,,,Role-Playing,0.24,0.0,0.0,0.0,0.24
,,,,Sports,0.24,0.0,0.0,0.0,0.24
,,,,Racing,0.0,0.05,0.19,0.01,0.24
,,,,Adventure,0.0,0.06,0.16,0.02,0.24
,,,,Sports,0.0,0.21,0.02,0.01,0.24
,,,,Misc,0.24,0.0,0.0,0.0,0.24
,,,,Action,0.0,0.05,0.18,0.01,0.24
,,,,Role-Playing,0.06,0.0,0.16,0.01,0.24
,,,,Misc,0.0,0.06,0.17,0.0,0.24
,,,,Action,0.0,0.05,0.17,0.02,0.24
,,,,Fighting,0.0,0.05,0.18,0.01,0.24
,,,,Simulation,0.0,0.0,0.22,0.02,0.24
,,,,Sports,0.0,0.11,0.09,0.04,0.24
,,,,Role-Playing,0.24,0.0,0.0,0.0,0.24
,,,,Puzzle,0.0,0.06,0.17,0.0,0.24
,,,,Racing,0.0,0.09,0.12,0.03,0.24
,,,,Misc,0.0,0.0,0.22,0.02,0.24
,,,,Racing,0.0,0.09,0.12,0.03,0.24
,,,,Role-Playing,0.07,0.0,0.15,0.01,0.24
,,,,Role-Playing,0.0,0.05,0.19,0.01,0.24
,,,,Sports,0.01,0.0,0.21,0.02,0.24
,,,,Action,0.0,0.02,0.2,0.02,0.24
,,,,Sports,0.24,0.0,0.0,0.0,0.24
,,,,Racing,0.0,0.03,0.18,0.03,0.24
,,,,Action,0.0,0.03,0.19,0.02,0.24
,,,,Action,0.0,0.01,0.22,0.0,0.24
,,,,Action,0.0,0.05,0.19,0.0,0.24
,,,,Misc,0.0,0.05,0.19,0.0,0.24
,,,,Misc,0.0,0.05,0.19,0.0,0.24
,,,,Racing,0.0,0.05,0.19,0.0,0.24
,,,,Fighting,0.0,0.05,0.19,0.0,0.24
,,,,Action,0.0,0.05,0.19,0.0,0.24
,,,,Misc,0.0,0.02,0.21,0.02,0.24
,,,,Sports,0.0,0.09,0.12,0.03,0.24
,,,,Action,0.24,0.0,0.0,0.0,0.24
,,,,Action,0.0,0.1,0.12,0.02,0.24
,,,,Sports,0.0,0.05,0.18,0.01,0.24
,,,,Platform,0.0,0.09,0.13,0.02,0.24
,,,,Action,0.0,0.05,0.19,0.01,0.24
,,,,Sports,0.0,0.23,0.0,0.01,0.24
,,,,Action,0.0,0.0,0.22,0.02,0.24
,,,,Sports,0.0,0.06,0.17,0.0,0.24
,,,,Racing,0.0,0.0,0.22,0.02,0.24
,,,,Puzzle,0.0,0.0,0.22,0.02,0.24
,,,,Adventure,0.0,0.08,0.13,0.02,0.24
,,,,Platform,0.23,0.0,0.0,0.01,0.24
,,,,Shooter,0.0,0.09,0.13,0.02,0.24
,,,,Action,0.24,0.0,0.0,0.0,0.24
,,,,Misc,0.0,0.06,0.15,0.03,0.24
,,,,Action,0.0,0.13,0.09,0.02,0.24
,,,,Action,0.06,0.07,0.08,0.03,0.24
,,,,Platform,0.0,0.05,0.18,0.01,0.24
,,,,Simulation,0.0,0.09,0.12,0.03,0.24
,,,,Racing,0.0,0.14,0.08,0.02,0.24
,,,,Role-Playing,0.0,0.04,0.18,0.02,0.24
,,,,Misc,0.0,0.01,0.22,0.0,0.24
,,,,Role-Playing,0.24,0.0,0.0,0.0,0.24
,,,,Action,0.0,0.05,0.18,0.02,0.24
,,,,Adventure,0.0,0.06,0.16,0.02,0.24
,,,,Platform,0.06,0.08,0.09,0.02,0.24
,,,,Racing,0.0,0.05,0.18,0.01,0.24
,,,,Racing,0.0,0.09,0.13,0.02,0.24
,,,,Role-Playing,0.03,0.0,0.19,0.02,0.24
,,,,Adventure,0.0,0.14,0.07,0.03,0.24
,,,,Action,0.0,0.06,0.17,0.0,0.24
,,,,Adventure,0.0,0.06,0.17,0.0,0.24
,,,,Misc,0.0,0.03,0.19,0.02,0.24
,,,,Puzzle,0.0,0.24,0.0,0.0,0.24
,,,,Action,0.01,0.06,0.15,0.02,0.24
,,,,Action,0.0,0.1,0.12,0.02,0.24
,,,,Action,0.04,0.02,0.16,0.02,0.24
,,,,Misc,0.0,0.09,0.12,0.03,0.24
,,,,Action,0.0,0.09,0.13,0.02,0.24
,,,,Role-Playing,0.0,0.09,0.12,0.03,0.24
,,,,Sports,0.0,0.07,0.12,0.05,0.24
,,,,Misc,0.0,0.0,0.22,0.02,0.24
,,,,Puzzle,0.0,0.18,0.0,0.05,0.24
,,,,Role-Playing,0.01,0.14,0.04,0.05,0.24
,,,,Misc,0.24,0.0,0.0,0.0,0.24
,,,,Misc,0.0,0.1,0.12,0.02,0.24
,,,,Misc,0.11,0.06,0.06,0.01,0.24
,,,,Sports,0.0,0.09,0.13,0.02,0.24
,,,,Action,0.04,0.02,0.13,0.04,0.24
,,,,Role-Playing,0.0,0.06,0.16,0.02,0.24
,,,,Action,0.0,0.09,0.13,0.02,0.24
,,,,Misc,0.0,0.0,0.22,0.02,0.24
,,,,Misc,0.0,0.05,0.16,0.02,0.24
,,,,Action,0.0,0.1,0.09,0.05,0.24
,,,,Racing,0.0,0.11,0.1,0.03,0.24
,,,,Puzzle,0.0,0.21,0.0,0.02,0.24
,,,,Shooter,0.0,0.09,0.13,0.02,0.24
,,,,Action,0.0,0.05,0.17,0.02,0.24
,,,,Role-Playing,0.13,0.01,0.08,0.01,0.24
,,,,Sports,0.0,0.05,0.18,0.01,0.24
,,,,Action,0.0,0.06,0.17,0.0,0.24
,,,,Role-Playing,0.24,0.0,0.0,0.0,0.24
,,,,Sports,0.0,0.0,0.21,0.02,0.24
,,,,Misc,0.0,0.09,0.13,0.02,0.24
,,,,Action,0.0,0.01,0.22,0.0,0.24
,,,,Shooter,0.0,0.01,0.22,0.0,0.24
,,,,Puzzle,0.0,0.1,0.11,0.02,0.24
,,,,Action,0.0,0.05,0.16,0.02,0.24
,,,,Shooter,0.0,0.12,0.1,0.02,0.24
,,,,Role-Playing,0.13,0.0,0.09,0.01,0.24
,,,,Racing,0.0,0.0,0.22,0.01,0.24
,,,,Action,0.0,0.06,0.13,0.04,0.24
,,,,Role-Playing,0.04,0.01,0.17,0.02,0.24
,,,,Adventure,0.01,0.09,0.1,0.04,0.24
,,,,Action,0.01,0.07,0.14,0.02,0.24
,,,,Role-Playing,0.0,0.06,0.16,0.02,0.24
,,,,Racing,0.0,0.09,0.12,0.03,0.24
,,,,Action,0.0,0.08,0.12,0.04,0.23
,,,,Misc,0.0,0.05,0.16,0.02,0.23
,,,,Racing,0.0,0.03,0.18,0.02,0.23
,,,,Action,0.0,0.09,0.12,0.02,0.23
,,,,Role-Playing,0.0,0.0,0.22,0.02,0.23
,,,,Platform,0.0,0.09,0.11,0.03,0.23
,,,,Misc,0.0,0.09,0.11,0.03,0.23
,,,,Misc,0.0,0.06,0.16,0.02,0.23
,,,,Simulation,0.23,0.0,0.0,0.0,0.23
,,,,Role-Playing,0.12,0.01,0.09,0.01,0.23
,,,,Action,0.23,0.0,0.0,0.0,0.23
,,,,Fighting,0.0,0.09,0.13,0.02,0.23
,,,,Platform,0.0,0.21,0.0,0.02,0.23
,,,,Misc,0.0,0.22,0.0,0.02,0.23
,,,,Sports,0.0,0.12,0.09,0.03,0.23
,,,,Racing,0.0,0.0,0.22,0.02,0.23
,,,,Racing,0.0,0.09,0.11,0.03,0.23
,,,,Strategy,0.23,0.0,0.0,0.01,0.23
,,,,Racing,0.0,0.05,0.18,0.01,0.23
,,,,Action,0.0,0.05,0.18,0.01,0.23
,,,,Action,0.0,0.11,0.07,0.05,0.23
,,,,Action,0.0,0.04,0.18,0.02,0.23
,,,,Action,0.0,0.05,0.18,0.01,0.23
,,,,Misc,0.0,0.05,0.17,0.02,0.23
,,,,Action,0.11,0.09,0.0,0.03,0.23
,,,,Action,0.23,0.0,0.0,0.0,0.23
,,,,Puzzle,0.06,0.01,0.15,0.01,0.23
,,,,Sports,0.01,0.1,0.11,0.02,0.23
,,,,Action,0.0,0.05,0.16,0.02,0.23
,,,,Role-Playing,0.05,0.02,0.14,0.02,0.23
,,,,Simulation,0.0,0.0,0.22,0.02,0.23
,,,,Sports,0.0,0.03,0.17,0.03,0.23
,,,,Sports,0.23,0.0,0.0,0.0,0.23
,,,,Puzzle,0.08,0.02,0.13,0.0,0.23
,,,,Action,0.0,0.06,0.14,0.04,0.23
,,,,Strategy,0.0,0.13,0.09,0.02,0.23
,,,,Sports,0.0,0.02,0.19,0.02,0.23
,,,,Sports,0.0,0.13,0.08,0.03,0.23
,,,,Sports,0.0,0.05,0.17,0.01,0.23
,,,,Misc,0.0,0.19,0.0,0.05,0.23
,,,,Racing,0.0,0.09,0.11,0.03,0.23
,,,,Racing,0.0,0.05,0.17,0.01,0.23
,,,,Action,0.23,0.0,0.0,0.0,0.23
,,,,Misc,0.23,0.0,0.0,0.0,0.23
,,,,Shooter,0.0,0.07,0.14,0.03,0.23
,,,,Misc,0.0,0.06,0.13,0.04,0.23
,,,,Racing,0.0,0.09,0.11,0.03,0.23
,,,,Racing,0.0,0.0,0.22,0.02,0.23
,,,,Misc,0.0,0.0,0.22,0.02,0.23
,,,,Action,0.0,0.09,0.11,0.03,0.23
,,,,Sports,0.23,0.0,0.0,0.0,0.23
,,,,Action,0.0,0.01,0.21,0.02,0.23
,,,,Role-Playing,0.23,0.0,0.0,0.0,0.23
,,,,Sports,0.0,0.01,0.22,0.0,0.23
,,,,Misc,0.0,0.01,0.2,0.02,0.23
,,,,Role-Playing,0.0,0.1,0.09,0.04,0.23
,,,,Shooter,0.0,0.05,0.18,0.01,0.23
,,,,Action,0.0,0.05,0.18,0.01,0.23
,,,,Adventure,0.0,0.02,0.2,0.02,0.23
,,,,Misc,0.0,0.0,0.22,0.02,0.23
,,,,Strategy,0.0,0.1,0.11,0.02,0.23
,,,,Sports,0.0,0.09,0.11,0.03,0.23
,,,,Simulation,0.23,0.0,0.0,0.0,0.23
,,,,Simulation,0.0,0.01,0.16,0.06,0.23
,,,,Action,0.0,0.05,0.17,0.01,0.23
,,,,Adventure,0.0,0.06,0.14,0.03,0.23
,,,,Sports,0.0,0.09,0.11,0.03,0.23
,,,,Action,0.0,0.05,0.16,0.02,0.23
,,,,Fighting,0.0,0.09,0.13,0.02,0.23
,,,,Fighting,0.23,0.0,0.0,0.0,0.23
,,,,Role-Playing,0.23,0.0,0.0,0.0,0.23
,,,,Platform,0.0,0.05,0.18,0.01,0.23
,,,,Sports,0.0,0.0,0.21,0.02,0.23
,,,,Action,0.0,0.11,0.1,0.02,0.23
,,,,Misc,0.0,0.02,0.19,0.02,0.23
,,,,Action,0.0,0.01,0.21,0.02,0.23
,,,,Strategy,0.0,0.02,0.19,0.02,0.23
,,,,Simulation,0.0,0.01,0.2,0.02,0.23
,,,,Shooter,0.0,0.09,0.13,0.02,0.23
,,,,Sports,0.0,0.09,0.13,0.02,0.23
,,,,Sports,0.0,0.0,0.21,0.02,0.23
,,,,Misc,0.0,0.06,0.17,0.0,0.23
,,,,Sports,0.0,0.16,0.0,0.07,0.23
,,,,Shooter,0.0,0.09,0.11,0.03,0.23
,,,,Simulation,0.0,0.09,0.13,0.02,0.23
,,,,Adventure,0.09,0.12,0.0,0.02,0.23
,,,,Strategy,0.18,0.03,0.0,0.01,0.23
,,,,Action,0.02,0.06,0.13,0.02,0.23
,,,,Fighting,0.0,0.08,0.13,0.02,0.23
,,,,Simulation,0.0,0.0,0.21,0.01,0.23
,,,,Sports,0.0,0.06,0.17,0.0,0.23
,,,,Misc,0.0,0.06,0.15,0.02,0.23
,,,,Racing,0.0,0.05,0.15,0.03,0.23
,,,,Fighting,0.23,0.0,0.0,0.0,0.23
,,,,Action,0.0,0.09,0.13,0.02,0.23
,,,,Role-Playing,0.0,0.0,0.21,0.02,0.23
,,,,Racing,0.0,0.13,0.08,0.02,0.23
,,,,Sports,0.0,0.09,0.11,0.03,0.23
,,,,Shooter,0.0,0.22,0.0,0.01,0.23
,,,,Action,0.0,0.05,0.17,0.01,0.23
,,,,Action,0.0,0.07,0.13,0.03,0.23
,,,,Action,0.0,0.12,0.08,0.03,0.23
,,,,Sports,0.0,0.09,0.11,0.03,0.23
,,,,Sports,0.0,0.0,0.21,0.02,0.23
,,,,Platform,0.0,0.06,0.16,0.0,0.23
,,,,Sports,0.0,0.04,0.15,0.04,0.23
,,,,Puzzle,0.0,0.02,0.19,0.02,0.23
,,,,Role-Playing,0.0,0.19,0.0,0.04,0.23
,,,,Action,0.23,0.0,0.0,0.0,0.23
,,,,Action,0.0,0.02,0.2,0.02,0.23
,,,,Action,0.0,0.01,0.2,0.02,0.23
,,,,Adventure,0.23,0.0,0.0,0.0,0.23
,,,,Sports,0.0,0.01,0.21,0.02,0.23
,,,,Puzzle,0.23,0.0,0.0,0.0,0.23
,,,,Sports,0.23,0.0,0.0,0.0,0.23
,,,,Action,0.23,0.0,0.0,0.0,0.23
,,,,Misc,0.0,0.09,0.11,0.03,0.23
,,,,Fighting,0.0,0.06,0.15,0.02,0.23
,,,,Action,0.13,0.0,0.09,0.01,0.23
,,,,Action,0.0,0.09,0.11,0.03,0.23
,,,,Sports,0.0,0.14,0.02,0.07,0.23
,,,,Misc,0.0,0.0,0.22,0.01,0.23
,,,,Adventure,0.23,0.0,0.0,0.0,0.23
,,,,Action,0.0,0.09,0.13,0.01,0.23
,,,,Adventure,0.0,0.06,0.16,0.0,0.23
,,,,Simulation,0.0,0.0,0.21,0.02,0.23
,,,,Fighting,0.23,0.0,0.0,0.0,0.23
,,,,Sports,0.23,0.0,0.0,0.0,0.23
,,,,Sports,0.07,0.01,0.14,0.01,0.23
,,,,Racing,0.0,0.09,0.11,0.03,0.23
,,,,Role-Playing,0.0,0.06,0.16,0.0,0.23
,,,,Adventure,0.0,0.0,0.21,0.02,0.23
,,,,Role-Playing,0.23,0.0,0.0,0.0,0.23
,,,,Shooter,0.0,0.05,0.17,0.01,0.23
,,,,Fighting,0.23,0.0,0.0,0.0,0.23
,,,,Shooter,0.0,0.05,0.17,0.01,0.23
,,,,Sports,0.03,0.1,0.08,0.02,0.23
,,,,Adventure,0.0,0.09,0.11,0.03,0.23
,,,,Role-Playing,0.1,0.05,0.06,0.02,0.23
,,,,Role-Playing,0.0,0.09,0.13,0.01,0.23
,,,,Sports,0.23,0.0,0.0,0.0,0.23
,,,,Action,0.0,0.09,0.11,0.03,0.23
,,,,Shooter,0.23,0.0,0.0,0.0,0.23
,,,,Action,0.0,0.09,0.13,0.01,0.23
,,,,Strategy,0.21,0.0,0.0,0.01,0.23
,,,,Sports,0.0,0.05,0.18,0.01,0.23
,,,,Shooter,0.0,0.09,0.11,0.03,0.23
,,,,Sports,0.0,0.09,0.11,0.03,0.23
,,,,Simulation,0.0,0.03,0.18,0.02,0.23
,,,,Racing,0.0,0.03,0.18,0.02,0.23
,,,,Shooter,0.12,0.04,0.06,0.01,0.23
,,,,Sports,0.0,0.0,0.21,0.02,0.23
,,,,Fighting,0.12,0.04,0.06,0.01,0.23
,,,,Misc,0.0,0.05,0.17,0.01,0.23
,,,,Role-Playing,0.12,0.0,0.09,0.01,0.23
,,,,Role-Playing,0.0,0.09,0.11,0.03,0.23
,,,,Role-Playing,0.04,0.01,0.15,0.02,0.23
,,,,Adventure,0.0,0.01,0.19,0.02,0.23
,,,,Sports,0.0,0.0,0.21,0.02,0.23
,,,,Sports,0.0,0.0,0.21,0.01,0.23
,,,,Sports,0.0,0.09,0.11,0.03,0.23
,,,,Misc,0.0,0.01,0.19,0.02,0.23
,,,,Adventure,0.0,0.09,0.11,0.03,0.23
,,,,Strategy,0.0,0.0,0.2,0.02,0.23
,,,,Misc,0.0,0.09,0.11,0.03,0.23
,,,,Shooter,0.0,0.1,0.09,0.04,0.23
,,,,Action,0.0,0.07,0.14,0.02,0.23
,,,,Misc,0.0,0.0,0.21,0.02,0.23
,,,,Puzzle,0.23,0.0,0.0,0.0,0.23
,,,,Sports,0.0,0.09,0.11,0.03,0.23
,,,,Adventure,0.0,0.0,0.21,0.01,0.23
,,,,Fighting,0.21,0.0,0.0,0.01,0.23
,,,,Action,0.09,0.05,0.06,0.03,0.23
,,,,Role-Playing,0.23,0.0,0.0,0.0,0.23
,,,,Sports,0.0,0.09,0.11,0.03,0.23
,,,,Platform,0.0,0.09,0.13,0.01,0.23
,,,,Action,0.0,0.09,0.11,0.03,0.23
,,,,Sports,0.0,0.0,0.2,0.02,0.23
,,,,Role-Playing,0.23,0.0,0.0,0.0,0.23
,,,,Racing,0.0,0.0,0.21,0.02,0.23
,,,,Simulation,0.0,0.0,0.2,0.02,0.23
,,,,Shooter,0.0,0.09,0.11,0.03,0.23
,,,,Action,0.0,0.09,0.11,0.03,0.22
,,,,Fighting,0.0,0.01,0.2,0.02,0.22
,,,,Role-Playing,0.0,0.01,0.2,0.02,0.22
,,,,Action,0.22,0.0,0.0,0.0,0.22
,,,,Fighting,0.0,0.0,0.1,0.12,0.22
,,,,Misc,0.0,0.03,0.18,0.02,0.22
,,,,Fighting,0.0,0.05,0.17,0.01,0.22
,,,,Role-Playing,0.22,0.0,0.0,0.0,0.22
,,,,Action,0.0,0.09,0.11,0.03,0.22
,,,,Action,0.05,0.04,0.12,0.02,0.22
,,,,Misc,0.0,0.06,0.16,0.0,0.22
,,,,Action,0.0,0.09,0.12,0.02,0.22
,,,,Misc,0.22,0.0,0.0,0.0,0.22
,,,,Misc,0.0,0.04,0.17,0.01,0.22
,,,,Shooter,0.0,0.01,0.21,0.0,0.22
,,,,Action,0.0,0.01,0.21,0.0,0.22
,,,,Action,0.0,0.01,0.21,0.0,0.22
,,,,Role-Playing,0.08,0.0,0.14,0.01,0.22
,,,,Action,0.0,0.03,0.17,0.02,0.22
,,,,Action,0.22,0.0,0.0,0.0,0.22
,,,,Action,0.0,0.06,0.13,0.03,0.22
,,,,Action,0.22,0.0,0.0,0.0,0.22
,,,,Misc,0.0,0.0,0.21,0.01,0.22
,,,,Shooter,0.0,0.05,0.17,0.01,0.22
,,,,Sports,0.0,0.09,0.11,0.03,0.22
,,,,Shooter,0.0,0.09,0.11,0.03,0.22
,,,,Misc,0.22,0.0,0.0,0.0,0.22
,,,,Role-Playing,0.0,0.07,0.13,0.02,0.22
,,,,Simulation,0.0,0.0,0.21,0.01,0.22
,,,,Platform,0.0,0.06,0.13,0.04,0.22
,,,,Action,0.22,0.0,0.0,0.0,0.22
,,,,Role-Playing,0.0,0.04,0.17,0.01,0.22
,,,,Platform,0.0,0.01,0.2,0.02,0.22
,,,,Racing,0.0,0.0,0.01,0.21,0.22
,,,,Sports,0.0,0.0,0.21,0.02,0.22
,,,,Action,0.22,0.0,0.0,0.0,0.22
,,,,Role-Playing,0.06,0.04,0.11,0.0,0.22
,,,,Role-Playing,0.11,0.0,0.1,0.01,0.22
,,,,Racing,0.0,0.09,0.11,0.03,0.22
,,,,Sports,0.0,0.04,0.17,0.01,0.22
,,,,Sports,0.0,0.06,0.16,0.0,0.22
,,,,Action,0.0,0.06,0.16,0.0,0.22
,,,,Adventure,0.0,0.0,0.21,0.02,0.22
,,,,Racing,0.0,0.13,0.05,0.04,0.22
,,,,Role-Playing,0.07,0.0,0.14,0.01,0.22
,,,,Platform,0.0,0.02,0.19,0.02,0.22
,,,,Shooter,0.01,0.08,0.09,0.04,0.22
,,,,Sports,0.0,0.17,0.0,0.05,0.22
,,,,Role-Playing,0.1,0.04,0.06,0.02,0.22
,,,,Puzzle,0.0,0.07,0.13,0.02,0.22
,,,,Action,0.0,0.01,0.21,0.0,0.22
,,,,Platform,0.22,0.0,0.0,0.0,0.22
,,,,Puzzle,0.0,0.08,0.12,0.01,0.22
,,,,Platform,0.0,0.02,0.18,0.02,0.22
,,,,Sports,0.0,0.08,0.12,0.01,0.22
,,,,Action,0.0,0.01,0.19,0.02,0.22
,,,,Fighting,0.17,0.02,0.03,0.01,0.22
,,,,Misc,0.0,0.0,0.2,0.02,0.22
,,,,Shooter,0.08,0.06,0.07,0.02,0.22
,,,,Sports,0.0,0.0,0.2,0.02,0.22
,,,,Action,0.22,0.0,0.0,0.0,0.22
,,,,Platform,0.0,0.07,0.14,0.02,0.22
,,,,Action,0.0,0.01,0.19,0.01,0.22
,,,,Sports,0.0,0.0,0.2,0.02,0.22
,,,,Platform,0.0,0.06,0.16,0.0,0.22
,,,,Action,0.0,0.13,0.07,0.03,0.22
,,,,Action,0.0,0.1,0.07,0.04,0.22
,,,,Action,0.0,0.12,0.03,0.07,0.22
,,,,Action,0.02,0.13,0.03,0.04,0.22
,,,,Action,0.0,0.02,0.19,0.01,0.22
,,,,Misc,0.0,0.01,0.2,0.02,0.22
,,,,Action,0.03,0.01,0.16,0.02,0.22
,,,,Sports,0.0,0.08,0.12,0.01,0.22
,,,,Adventure,0.0,0.08,0.12,0.02,0.22
,,,,Misc,0.0,0.06,0.16,0.0,0.22
,,,,Action,0.0,0.08,0.09,0.05,0.22
,,,,Role-Playing,0.12,0.04,0.05,0.02,0.22
,,,,Shooter,0.0,0.08,0.12,0.02,0.22
,,,,Action,0.0,0.1,0.09,0.04,0.22
,,,,Action,0.0,0.14,0.05,0.03,0.22
,,,,Misc,0.0,0.06,0.16,0.0,0.22
,,,,Simulation,0.0,0.0,0.2,0.02,0.22
,,,,Adventure,0.0,0.09,0.09,0.04,0.22
,,,,Role-Playing,0.0,0.06,0.16,0.0,0.22
,,,,Adventure,0.0,0.1,0.09,0.02,0.22
,,,,Action,0.0,0.05,0.16,0.01,0.22
,,,,Role-Playing,0.22,0.0,0.0,0.0,0.22
,,,,Puzzle,0.0,0.04,0.17,0.01,0.22
,,,,Adventure,0.0,0.09,0.11,0.02,0.22
,,,,Fighting,0.0,0.04,0.18,0.0,0.22
,,,,Action,0.05,0.03,0.14,0.0,0.22
,,,,Sports,0.22,0.0,0.0,0.0,0.22
,,,,Action,0.0,0.04,0.18,0.0,0.22
,,,,Puzzle,0.0,0.04,0.18,0.0,0.22
,,,,Role-Playing,0.22,0.0,0.0,0.0,0.22
,,,,Strategy,0.0,0.03,0.17,0.02,0.22
,,,,Action,0.0,0.04,0.17,0.01,0.22
,,,,Adventure,0.0,0.0,0.2,0.02,0.22
,,,,Racing,0.0,0.0,0.21,0.01,0.22
,,,,Misc,0.0,0.08,0.11,0.03,0.22
,,,,Puzzle,0.0,0.18,0.03,0.01,0.22
,,,,Sports,0.0,0.08,0.12,0.01,0.22
,,,,Adventure,0.17,0.0,0.04,0.0,0.22
,,,,Shooter,0.0,0.0,0.2,0.02,0.22
,,,,Strategy,0.03,0.02,0.15,0.02,0.22
,,,,Misc,0.0,0.05,0.16,0.01,0.22
,,,,Action,0.0,0.09,0.11,0.02,0.22
,,,,Sports,0.0,0.08,0.12,0.01,0.22
,,,,Action,0.0,0.03,0.17,0.02,0.22
,,,,Shooter,0.0,0.05,0.16,0.01,0.22
,,,,Action,0.0,0.07,0.13,0.02,0.22
,,,,Strategy,0.12,0.03,0.05,0.01,0.22
,,,,Role-Playing,0.22,0.0,0.0,0.0,0.22
,,,,Sports,0.0,0.04,0.17,0.01,0.22
,,,,Role-Playing,0.0,0.08,0.11,0.03,0.22
,,,,Simulation,0.0,0.08,0.11,0.03,0.22
,,,,Fighting,0.22,0.0,0.0,0.0,0.22
,,,,Sports,0.0,0.01,0.19,0.02,0.22
,,,,Role-Playing,0.07,0.06,0.07,0.01,0.22
,,,,Misc,0.0,0.09,0.11,0.02,0.22
,,,,Action,0.0,0.08,0.1,0.04,0.22
,,,,Misc,0.22,0.0,0.0,0.0,0.22
,,,,Action,0.0,0.04,0.17,0.01,0.22
,,,,Misc,0.0,0.0,0.2,0.01,0.22
,,,,Misc,0.0,0.08,0.1,0.04,0.22
,,,,Misc,0.0,0.0,0.2,0.02,0.22
,,,,Misc,0.0,0.01,0.11,0.1,0.22
,,,,Sports,0.0,0.08,0.11,0.03,0.22
,,,,Puzzle,0.22,0.0,0.0,0.0,0.22
,,,,Sports,0.0,0.0,0.2,0.02,0.22
,,,,Shooter,0.0,0.01,0.19,0.02,0.22
,,,,Action,0.0,0.07,0.12,0.03,0.22
,,,,Role-Playing,0.0,0.08,0.11,0.03,0.22
,,,,Puzzle,0.0,0.19,0.01,0.02,0.22
,,,,Role-Playing,0.06,0.04,0.1,0.01,0.22
,,,,Sports,0.0,0.08,0.11,0.03,0.22
,,,,Action,0.0,0.06,0.16,0.0,0.22
,,,,Adventure,0.06,0.02,0.12,0.01,0.22
,,,,Sports,0.0,0.0,0.2,0.02,0.22
,,,,Action,0.0,0.06,0.16,0.0,0.22
,,,,Role-Playing,0.13,0.0,0.08,0.01,0.22
,,,,Adventure,0.22,0.0,0.0,0.0,0.22
,,,,Racing,0.0,0.08,0.11,0.03,0.22
,,,,Sports,0.0,0.0,0.2,0.02,0.22
,,,,Sports,0.22,0.0,0.0,0.0,0.22
,,,,Sports,0.0,0.04,0.17,0.01,0.22
,,,,Action,0.0,0.1,0.09,0.04,0.22
,,,,Sports,0.0,0.08,0.12,0.01,0.22
,,,,Platform,0.22,0.0,0.0,0.0,0.22
,,,,Platform,0.0,0.06,0.16,0.0,0.22
,,,,Misc,0.0,0.0,0.2,0.02,0.22
,,,,Sports,0.22,0.0,0.0,0.0,0.22
,,,,Action,0.0,0.08,0.12,0.01,0.22
,,,,Racing,0.0,0.08,0.12,0.01,0.22
,,,,Shooter,0.06,0.06,0.07,0.03,0.22
,,,,Misc,0.0,0.01,0.19,0.02,0.22
,,,,Strategy,0.01,0.05,0.14,0.02,0.22
,,,,Racing,0.0,0.13,0.05,0.04,0.22
,,,,Sports,0.0,0.05,0.14,0.03,0.22
,,,,Action,0.0,0.04,0.17,0.01,0.22
,,,,Sports,0.22,0.0,0.0,0.0,0.22
,,,,Misc,0.0,0.06,0.15,0.0,0.22
,,,,Sports,0.0,0.2,0.0,0.01,0.22
,,,,Misc,0.0,0.06,0.15,0.0,0.22
,,,,Action,0.0,0.04,0.17,0.01,0.22
,,,,Shooter,0.0,0.13,0.06,0.02,0.22
,,,,Simulation,0.0,0.01,0.19,0.02,0.22
,,,,Action,0.22,0.0,0.0,0.0,0.22
,,,,Simulation,0.0,0.07,0.11,0.03,0.22
,,,,Action,0.13,0.07,0.0,0.02,0.22
,,,,Adventure,0.0,0.08,0.11,0.03,0.22
,,,,Simulation,0.04,0.03,0.13,0.01,0.22
,,,,Role-Playing,0.0,0.19,0.0,0.02,0.22
,,,,Action,0.22,0.0,0.0,0.0,0.22
,,,,Action,0.02,0.02,0.17,0.02,0.22
,,,,Racing,0.03,0.13,0.03,0.03,0.22
,,,,Role-Playing,0.05,0.04,0.12,0.01,0.22
,,,,Role-Playing,0.0,0.1,0.1,0.02,0.22
,,,,Sports,0.0,0.08,0.12,0.01,0.21
,,,,Sports,0.0,0.08,0.11,0.03,0.21
,,,,Adventure,0.08,0.0,0.12,0.01,0.21
,,,,Sports,0.0,0.08,0.12,0.01,0.21
,,,,Role-Playing,0.06,0.03,0.1,0.03,0.21
,,,,Misc,0.0,0.0,0.2,0.02,0.21
,,,,Adventure,0.0,0.09,0.07,0.05,0.21
,,,,Racing,0.0,0.08,0.11,0.03,0.21
,,,,Platform,0.0,0.08,0.12,0.01,0.21
,,,,Misc,0.0,0.16,0.0,0.05,0.21
,,,,Misc,0.0,0.04,0.17,0.01,0.21
,,,,Racing,0.0,0.08,0.11,0.03,0.21
,,,,Sports,0.0,0.0,0.2,0.02,0.21
,,,,Fighting,0.0,0.08,0.11,0.03,0.21
,,,,Sports,0.21,0.0,0.0,0.0,0.21
,,,,Action,0.0,0.04,0.16,0.02,0.21
,,,,Role-Playing,0.11,0.0,0.09,0.01,0.21
,,,,Role-Playing,0.21,0.0,0.0,0.0,0.21
,,,,Sports,0.21,0.0,0.0,0.0,0.21
,,,,Action,0.15,0.02,0.03,0.01,0.21
,,,,Adventure,0.21,0.0,0.0,0.0,0.21
,,,,Misc,0.0,0.19,0.0,0.03,0.21
,,,,Sports,0.0,0.0,0.2,0.02,0.21
,,,,Action,0.03,0.08,0.08,0.02,0.21
,,,,Action,0.08,0.02,0.09,0.03,0.21
,,,,Racing,0.0,0.08,0.1,0.03,0.21
,,,,Sports,0.0,0.0,0.2,0.02,0.21
,,,,Action,0.0,0.07,0.12,0.02,0.21
,,,,Sports,0.0,0.02,0.18,0.01,0.21
,,,,Adventure,0.0,0.04,0.17,0.01,0.21
,,,,Action,0.0,0.08,0.12,0.01,0.21
,,,,Fighting,0.0,0.07,0.11,0.04,0.21
,,,,Racing,0.0,0.08,0.1,0.04,0.21
,,,,Racing,0.0,0.08,0.1,0.03,0.21
,,,,Simulation,0.21,0.0,0.0,0.0,0.21
,,,,Role-Playing,0.0,0.08,0.1,0.03,0.21
,,,,Sports,0.0,0.0,0.2,0.02,0.21
,,,,Misc,0.21,0.0,0.0,0.0,0.21
,,,,Shooter,0.0,0.06,0.15,0.0,0.21
,,,,Fighting,0.0,0.08,0.1,0.03,0.21
,,,,Fighting,0.0,0.05,0.16,0.01,0.21
,,,,Action,0.21,0.0,0.0,0.0,0.21
,,,,Strategy,0.0,0.08,0.1,0.03,0.21
,,,,Sports,0.0,0.01,0.19,0.02,0.21
,,,,Platform,0.0,0.07,0.11,0.03,0.21
,,,,Sports,0.0,0.01,0.19,0.02,0.21
,,,,Shooter,0.0,0.05,0.16,0.01,0.21
,,,,Adventure,0.0,0.06,0.14,0.02,0.21
,,,,Shooter,0.0,0.07,0.12,0.02,0.21
,,,,Action,0.0,0.0,0.19,0.02,0.21
,,,,Sports,0.0,0.05,0.16,0.01,0.21
,,,,Action,0.0,0.05,0.16,0.01,0.21
,,,,Misc,0.0,0.08,0.1,0.03,0.21
,,,,Action,0.0,0.12,0.07,0.02,0.21
,,,,Shooter,0.0,0.08,0.1,0.03,0.21
,,,,Sports,0.0,0.0,0.2,0.02,0.21
,,,,Racing,0.01,0.11,0.05,0.04,0.21
,,,,Action,0.0,0.01,0.2,0.0,0.21
,,,,Puzzle,0.0,0.01,0.2,0.0,0.21
,,,,Sports,0.0,0.01,0.2,0.0,0.21
,,,,Misc,0.0,0.18,0.0,0.04,0.21
,,,,Strategy,0.07,0.03,0.1,0.01,0.21
,,,,Action,0.0,0.08,0.12,0.02,0.21
,,,,Misc,0.0,0.03,0.17,0.01,0.21
,,,,Action,0.0,0.07,0.11,0.03,0.21
,,,,Misc,0.0,0.01,0.18,0.02,0.21
,,,,Action,0.0,0.08,0.1,0.03,0.21
,,,,Shooter,0.0,0.08,0.1,0.03,0.21
,,,,Platform,0.0,0.08,0.1,0.03,0.21
,,,,Fighting,0.21,0.0,0.0,0.01,0.21
,,,,Shooter,0.0,0.05,0.16,0.01,0.21
,,,,Adventure,0.2,0.0,0.0,0.01,0.21
,,,,Action,0.01,0.1,0.07,0.04,0.21
,,,,Fighting,0.21,0.0,0.0,0.0,0.21
,,,,Adventure,0.0,0.07,0.12,0.02,0.21
,,,,Action,0.08,0.03,0.09,0.01,0.21
,,,,Fighting,0.0,0.02,0.17,0.02,0.21
,,,,Action,0.0,0.01,0.19,0.02,0.21
,,,,Sports,0.08,0.05,0.06,0.02,0.21
,,,,Fighting,0.0,0.08,0.12,0.01,0.21
,,,,Sports,0.0,0.05,0.15,0.02,0.21
,,,,Shooter,0.0,0.05,0.16,0.01,0.21
,,,,Sports,0.0,0.05,0.15,0.02,0.21
,,,,Adventure,0.0,0.01,0.18,0.02,0.21
,,,,Sports,0.0,0.0,0.2,0.02,0.21
,,,,Strategy,0.21,0.0,0.0,0.0,0.21
,,,,Platform,0.0,0.08,0.1,0.03,0.21
,,,,Platform,0.0,0.04,0.16,0.01,0.21
,,,,Misc,0.0,0.0,0.2,0.01,0.21
,,,,Action,0.0,0.0,0.2,0.01,0.21
,,,,Sports,0.13,0.0,0.06,0.01,0.21
,,,,Role-Playing,0.0,0.08,0.1,0.03,0.21
,,,,Platform,0.0,0.08,0.12,0.01,0.21
,,,,Adventure,0.03,0.07,0.09,0.02,0.21
,,,,Strategy,0.21,0.0,0.0,0.0,0.21
,,,,Sports,0.0,0.05,0.16,0.01,0.21
,,,,Simulation,0.0,0.04,0.15,0.02,0.21
,,,,Sports,0.0,0.0,0.19,0.02,0.21
,,,,Misc,0.0,0.0,0.19,0.02,0.21
,,,,Fighting,0.0,0.04,0.17,0.0,0.21
,,,,Misc,0.0,0.04,0.17,0.0,0.21
,,,,Fighting,0.0,0.04,0.17,0.0,0.21
,,,,Racing,0.0,0.04,0.17,0.0,0.21
,,,,Platform,0.0,0.04,0.17,0.0,0.21
,,,,Shooter,0.0,0.04,0.17,0.0,0.21
,,,,Role-Playing,0.0,0.07,0.13,0.02,0.21
,,,,Action,0.0,0.0,0.2,0.01,0.21
,,,,Role-Playing,0.2,0.0,0.0,0.01,0.21
,,,,Racing,0.0,0.14,0.06,0.01,0.21
,,,,Fighting,0.21,0.0,0.0,0.0,0.21
,,,,Action,0.0,0.04,0.16,0.01,0.21
,,,,Racing,0.01,0.15,0.0,0.05,0.21
,,,,Role-Playing,0.0,0.08,0.12,0.01,0.21
,,,,Role-Playing,0.0,0.08,0.12,0.01,0.21
,,,,Role-Playing,0.2,0.0,0.0,0.01,0.21
,,,,Platform,0.2,0.0,0.0,0.01,0.21
,,,,Action,0.01,0.0,0.18,0.01,0.21
,,,,Action,0.02,0.05,0.12,0.02,0.21
,,,,Action,0.0,0.08,0.1,0.03,0.21
,,,,Shooter,0.0,0.04,0.17,0.01,0.21
,,,,Racing,0.0,0.08,0.1,0.03,0.21
,,,,Action,0.0,0.08,0.1,0.03,0.21
,,,,Role-Playing,0.1,0.0,0.09,0.01,0.21
,,,,Action,0.0,0.04,0.16,0.01,0.21
,,,,Misc,0.0,0.04,0.15,0.02,0.21
,,,,Sports,0.21,0.0,0.0,0.0,0.21
,,,,Platform,0.0,0.06,0.15,0.0,0.21
,,,,Role-Playing,0.07,0.04,0.08,0.01,0.21
,,,,Role-Playing,0.21,0.0,0.0,0.0,0.21
,,,,Action,0.03,0.04,0.13,0.01,0.21
,,,,Sports,0.0,0.04,0.16,0.01,0.21
,,,,Action,0.0,0.07,0.12,0.02,0.21
,,,,Sports,0.0,0.04,0.16,0.01,0.21
,,,,Sports,0.0,0.01,0.18,0.01,0.21
,,,,Racing,0.0,0.08,0.12,0.01,0.21
,,,,Sports,0.0,0.08,0.1,0.03,0.21
,,,,Action,0.0,0.08,0.1,0.03,0.21
,,,,Sports,0.0,0.0,0.19,0.02,0.21
,,,,Strategy,0.21,0.0,0.0,0.0,0.21
,,,,Fighting,0.0,0.08,0.12,0.01,0.21
,,,,Action,0.0,0.13,0.03,0.05,0.21
,,,,Platform,0.0,0.12,0.03,0.05,0.21
,,,,Role-Playing,0.0,0.0,0.19,0.02,0.21
,,,,Racing,0.0,0.0,0.19,0.01,0.21
,,,,Puzzle,0.0,0.0,0.19,0.01,0.21
,,,,Role-Playing,0.21,0.0,0.0,0.0,0.21
,,,,Shooter,0.0,0.0,0.19,0.01,0.21
,,,,Action,0.0,0.08,0.1,0.03,0.21
,,,,Shooter,0.0,0.08,0.11,0.02,0.21
,,,,Sports,0.0,0.0,0.19,0.02,0.21
,,,,Sports,0.0,0.04,0.15,0.01,0.21
,,,,Action,0.0,0.07,0.11,0.03,0.21
,,,,Fighting,0.21,0.0,0.0,0.0,0.21
,,,,Misc,0.0,0.0,0.19,0.02,0.21
,,,,Sports,0.0,0.0,0.19,0.02,0.21
,,,,Adventure,0.19,0.0,0.0,0.01,0.21
,,,,Sports,0.0,0.08,0.1,0.03,0.21
,,,,Misc,0.21,0.0,0.0,0.0,0.21
,,,,Misc,0.0,0.05,0.15,0.0,0.21
,,,,Sports,0.21,0.0,0.0,0.0,0.21
,,,,Misc,0.0,0.0,0.19,0.01,0.21
,,,,Fighting,0.08,0.03,0.09,0.0,0.21
,,,,Role-Playing,0.06,0.0,0.14,0.01,0.21
,,,,Action,0.0,0.04,0.15,0.01,0.21
,,,,Sports,0.0,0.0,0.19,0.02,0.21
,,,,Sports,0.12,0.03,0.04,0.01,0.21
,,,,Simulation,0.0,0.06,0.13,0.02,0.21
,,,,Action,0.0,0.04,0.16,0.01,0.21
,,,,Sports,0.0,0.04,0.15,0.01,0.21
,,,,Action,0.21,0.0,0.0,0.0,0.21
,,,,Action,0.06,0.03,0.1,0.02,0.21
,,,,Adventure,0.0,0.08,0.1,0.02,0.21
,,,,Shooter,0.0,0.04,0.14,0.02,0.21
,,,,Sports,0.21,0.0,0.0,0.0,0.21
,,,,Action,0.04,0.1,0.05,0.01,0.21
,,,,Adventure,0.0,0.08,0.11,0.01,0.21
,,,,Racing,0.0,0.02,0.17,0.02,0.21
,,,,Fighting,0.0,0.04,0.16,0.01,0.21
,,,,Action,0.01,0.1,0.06,0.04,0.21
,,,,Action,0.21,0.0,0.0,0.0,0.21
,,,,Platform,0.0,0.04,0.15,0.01,0.21
,,,,Action,0.0,0.05,0.15,0.0,0.21
,,,,Adventure,0.0,0.07,0.1,0.03,0.21
,,,,Strategy,0.0,0.0,0.18,0.02,0.2
,,,,Strategy,0.0,0.04,0.15,0.02,0.2
,,,,Action,0.11,0.06,0.02,0.02,0.2
,,,,Fighting,0.2,0.0,0.0,0.0,0.2
,,,,Simulation,0.0,0.0,0.19,0.01,0.2
,,,,Misc,0.0,0.05,0.15,0.0,0.2
,,,,Sports,0.0,0.0,0.19,0.01,0.2
,,,,Role-Playing,0.0,0.01,0.17,0.02,0.2
,,,,Action,0.0,0.05,0.15,0.0,0.2
,,,,Fighting,0.0,0.07,0.11,0.02,0.2
,,,,Strategy,0.2,0.0,0.0,0.0,0.2
,,,,Misc,0.0,0.0,0.19,0.02,0.2
,,,,Misc,0.0,0.0,0.19,0.01,0.2
,,,,Adventure,0.0,0.11,0.07,0.02,0.2
,,,,Sports,0.0,0.02,0.17,0.02,0.2
,,,,Fighting,0.0,0.08,0.1,0.03,0.2
,,,,Action,0.0,0.03,0.16,0.01,0.2
,,,,Strategy,0.2,0.0,0.0,0.0,0.2
,,,,Sports,0.0,0.08,0.1,0.03,0.2
,,,,Racing,0.0,0.04,0.15,0.01,0.2
,,,,Action,0.0,0.02,0.17,0.02,0.2
,,,,Puzzle,0.2,0.0,0.0,0.0,0.2
,,,,Simulation,0.0,0.08,0.11,0.02,0.2
,,,,Sports,0.0,0.04,0.14,0.02,0.2
,,,,Action,0.2,0.0,0.0,0.0,0.2
,,,,Misc,0.0,0.02,0.0,0.19,0.2
,,,,Role-Playing,0.0,0.09,0.09,0.03,0.2
,,,,Strategy,0.07,0.05,0.06,0.02,0.2
,,,,Sports,0.0,0.04,0.15,0.01,0.2
,,,,Sports,0.0,0.03,0.15,0.02,0.2
,,,,Simulation,0.14,0.0,0.06,0.01,0.2
,,,,Role-Playing,0.2,0.0,0.0,0.0,0.2
,,,,Racing,0.02,0.04,0.14,0.01,0.2
,,,,Role-Playing,0.01,0.02,0.16,0.02,0.2
,,,,Misc,0.0,0.17,0.0,0.03,0.2
,,,,Racing,0.0,0.04,0.15,0.01,0.2
,,,,Sports,0.2,0.0,0.0,0.0,0.2
,,,,Shooter,0.0,0.09,0.09,0.03,0.2
,,,,Misc,0.0,0.05,0.15,0.0,0.2
,,,,Misc,0.0,0.08,0.1,0.03,0.2
,,,,Racing,0.2,0.0,0.0,0.0,0.2
,,,,Role-Playing,0.2,0.0,0.0,0.0,0.2
,,,,Role-Playing,0.09,0.05,0.05,0.02,0.2
,,,,Role-Playing,0.08,0.05,0.06,0.02,0.2
,,,,Misc,0.0,0.19,0.0,0.01,0.2
,,,,Sports,0.0,0.08,0.1,0.03,0.2
,,,,Fighting,0.0,0.08,0.1,0.03,0.2
,,,,Sports,0.2,0.0,0.0,0.0,0.2
,,,,Fighting,0.1,0.05,0.04,0.02,0.2
,,,,Fighting,0.05,0.08,0.06,0.01,0.2
,,,,Misc,0.0,0.2,0.0,0.0,0.2
,,,,Misc,0.0,0.02,0.17,0.01,0.2
,,,,Sports,0.0,0.0,0.19,0.02,0.2
,,,,Strategy,0.0,0.05,0.14,0.02,0.2
,,,,Sports,0.0,0.19,0.0,0.01,0.2
,,,,Racing,0.0,0.08,0.1,0.03,0.2
,,,,Misc,0.0,0.04,0.16,0.01,0.2
,,,,Strategy,0.2,0.0,0.0,0.0,0.2
,,,,Fighting,0.2,0.0,0.0,0.0,0.2
,,,,Sports,0.0,0.04,0.15,0.01,0.2
,,,,Action,0.03,0.03,0.13,0.02,0.2
,,,,Role-Playing,0.0,0.02,0.16,0.02,0.2
,,,,Shooter,0.08,0.04,0.06,0.02,0.2
,,,,Platform,0.0,0.08,0.1,0.03,0.2
,,,,Role-Playing,0.0,0.03,0.16,0.02,0.2
,,,,Fighting,0.2,0.0,0.0,0.01,0.2
,,,,Action,0.0,0.08,0.1,0.02,0.2
,,,,Sports,0.0,0.05,0.14,0.0,0.2
,,,,Racing,0.02,0.07,0.09,0.02,0.2
,,,,Strategy,0.0,0.1,0.09,0.02,0.2
,,,,Sports,0.0,0.15,0.0,0.05,0.2
,,,,Sports,0.0,0.08,0.1,0.03,0.2
,,,,Misc,0.0,0.02,0.17,0.01,0.2
,,,,Fighting,0.2,0.0,0.0,0.0,0.2
,,,,Action,0.16,0.03,0.0,0.01,0.2
,,,,Shooter,0.0,0.01,0.17,0.02,0.2
,,,,Simulation,0.0,0.05,0.14,0.0,0.2
,,,,Action,0.0,0.07,0.1,0.03,0.2
,,,,Sports,0.0,0.0,0.18,0.02,0.2
,,,,Platform,0.0,0.04,0.16,0.01,0.2
,,,,Sports,0.0,0.04,0.13,0.04,0.2
,,,,Shooter,0.2,0.0,0.0,0.0,0.2
,,,,Simulation,0.0,0.06,0.13,0.02,0.2
,,,,Action,0.2,0.0,0.0,0.0,0.2
,,,,Sports,0.0,0.04,0.15,0.01,0.2
,,,,Platform,0.0,0.05,0.14,0.0,0.2
,,,,Role-Playing,0.2,0.0,0.0,0.0,0.2
,,,,Racing,0.0,0.04,0.15,0.01,0.2
,,,,Misc,0.2,0.0,0.0,0.0,0.2
,,,,Simulation,0.0,0.0,0.19,0.01,0.2
,,,,Racing,0.0,0.04,0.16,0.01,0.2
,,,,Action,0.18,0.0,0.02,0.0,0.2
,,,,Shooter,0.0,0.08,0.1,0.03,0.2
,,,,Sports,0.0,0.05,0.14,0.0,0.2
,,,,Role-Playing,0.09,0.04,0.06,0.01,0.2
,,,,Racing,0.07,0.02,0.1,0.01,0.2
,,,,Strategy,0.0,0.08,0.1,0.03,0.2
,,,,Misc,0.0,0.0,0.19,0.01,0.2
,,,,Misc,0.0,0.0,0.19,0.01,0.2
,,,,Simulation,0.0,0.0,0.19,0.01,0.2
,,,,Shooter,0.02,0.07,0.1,0.02,0.2
,,,,Misc,0.0,0.08,0.1,0.02,0.2
,,,,Shooter,0.0,0.08,0.11,0.01,0.2
,,,,Racing,0.0,0.0,0.18,0.02,0.2
,,,,Action,0.0,0.05,0.12,0.03,0.2
,,,,Misc,0.0,0.08,0.1,0.03,0.2
,,,,Simulation,0.01,0.04,0.14,0.02,0.2
,,,,Platform,0.0,0.04,0.15,0.01,0.2
,,,,Racing,0.0,0.08,0.11,0.01,0.2
,,,,Role-Playing,0.2,0.0,0.0,0.0,0.2
,,,,Action,0.04,0.04,0.1,0.02,0.2
,,,,Puzzle,0.0,0.11,0.07,0.02,0.2
,,,,Action,0.0,0.09,0.1,0.02,0.2
,,,,Fighting,0.0,0.08,0.1,0.02,0.2
,,,,Sports,0.0,0.04,0.15,0.01,0.2
,,,,Adventure,0.0,0.06,0.13,0.02,0.2
,,,,Shooter,0.0,0.12,0.06,0.02,0.2
,,,,Sports,0.0,0.08,0.1,0.03,0.2
,,,,Action,0.0,0.04,0.15,0.01,0.2
,,,,Platform,0.0,0.04,0.16,0.0,0.2
,,,,Sports,0.17,0.0,0.0,0.03,0.2
,,,,Racing,0.0,0.13,0.06,0.01,0.2
,,,,Puzzle,0.05,0.02,0.13,0.0,0.2
,,,,Sports,0.0,0.04,0.16,0.0,0.2
,,,,Platform,0.0,0.04,0.16,0.0,0.2
,,,,Racing,0.0,0.04,0.16,0.0,0.2
,,,,Shooter,0.0,0.04,0.16,0.0,0.2
,,,,Racing,0.0,0.04,0.16,0.0,0.2
,,,,Strategy,0.2,0.0,0.0,0.0,0.2
,,,,Sports,0.0,0.04,0.16,0.0,0.2
,,,,Sports,0.0,0.0,0.18,0.02,0.2
,,,,Racing,0.0,0.04,0.15,0.01,0.2
,,,,Role-Playing,0.2,0.0,0.0,0.0,0.2
,,,,Simulation,0.0,0.04,0.14,0.02,0.2
,,,,Action,0.03,0.0,0.16,0.01,0.2
,,,,Action,0.0,0.03,0.16,0.02,0.2
,,,,Fighting,0.0,0.0,0.18,0.02,0.2
,,,,Sports,0.0,0.08,0.09,0.03,0.2
,,,,Misc,0.2,0.0,0.0,0.0,0.2
,,,,Misc,0.0,0.05,0.14,0.0,0.2
,,,,Racing,0.0,0.08,0.1,0.03,0.2
,,,,Role-Playing,0.1,0.02,0.06,0.01,0.2
,,,,Strategy,0.19,0.0,0.0,0.01,0.2
,,,,Racing,0.0,0.04,0.15,0.01,0.2
,,,,Misc,0.0,0.17,0.0,0.03,0.2
,,,,Sports,0.0,0.09,0.08,0.04,0.2
,,,,Strategy,0.0,0.1,0.07,0.03,0.2
,,,,Sports,0.0,0.08,0.1,0.03,0.2
,,,,Sports,0.0,0.04,0.15,0.01,0.2
,,,,Role-Playing,0.2,0.0,0.0,0.0,0.2
,,,,Role-Playing,0.02,0.02,0.14,0.02,0.2
,,,,Action,0.0,0.04,0.15,0.01,0.2
,,,,Shooter,0.2,0.0,0.0,0.0,0.2
,,,,Action,0.0,0.15,0.02,0.02,0.2
,,,,Sports,0.2,0.0,0.0,0.0,0.2
,,,,Action,0.0,0.04,0.14,0.02,0.2
,,,,Shooter,0.01,0.11,0.05,0.03,0.2
,,,,Simulation,0.0,0.05,0.12,0.02,0.2
,,,,Sports,0.0,0.08,0.1,0.03,0.2
,,,,Role-Playing,0.2,0.0,0.0,0.0,0.2
,,,,Misc,0.16,0.01,0.02,0.01,0.2
,,,,Misc,0.0,0.0,0.18,0.01,0.2
,,,,Sports,0.0,0.06,0.12,0.02,0.2
,,,,Adventure,0.0,0.13,0.05,0.02,0.2
,,,,Action,0.0,0.04,0.15,0.01,0.2
,,,,Sports,0.0,0.04,0.15,0.01,0.2
,,,,Sports,0.2,0.0,0.0,0.0,0.2
,,,,Action,0.0,0.08,0.1,0.03,0.2
,,,,Misc,0.0,0.2,0.0,0.0,0.2
,,,,Shooter,0.0,0.01,0.18,0.01,0.2
,,,,Racing,0.05,0.08,0.04,0.03,0.2
,,,,Role-Playing,0.07,0.02,0.1,0.01,0.2
,,,,Strategy,0.0,0.08,0.1,0.03,0.2
,,,,Misc,0.0,0.0,0.19,0.01,0.2
,,,,Sports,0.0,0.04,0.15,0.01,0.2
,,,,Simulation,0.0,0.0,0.18,0.01,0.2
,,,,Sports,0.2,0.0,0.0,0.0,0.2
,,,,Action,0.2,0.0,0.0,0.0,0.2
,,,,Platform,0.0,0.04,0.15,0.01,0.2
,,,,Role-Playing,0.01,0.0,0.18,0.01,0.2
,,,,Racing,0.0,0.06,0.12,0.02,0.2
,,,,Strategy,0.0,0.01,0.16,0.02,0.2
,,,,Misc,0.2,0.0,0.0,0.0,0.2
,,,,Misc,0.0,0.08,0.1,0.03,0.2
,,,,Misc,0.0,0.0,0.18,0.01,0.2
,,,,Action,0.0,0.01,0.17,0.02,0.2
,,,,Puzzle,0.0,0.07,0.11,0.01,0.2
,,,,Role-Playing,0.0,0.1,0.07,0.02,0.2
,,,,Shooter,0.0,0.01,0.17,0.02,0.2
,,,,Puzzle,0.0,0.04,0.15,0.01,0.2
,,,,Simulation,0.09,0.0,0.09,0.01,0.2
,,,,Action,0.0,0.09,0.1,0.02,0.2
,,,,Action,0.0,0.08,0.1,0.03,0.2
,,,,Sports,0.2,0.0,0.0,0.0,0.2
,,,,Sports,0.0,0.0,0.18,0.01,0.2
,,,,Action,0.03,0.08,0.07,0.01,0.2
,,,,Simulation,0.0,0.0,0.18,0.01,0.2
,,,,Racing,0.0,0.08,0.1,0.03,0.2
,,,,Puzzle,0.0,0.0,0.18,0.01,0.2
,,,,Racing,0.0,0.0,0.18,0.01,0.2
,,,,Sports,0.0,0.05,0.14,0.0,0.2
,,,,Simulation,0.0,0.08,0.1,0.03,0.2
,,,,Sports,0.2,0.0,0.0,0.0,0.2
,,,,Role-Playing,0.11,0.0,0.08,0.01,0.2
,,,,Role-Playing,0.2,0.0,0.0,0.0,0.2
,,,,Action,0.18,0.0,0.0,0.01,0.2
,,,,Sports,0.0,0.0,0.18,0.01,0.2
,,,,Action,0.0,0.02,0.16,0.02,0.2
,,,,Action,0.0,0.05,0.14,0.0,0.2
,,,,Platform,0.0,0.05,0.14,0.0,0.2
,,,,Action,0.0,0.01,0.17,0.02,0.2
,,,,Misc,0.0,0.04,0.15,0.01,0.2
,,,,Adventure,0.0,0.04,0.15,0.01,0.2
,,,,Action,0.0,0.07,0.11,0.01,0.2
,,,,Action,0.0,0.05,0.14,0.0,0.2
,,,,Puzzle,0.0,0.13,0.05,0.02,0.2
,,,,Action,0.0,0.03,0.15,0.02,0.2
,,,,Sports,0.2,0.0,0.0,0.0,0.2
,,,,Misc,0.2,0.0,0.0,0.0,0.2
,,,,Role-Playing,0.0,0.04,0.15,0.01,0.2
,,,,Action,0.0,0.0,0.18,0.02,0.2
,,,,Action,0.0,0.04,0.15,0.01,0.2
,,,,Fighting,0.0,0.05,0.14,0.01,0.2
,,,,Role-Playing,0.2,0.0,0.0,0.0,0.2
,,,,Action,0.0,0.03,0.15,0.01,0.2
,,,,Racing,0.0,0.11,0.05,0.03,0.2
,,,,Platform,0.05,0.0,0.13,0.02,0.2
,,,,Action,0.0,0.07,0.1,0.03,0.2
,,,,Action,0.03,0.0,0.15,0.01,0.2
,,,,Action,0.0,0.0,0.18,0.01,0.2
,,,,Racing,0.0,0.07,0.1,0.03,0.2
,,,,Adventure,0.0,0.17,0.0,0.03,0.2
,,,,Misc,0.0,0.0,0.18,0.01,0.2
,,,,Role-Playing,0.08,0.03,0.06,0.02,0.2
,,,,Shooter,0.0,0.12,0.04,0.03,0.2
,,,,Sports,0.0,0.07,0.1,0.02,0.2
,,,,Role-Playing,0.05,0.05,0.07,0.02,0.2
,,,,Action,0.0,0.07,0.1,0.02,0.2
,,,,Misc,0.0,0.05,0.14,0.0,0.2
,,,,Role-Playing,0.02,0.0,0.16,0.01,0.19
,,,,Racing,0.0,0.13,0.02,0.04,0.19
,,,,Simulation,0.0,0.0,0.18,0.01,0.19
,,,,Shooter,0.0,0.0,0.18,0.01,0.19
,,,,Role-Playing,0.0,0.12,0.05,0.03,0.19
,,,,Racing,0.0,0.04,0.15,0.01,0.19
,,,,Misc,0.0,0.07,0.1,0.02,0.19
,,,,Platform,0.0,0.05,0.14,0.0,0.19
,,,,Fighting,0.04,0.06,0.07,0.02,0.19
,,,,Action,0.0,0.03,0.15,0.02,0.19
,,,,Action,0.0,0.11,0.06,0.02,0.19
,,,,Fighting,0.18,0.0,0.0,0.01,0.19
,,,,Action,0.01,0.06,0.11,0.02,0.19
,,,,Role-Playing,0.0,0.08,0.07,0.04,0.19
,,,,Shooter,0.0,0.09,0.08,0.02,0.19
,,,,Action,0.0,0.07,0.1,0.03,0.19
,,,,Action,0.0,0.04,0.13,0.02,0.19
,,,,Shooter,0.0,0.07,0.1,0.02,0.19
,,,,Role-Playing,0.06,0.0,0.13,0.01,0.19
,,,,Misc,0.0,0.0,0.18,0.01,0.19
,,,,Action,0.19,0.0,0.0,0.0,0.19
,,,,Action,0.08,0.03,0.07,0.01,0.19
,,,,Simulation,0.0,0.0,0.18,0.01,0.19
,,,,Misc,0.19,0.0,0.0,0.0,0.19
,,,,Role-Playing,0.0,0.05,0.14,0.0,0.19
,,,,Action,0.0,0.01,0.17,0.01,0.19
,,,,Misc,0.19,0.0,0.0,0.0,0.19
,,,,Shooter,0.0,0.17,0.0,0.02,0.19
,,,,Platform,0.0,0.04,0.15,0.01,0.19
,,,,Adventure,0.19,0.0,0.0,0.0,0.19
,,,,Role-Playing,0.0,0.02,0.16,0.02,0.19
,,,,Action,0.0,0.05,0.14,0.0,0.19
,,,,Sports,0.19,0.0,0.0,0.0,0.19
,,,,Sports,0.18,0.0,0.0,0.01,0.19
,,,,Simulation,0.0,0.13,0.05,0.01,0.19
,,,,Misc,0.19,0.0,0.0,0.0,0.19
,,,,Misc,0.04,0.04,0.1,0.01,0.19
,,,,Shooter,0.02,0.09,0.05,0.03,0.19
,,,,Action,0.0,0.04,0.14,0.01,0.19
,,,,Sports,0.0,0.07,0.09,0.02,0.19
,,,,Simulation,0.0,0.06,0.1,0.03,0.19
,,,,Misc,0.0,0.04,0.14,0.01,0.19
,,,,Misc,0.0,0.0,0.18,0.01,0.19
,,,,Misc,0.0,0.07,0.11,0.02,0.19
,,,,Role-Playing,0.05,0.02,0.11,0.01,0.19
,,,,Action,0.0,0.01,0.16,0.02,0.19
,,,,Shooter,0.0,0.01,0.17,0.01,0.19
,,,,Action,0.0,0.03,0.13,0.03,0.19
,,,,Action,0.19,0.0,0.0,0.0,0.19
,,,,Puzzle,0.0,0.16,0.01,0.02,0.19
,,,,Sports,0.19,0.0,0.0,0.0,0.19
,,,,Role-Playing,0.0,0.11,0.07,0.01,0.19
,,,,Adventure,0.0,0.11,0.06,0.02,0.19
,,,,Simulation,0.19,0.0,0.0,0.0,0.19
,,,,Role-Playing,0.0,0.01,0.17,0.01,0.19
,,,,Role-Playing,0.0,0.07,0.09,0.02,0.19
,,,,Sports,0.19,0.0,0.0,0.0,0.19
,,,,Action,0.01,0.03,0.12,0.03,0.19
,,,,Platform,0.0,0.02,0.16,0.02,0.19
,,,,Misc,0.0,0.0,0.18,0.01,0.19
,,,,Strategy,0.19,0.0,0.0,0.0,0.19
,,,,Racing,0.0,0.07,0.11,0.01,0.19
,,,,Role-Playing,0.04,0.0,0.13,0.02,0.19
,,,,Shooter,0.0,0.07,0.11,0.01,0.19
,,,,Strategy,0.0,0.15,0.0,0.04,0.19
,,,,Misc,0.02,0.02,0.15,0.01,0.19
,,,,Shooter,0.01,0.06,0.1,0.03,0.19
,,,,Adventure,0.0,0.04,0.15,0.01,0.19
,,,,Action,0.0,0.09,0.09,0.02,0.19
,,,,Racing,0.0,0.0,0.18,0.01,0.19
,,,,Shooter,0.0,0.1,0.05,0.03,0.19
,,,,Fighting,0.0,0.02,0.15,0.02,0.19
,,,,Sports,0.0,0.0,0.18,0.01,0.19
,,,,Role-Playing,0.0,0.02,0.16,0.01,0.19
,,,,Adventure,0.0,0.01,0.17,0.01,0.19
,,,,Racing,0.0,0.07,0.09,0.02,0.19
,,,,Shooter,0.0,0.07,0.09,0.02,0.19
,,,,Action,0.0,0.04,0.14,0.01,0.19
,,,,Simulation,0.19,0.0,0.0,0.0,0.19
,,,,Action,0.0,0.0,0.18,0.01,0.19
,,,,Adventure,0.0,0.03,0.14,0.01,0.19
,,,,Misc,0.0,0.07,0.09,0.02,0.19
,,,,Role-Playing,0.19,0.0,0.0,0.0,0.19
,,,,Action,0.0,0.01,0.17,0.01,0.19
,,,,Strategy,0.0,0.07,0.09,0.02,0.19
,,,,Strategy,0.0,0.0,0.18,0.01,0.19
,,,,Sports,0.0,0.02,0.16,0.01,0.19
,,,,Shooter,0.0,0.07,0.09,0.02,0.19
,,,,Sports,0.0,0.05,0.14,0.0,0.19
,,,,Sports,0.19,0.0,0.0,0.0,0.19
,,,,Adventure,0.19,0.0,0.0,0.0,0.19
,,,,Sports,0.0,0.07,0.09,0.02,0.19
,,,,Action,0.0,0.13,0.04,0.03,0.19
,,,,Strategy,0.0,0.07,0.11,0.01,0.19
,,,,Fighting,0.18,0.0,0.0,0.01,0.19
,,,,Action,0.19,0.0,0.0,0.0,0.19
,,,,Action,0.02,0.07,0.09,0.02,0.19
,,,,Simulation,0.0,0.07,0.08,0.04,0.19
,,,,Simulation,0.0,0.07,0.1,0.02,0.19
,,,,Simulation,0.1,0.02,0.06,0.01,0.19
,,,,Puzzle,0.0,0.03,0.15,0.01,0.19
,,,,Misc,0.0,0.09,0.08,0.02,0.19
,,,,Fighting,0.16,0.01,0.02,0.0,0.19
,,,,Simulation,0.19,0.0,0.0,0.0,0.19
,,,,Misc,0.0,0.07,0.09,0.02,0.19
,,,,Misc,0.0,0.07,0.09,0.02,0.19
,,,,Fighting,0.0,0.07,0.11,0.01,0.19
,,,,Action,0.0,0.03,0.15,0.01,0.19
,,,,Misc,0.0,0.07,0.09,0.02,0.19
,,,,Platform,0.0,0.0,0.17,0.01,0.19
,,,,Racing,0.0,0.03,0.14,0.02,0.19
,,,,Role-Playing,0.19,0.0,0.0,0.0,0.19
,,,,Adventure,0.0,0.05,0.14,0.0,0.19
,,,,Sports,0.0,0.04,0.14,0.01,0.19
,,,,Action,0.19,0.0,0.0,0.0,0.19
,,,,Misc,0.0,0.05,0.13,0.02,0.19
,,,,Misc,0.0,0.07,0.09,0.02,0.19
,,,,Racing,0.0,0.11,0.05,0.03,0.19
,,,,Racing,0.0,0.0,0.18,0.01,0.19
,,,,Adventure,0.0,0.05,0.14,0.0,0.19
,,,,Role-Playing,0.0,0.04,0.14,0.01,0.19
,,,,Action,0.0,0.09,0.07,0.04,0.19
,,,,Action,0.0,0.03,0.15,0.01,0.19
,,,,Adventure,0.19,0.0,0.0,0.0,0.19
,,,,Role-Playing,0.06,0.02,0.08,0.03,0.19
,,,,Shooter,0.0,0.04,0.15,0.0,0.19
,,,,Fighting,0.0,0.04,0.15,0.0,0.19
,,,,Action,0.0,0.04,0.15,0.0,0.19
,,,,Puzzle,0.16,0.0,0.0,0.03,0.19
,,,,Sports,0.19,0.0,0.0,0.0,0.19
,,,,Shooter,0.0,0.04,0.15,0.0,0.19
,,,,Misc,0.0,0.04,0.15,0.0,0.19
,,,,Action,0.19,0.0,0.0,0.0,0.19
,,,,Puzzle,0.0,0.0,0.18,0.01,0.19
,,,,Adventure,0.19,0.0,0.0,0.0,0.19
,,,,Adventure,0.0,0.0,0.18,0.01,0.19
,,,,Misc,0.0,0.04,0.13,0.01,0.19
,,,,Action,0.0,0.04,0.15,0.01,0.19
,,,,Action,0.0,0.06,0.11,0.02,0.19
,,,,Fighting,0.0,0.07,0.11,0.02,0.19
,,,,Sports,0.0,0.07,0.09,0.02,0.19
,,,,Sports,0.0,0.05,0.14,0.0,0.19
,,,,Action,0.19,0.0,0.0,0.0,0.19
,,,,Strategy,0.0,0.07,0.11,0.01,0.19
,,,,Action,0.01,0.06,0.1,0.02,0.19
,,,,Action,0.0,0.0,0.18,0.01,0.19
,,,,Sports,0.19,0.0,0.0,0.0,0.19
,,,,Action,0.07,0.05,0.06,0.02,0.19
,,,,Misc,0.0,0.0,0.18,0.01,0.19
,,,,Sports,0.0,0.07,0.09,0.02,0.19
,,,,Role-Playing,0.0,0.05,0.14,0.0,0.19
,,,,Shooter,0.0,0.07,0.09,0.02,0.19
,,,,Role-Playing,0.12,0.01,0.04,0.01,0.19
,,,,Misc,0.06,0.0,0.12,0.01,0.19
,,,,Misc,0.19,0.0,0.0,0.0,0.19
,,,,Sports,0.0,0.06,0.1,0.03,0.19
,,,,Sports,0.0,0.05,0.11,0.03,0.19
,,,,Action,0.0,0.04,0.15,0.01,0.19
,,,,Action,0.0,0.16,0.0,0.03,0.19
,,,,Sports,0.0,0.05,0.11,0.03,0.19
,,,,Sports,0.0,0.03,0.14,0.01,0.19
,,,,Misc,0.0,0.07,0.09,0.02,0.19
,,,,Shooter,0.0,0.07,0.09,0.02,0.19
,,,,Role-Playing,0.19,0.0,0.0,0.0,0.19
,,,,Sports,0.0,0.07,0.09,0.02,0.19
,,,,Action,0.19,0.0,0.0,0.0,0.19
,,,,Action,0.0,0.07,0.09,0.02,0.19
,,,,Sports,0.0,0.18,0.0,0.01,0.19
,,,,Adventure,0.0,0.12,0.05,0.02,0.19
,,,,Platform,0.0,0.04,0.15,0.01,0.19
,,,,Sports,0.0,0.01,0.18,0.0,0.19
,,,,Misc,0.0,0.0,0.18,0.01,0.19
,,,,Puzzle,0.0,0.0,0.18,0.01,0.19
,,,,Strategy,0.18,0.0,0.0,0.01,0.19
,,,,Simulation,0.0,0.0,0.18,0.01,0.19
,,,,Sports,0.0,0.07,0.1,0.01,0.19
,,,,Strategy,0.19,0.0,0.0,0.0,0.19
,,,,Sports,0.18,0.0,0.0,0.01,0.19
,,,,Action,0.0,0.04,0.14,0.01,0.19
,,,,Racing,0.0,0.0,0.18,0.01,0.19
,,,,Role-Playing,0.19,0.0,0.0,0.0,0.19
,,,,Puzzle,0.19,0.0,0.0,0.0,0.19
,,,,Action,0.02,0.01,0.15,0.01,0.19
,,,,Misc,0.19,0.0,0.0,0.0,0.19
,,,,Action,0.0,0.0,0.11,0.08,0.19
,,,,Adventure,0.0,0.05,0.11,0.02,0.19
,,,,Sports,0.0,0.07,0.1,0.01,0.19
,,,,Role-Playing,0.0,0.08,0.09,0.02,0.19
,,,,Action,0.0,0.01,0.17,0.01,0.19
,,,,Sports,0.0,0.16,0.0,0.02,0.19
,,,,Sports,0.19,0.0,0.0,0.0,0.19
,,,,Puzzle,0.0,0.07,0.1,0.02,0.19
,,,,Action,0.0,0.01,0.16,0.01,0.19
,,,,Misc,0.19,0.0,0.0,0.0,0.19
,,,,Action,0.0,0.07,0.09,0.02,0.19
,,,,Simulation,0.19,0.0,0.0,0.0,0.19
,,,,Racing,0.0,0.15,0.0,0.04,0.19
,,,,Misc,0.19,0.0,0.0,0.0,0.19
,,,,Strategy,0.19,0.0,0.0,0.0,0.19
,,,,Adventure,0.0,0.16,0.0,0.02,0.19
,,,,Action,0.0,0.0,0.17,0.01,0.19
,,,,Misc,0.0,0.17,0.0,0.02,0.19
,,,,Adventure,0.19,0.0,0.0,0.0,0.19
,,,,Adventure,0.0,0.05,0.12,0.02,0.19
,,,,Misc,0.0,0.16,0.0,0.03,0.19
,,,,Sports,0.0,0.0,0.18,0.01,0.19
,,,,Action,0.19,0.0,0.0,0.0,0.19
,,,,Adventure,0.11,0.0,0.07,0.01,0.19
,,,,Sports,0.0,0.0,0.18,0.01,0.19
,,,,Platform,0.0,0.05,0.13,0.0,0.19
,,,,Shooter,0.03,0.05,0.1,0.01,0.19
,,,,Misc,0.19,0.0,0.0,0.0,0.19
,,,,Simulation,0.0,0.03,0.14,0.02,0.19
,,,,Simulation,0.0,0.07,0.1,0.01,0.19
,,,,Action,0.0,0.0,0.17,0.01,0.19
,,,,Shooter,0.0,0.13,0.02,0.03,0.19
,,,,Sports,0.19,0.0,0.0,0.0,0.19
,,,,Misc,0.19,0.0,0.0,0.0,0.19
,,,,Misc,0.19,0.0,0.0,0.0,0.19
,,,,Adventure,0.0,0.05,0.13,0.0,0.19
,,,,Sports,0.0,0.07,0.1,0.02,0.19
,,,,Action,0.19,0.0,0.0,0.0,0.19
,,,,Action,0.0,0.05,0.13,0.0,0.19
,,,,Platform,0.0,0.07,0.1,0.01,0.19
,,,,Sports,0.06,0.0,0.12,0.01,0.19
,,,,Sports,0.0,0.07,0.09,0.02,0.19
,,,,Simulation,0.0,0.0,0.18,0.01,0.19
,,,,Strategy,0.0,0.07,0.09,0.02,0.19
,,,,Strategy,0.19,0.0,0.0,0.0,0.19
,,,,Shooter,0.0,0.07,0.09,0.02,0.19
,,,,Action,0.0,0.05,0.13,0.0,0.19
,,,,Racing,0.0,0.11,0.05,0.02,0.19
,,,,Racing,0.03,0.03,0.12,0.01,0.19
,,,,Action,0.0,0.07,0.09,0.02,0.19
,,,,Fighting,0.0,0.02,0.15,0.01,0.19
,,,,Action,0.19,0.0,0.0,0.0,0.19
,,,,Action,0.19,0.0,0.0,0.0,0.19
,,,,Action,0.0,0.04,0.14,0.01,0.19
,,,,Shooter,0.0,0.0,0.17,0.02,0.19
,,,,Sports,0.19,0.0,0.0,0.0,0.19
,,,,Sports,0.0,0.04,0.14,0.01,0.19
,,,,Misc,0.0,0.03,0.15,0.0,0.19
,,,,Role-Playing,0.19,0.0,0.0,0.0,0.19
,,,,Role-Playing,0.0,0.03,0.16,0.0,0.19
,,,,Fighting,0.01,0.07,0.09,0.01,0.19
,,,,Racing,0.0,0.0,0.17,0.01,0.19
,,,,Action,0.0,0.0,0.17,0.01,0.19
,,,,Role-Playing,0.0,0.07,0.09,0.02,0.19
,,,,Role-Playing,0.19,0.0,0.0,0.0,0.19
,,,,Racing,0.0,0.07,0.1,0.02,0.19
,,,,Action,0.11,0.0,0.07,0.01,0.19
,,,,Sports,0.0,0.05,0.13,0.01,0.19
,,,,Shooter,0.0,0.02,0.14,0.01,0.19
,,,,Misc,0.0,0.04,0.14,0.01,0.19
,,,,Adventure,0.0,0.0,0.17,0.01,0.19
,,,,Role-Playing,0.0,0.07,0.09,0.02,0.19
,,,,Sports,0.0,0.03,0.14,0.01,0.19
,,,,Sports,0.0,0.0,0.17,0.01,0.19
,,,,Fighting,0.0,0.04,0.12,0.03,0.19
,,,,Action,0.0,0.07,0.1,0.01,0.19
,,,,Role-Playing,0.19,0.0,0.0,0.0,0.19
,,,,Simulation,0.0,0.09,0.06,0.03,0.19
,,,,Action,0.0,0.11,0.04,0.03,0.18
,,,,Sports,0.0,0.0,0.17,0.01,0.18
,,,,Fighting,0.0,0.07,0.09,0.02,0.18
,,,,Adventure,0.0,0.11,0.06,0.02,0.18
,,,,Shooter,0.0,0.06,0.1,0.02,0.18
,,,,Simulation,0.0,0.0,0.17,0.01,0.18
,,,,Sports,0.0,0.09,0.08,0.02,0.18
,,,,Simulation,0.0,0.07,0.09,0.02,0.18
,,,,Sports,0.0,0.05,0.13,0.0,0.18
,,,,Action,0.0,0.04,0.13,0.01,0.18
,,,,Simulation,0.0,0.0,0.17,0.01,0.18
,,,,Role-Playing,0.0,0.07,0.09,0.02,0.18
,,,,Shooter,0.0,0.04,0.14,0.01,0.18
,,,,Racing,0.0,0.11,0.04,0.04,0.18
,,,,Action,0.0,0.04,0.14,0.01,0.18
,,,,Sports,0.0,0.0,0.17,0.02,0.18
,,,,Action,0.0,0.07,0.09,0.02,0.18
,,,,Role-Playing,0.07,0.02,0.08,0.02,0.18
,,,,Misc,0.0,0.01,0.16,0.01,0.18
,,,,Sports,0.0,0.07,0.1,0.01,0.18
,,,,Action,0.0,0.0,0.17,0.01,0.18
,,,,Adventure,0.01,0.0,0.14,0.03,0.18
,,,,Platform,0.0,0.04,0.14,0.01,0.18
,,,,Fighting,0.18,0.0,0.0,0.0,0.18
,,,,Racing,0.11,0.03,0.04,0.01,0.18
,,,,Adventure,0.0,0.07,0.09,0.02,0.18
,,,,Action,0.0,0.02,0.15,0.01,0.18
,,,,Shooter,0.0,0.04,0.14,0.01,0.18
,,,,Action,0.05,0.02,0.11,0.01,0.18
,,,,Action,0.03,0.07,0.06,0.02,0.18
,,,,Strategy,0.18,0.0,0.0,0.0,0.18
,,,,Shooter,0.0,0.1,0.07,0.01,0.18
,,,,Sports,0.18,0.0,0.0,0.0,0.18
,,,,Role-Playing,0.11,0.03,0.04,0.01,0.18
,,,,Platform,0.0,0.06,0.11,0.02,0.18
,,,,Misc,0.0,0.11,0.05,0.02,0.18
,,,,Action,0.0,0.07,0.1,0.01,0.18
,,,,Shooter,0.0,0.14,0.01,0.04,0.18
,,,,Adventure,0.0,0.05,0.13,0.0,0.18
,,,,Action,0.0,0.0,0.17,0.01,0.18
,,,,Action,0.0,0.01,0.16,0.02,0.18
,,,,Strategy,0.18,0.0,0.0,0.0,0.18
,,,,Misc,0.0,0.07,0.09,0.02,0.18
,,,,Adventure,0.0,0.08,0.09,0.02,0.18
,,,,Strategy,0.0,0.15,0.0,0.04,0.18
,,,,Misc,0.0,0.09,0.08,0.01,0.18
,,,,Role-Playing,0.0,0.04,0.14,0.01,0.18
,,,,Shooter,0.0,0.04,0.14,0.01,0.18
,,,,Simulation,0.02,0.0,0.15,0.01,0.18
,,,,Misc,0.0,0.04,0.14,0.01,0.18
,,,,Action,0.0,0.07,0.1,0.01,0.18
,,,,Action,0.0,0.04,0.12,0.02,0.18
,,,,Action,0.0,0.07,0.1,0.02,0.18
,,,,Sports,0.18,0.0,0.0,0.0,0.18
,,,,Role-Playing,0.18,0.0,0.0,0.0,0.18
,,,,Platform,0.17,0.0,0.0,0.01,0.18
,,,,Shooter,0.0,0.07,0.09,0.02,0.18
,,,,Action,0.0,0.09,0.07,0.02,0.18
,,,,Misc,0.0,0.05,0.13,0.0,0.18
,,,,Sports,0.0,0.0,0.0,0.18,0.18
,,,,Racing,0.0,0.1,0.05,0.03,0.18
,,,,Strategy,0.05,0.01,0.11,0.01,0.18
,,,,Misc,0.18,0.0,0.0,0.0,0.18
,,,,Misc,0.01,0.06,0.09,0.02,0.18
,,,,Action,0.0,0.0,0.13,0.05,0.18
,,,,Misc,0.18,0.0,0.0,0.0,0.18
,,,,Misc,0.0,0.02,0.15,0.01,0.18
,,,,Action,0.01,0.08,0.07,0.01,0.18
,,,,Fighting,0.0,0.04,0.14,0.0,0.18
,,,,Action,0.0,0.0,0.17,0.01,0.18
,,,,Misc,0.0,0.16,0.0,0.02,0.18
,,,,Sports,0.13,0.01,0.04,0.0,0.18
,,,,Action,0.0,0.01,0.16,0.01,0.18
,,,,Simulation,0.0,0.04,0.13,0.01,0.18
,,,,Misc,0.0,0.16,0.0,0.02,0.18
,,,,Role-Playing,0.03,0.06,0.07,0.02,0.18
,,,,Puzzle,0.0,0.12,0.05,0.02,0.18
,,,,Sports,0.0,0.04,0.14,0.0,0.18
,,,,Role-Playing,0.05,0.03,0.07,0.03,0.18
,,,,Action,0.0,0.06,0.11,0.02,0.18
,,,,Fighting,0.18,0.0,0.0,0.0,0.18
,,,,Misc,0.0,0.05,0.13,0.0,0.18
,,,,Role-Playing,0.18,0.0,0.0,0.0,0.18
,,,,Misc,0.0,0.0,0.17,0.01,0.18
,,,,Racing,0.0,0.03,0.15,0.01,0.18
,,,,Fighting,0.07,0.0,0.09,0.02,0.18
,,,,Sports,0.18,0.0,0.0,0.0,0.18
,,,,Platform,0.0,0.06,0.1,0.02,0.18
,,,,Fighting,0.07,0.0,0.08,0.03,0.18
,,,,Strategy,0.18,0.0,0.0,0.0,0.18
,,,,Sports,0.0,0.0,0.17,0.01,0.18
,,,,Role-Playing,0.07,0.03,0.06,0.02,0.18
,,,,Shooter,0.0,0.04,0.14,0.01,0.18
,,,,Misc,0.0,0.07,0.1,0.01,0.18
,,,,Action,0.0,0.0,0.16,0.01,0.18
,,,,Role-Playing,0.0,0.07,0.09,0.02,0.18
,,,,Racing,0.0,0.07,0.09,0.02,0.18
,,,,Adventure,0.17,0.0,0.0,0.01,0.18
,,,,Sports,0.0,0.14,0.0,0.04,0.18
,,,,Action,0.0,0.12,0.04,0.02,0.18
,,,,Sports,0.0,0.04,0.13,0.01,0.18
,,,,Simulation,0.0,0.04,0.13,0.01,0.18
,,,,Misc,0.0,0.04,0.14,0.0,0.18
,,,,Racing,0.0,0.04,0.14,0.0,0.18
,,,,Shooter,0.18,0.0,0.0,0.0,0.18
,,,,Role-Playing,0.07,0.0,0.09,0.02,0.18
,,,,Action,0.0,0.04,0.14,0.0,0.18
,,,,Simulation,0.18,0.0,0.0,0.0,0.18
,,,,Misc,0.0,0.04,0.12,0.02,0.18
,,,,Platform,0.0,0.04,0.13,0.01,0.18
,,,,Racing,0.0,0.1,0.05,0.03,0.18
,,,,Racing,0.0,0.02,0.15,0.01,0.18
,,,,Adventure,0.0,0.15,0.01,0.02,0.18
,,,,Adventure,0.0,0.05,0.13,0.0,0.18
,,,,Racing,0.0,0.02,0.14,0.02,0.18
,,,,Sports,0.18,0.0,0.0,0.0,0.18
,,,,Puzzle,0.0,0.07,0.09,0.02,0.18
,,,,Action,0.0,0.04,0.13,0.01,0.18
,,,,Shooter,0.0,0.06,0.1,0.02,0.18
,,,,Action,0.0,0.03,0.14,0.01,0.18
,,,,Shooter,0.0,0.08,0.07,0.03,0.18
,,,,Role-Playing,0.0,0.08,0.08,0.02,0.18
,,,,Misc,0.18,0.0,0.0,0.0,0.18
,,,,Shooter,0.0,0.04,0.14,0.0,0.18
,,,,Racing,0.0,0.0,0.17,0.01,0.18
,,,,Action,0.0,0.04,0.13,0.01,0.18
,,,,Misc,0.0,0.16,0.0,0.02,0.18
,,,,Sports,0.0,0.0,0.17,0.01,0.18
,,,,Racing,0.18,0.0,0.0,0.0,0.18
,,,,Action,0.0,0.07,0.1,0.02,0.18
,,,,Action,0.0,0.07,0.1,0.01,0.18
,,,,Shooter,0.0,0.1,0.05,0.03,0.18
,,,,Sports,0.0,0.05,0.13,0.0,0.18
,,,,Action,0.0,0.06,0.1,0.02,0.18
,,,,Shooter,0.0,0.09,0.06,0.03,0.18
,,,,Misc,0.0,0.05,0.13,0.0,0.18
,,,,Racing,0.0,0.07,0.09,0.02,0.18
,,,,Action,0.02,0.04,0.11,0.01,0.18
,,,,Sports,0.0,0.13,0.04,0.01,0.18
,,,,Action,0.0,0.04,0.14,0.01,0.18
,,,,Shooter,0.0,0.0,0.17,0.01,0.18
,,,,Strategy,0.0,0.07,0.09,0.02,0.18
,,,,Shooter,0.0,0.1,0.06,0.01,0.18
,,,,Misc,0.0,0.0,0.17,0.01,0.18
,,,,Sports,0.1,0.02,0.05,0.01,0.18
,,,,Adventure,0.0,0.08,0.08,0.02,0.18
,,,,Sports,0.0,0.04,0.14,0.0,0.18
,,,,Action,0.02,0.03,0.1,0.03,0.18
,,,,Racing,0.0,0.09,0.06,0.02,0.18
,,,,Misc,0.0,0.07,0.1,0.01,0.18
,,,,Action,0.18,0.0,0.0,0.0,0.18
,,,,Action,0.0,0.07,0.09,0.02,0.18
,,,,Action,0.0,0.0,0.16,0.01,0.18
,,,,Platform,0.0,0.04,0.14,0.0,0.18
,,,,Puzzle,0.0,0.0,0.17,0.01,0.18
,,,,Sports,0.0,0.07,0.1,0.01,0.18
,,,,Sports,0.0,0.07,0.09,0.02,0.18
,,,,Shooter,0.01,0.02,0.14,0.01,0.18
,,,,Action,0.0,0.07,0.1,0.01,0.18
,,,,Action,0.18,0.0,0.0,0.0,0.18
,,,,Misc,0.0,0.07,0.09,0.02,0.18
,,,,Action,0.0,0.07,0.1,0.01,0.18
,,,,Role-Playing,0.08,0.04,0.04,0.02,0.18
,,,,Adventure,0.0,0.04,0.14,0.0,0.18
,,,,Simulation,0.08,0.04,0.05,0.01,0.18
,,,,Action,0.0,0.04,0.09,0.05,0.18
,,,,Misc,0.0,0.05,0.13,0.0,0.18
,,,,Sports,0.0,0.0,0.16,0.01,0.18
,,,,Sports,0.1,0.03,0.04,0.01,0.18
,,,,Sports,0.0,0.02,0.14,0.01,0.18
,,,,Strategy,0.18,0.0,0.0,0.0,0.18
,,,,Shooter,0.04,0.0,0.13,0.01,0.18
,,,,Strategy,0.18,0.0,0.0,0.0,0.18
,,,,Racing,0.0,0.04,0.13,0.01,0.18
,,,,Platform,0.0,0.05,0.13,0.0,0.18
,,,,Sports,0.0,0.05,0.13,0.0,0.18
,,,,Role-Playing,0.18,0.0,0.0,0.0,0.18
,,,,Simulation,0.18,0.0,0.0,0.0,0.18
,,,,Action,0.18,0.0,0.0,0.0,0.18
,,,,Racing,0.0,0.07,0.09,0.02,0.18
,,,,Racing,0.0,0.09,0.06,0.02,0.18
,,,,Fighting,0.0,0.07,0.09,0.02,0.18
,,,,Sports,0.0,0.0,0.17,0.01,0.18
,,,,Sports,0.0,0.07,0.09,0.02,0.18
,,,,Action,0.0,0.05,0.11,0.01,0.18
,,,,Action,0.0,0.04,0.12,0.01,0.18
,,,,Platform,0.0,0.0,0.16,0.01,0.18
,,,,Sports,0.0,0.05,0.13,0.0,0.18
,,,,Adventure,0.0,0.0,0.16,0.01,0.18
,,,,Sports,0.0,0.0,0.17,0.01,0.18
,,,,Shooter,0.0,0.13,0.02,0.03,0.18
,,,,Sports,0.0,0.07,0.1,0.01,0.18
,,,,Adventure,0.0,0.07,0.1,0.01,0.18
,,,,Sports,0.0,0.0,0.16,0.01,0.18
,,,,Sports,0.0,0.13,0.03,0.01,0.18
,,,,Adventure,0.0,0.0,0.17,0.01,0.18
,,,,Sports,0.0,0.05,0.13,0.0,0.18
,,,,Sports,0.0,0.04,0.13,0.01,0.18
,,,,Platform,0.0,0.05,0.13,0.0,0.18
,,,,Role-Playing,0.18,0.0,0.0,0.0,0.18
,,,,Sports,0.18,0.0,0.0,0.0,0.18
,,,,Sports,0.0,0.04,0.13,0.01,0.18
,,,,Misc,0.0,0.04,0.13,0.01,0.18
,,,,Misc,0.0,0.0,0.16,0.01,0.18
,,,,Action,0.0,0.03,0.12,0.02,0.18
,,,,Sports,0.0,0.04,0.13,0.01,0.18
,,,,Misc,0.0,0.02,0.15,0.01,0.18
,,,,Misc,0.0,0.02,0.14,0.01,0.18
,,,,Sports,0.0,0.07,0.09,0.02,0.18
,,,,Fighting,0.01,0.02,0.13,0.01,0.18
,,,,Misc,0.07,0.02,0.07,0.02,0.17
,,,,Action,0.0,0.07,0.09,0.02,0.17
,,,,Misc,0.0,0.04,0.11,0.02,0.17
,,,,Sports,0.0,0.16,0.0,0.02,0.17
,,,,Sports,0.0,0.07,0.09,0.02,0.17
,,,,Adventure,0.0,0.0,0.16,0.01,0.17
,,,,Shooter,0.0,0.07,0.09,0.02,0.17
,,,,Strategy,0.0,0.02,0.13,0.02,0.17
,,,,Misc,0.08,0.08,0.0,0.01,0.17
,,,,Sports,0.17,0.0,0.0,0.0,0.17
,,,,Action,0.0,0.05,0.09,0.03,0.17
,,,,Adventure,0.0,0.14,0.0,0.04,0.17
,,,,Adventure,0.0,0.09,0.07,0.02,0.17
,,,,Adventure,0.0,0.07,0.1,0.01,0.17
,,,,Racing,0.0,0.1,0.04,0.04,0.17
,,,,Sports,0.17,0.0,0.0,0.0,0.17
,,,,Sports,0.0,0.07,0.09,0.02,0.17
,,,,Action,0.0,0.05,0.13,0.0,0.17
,,,,Action,0.06,0.02,0.07,0.03,0.17
,,,,Sports,0.0,0.05,0.12,0.0,0.17
,,,,Action,0.0,0.04,0.11,0.02,0.17
,,,,Sports,0.0,0.07,0.09,0.02,0.17
,,,,Platform,0.0,0.03,0.13,0.0,0.17
,,,,Adventure,0.0,0.07,0.09,0.02,0.17
,,,,Platform,0.0,0.03,0.13,0.0,0.17
,,,,Action,0.0,0.02,0.14,0.02,0.17
,,,,Adventure,0.0,0.04,0.1,0.03,0.17
,,,,Misc,0.0,0.05,0.11,0.02,0.17
,,,,Sports,0.0,0.0,0.16,0.01,0.17
,,,,Fighting,0.0,0.07,0.1,0.01,0.17
,,,,Adventure,0.06,0.02,0.09,0.01,0.17
,,,,Misc,0.0,0.05,0.12,0.0,0.17
,,,,Shooter,0.17,0.0,0.0,0.0,0.17
,,,,Sports,0.0,0.0,0.16,0.01,0.17
,,,,Sports,0.0,0.03,0.13,0.0,0.17
,,,,Sports,0.0,0.0,0.16,0.01,0.17
,,,,Role-Playing,0.17,0.0,0.0,0.0,0.17
,,,,Sports,0.0,0.07,0.08,0.02,0.17
,,,,Action,0.01,0.07,0.07,0.03,0.17
,,,,Strategy,0.17,0.0,0.0,0.0,0.17
,,,,Action,0.0,0.03,0.13,0.0,0.17
,,,,Sports,0.0,0.04,0.13,0.01,0.17
,,,,Fighting,0.16,0.0,0.0,0.01,0.17
,,,,Role-Playing,0.0,0.08,0.08,0.02,0.17
,,,,Sports,0.0,0.0,0.16,0.01,0.17
,,,,Action,0.0,0.07,0.1,0.01,0.17
,,,,Sports,0.0,0.0,0.16,0.01,0.17
,,,,Simulation,0.0,0.0,0.16,0.01,0.17
,,,,Action,0.17,0.0,0.0,0.0,0.17
,,,,Sports,0.0,0.07,0.08,0.02,0.17
,,,,Fighting,0.0,0.03,0.13,0.02,0.17
,,,,Puzzle,0.0,0.0,0.16,0.01,0.17
,,,,Sports,0.0,0.0,0.16,0.01,0.17
,,,,Action,0.17,0.0,0.0,0.0,0.17
,,,,Platform,0.0,0.03,0.13,0.0,0.17
,,,,Role-Playing,0.0,0.08,0.07,0.02,0.17
,,,,Sports,0.0,0.01,0.15,0.01,0.17
,,,,Action,0.0,0.01,0.16,0.01,0.17
,,,,Action,0.0,0.03,0.13,0.0,0.17
,,,,Shooter,0.0,0.04,0.13,0.01,0.17
,,,,Platform,0.0,0.06,0.08,0.03,0.17
,,,,Action,0.17,0.0,0.0,0.0,0.17
,,,,Action,0.0,0.07,0.08,0.02,0.17
,,,,Sports,0.0,0.05,0.12,0.0,0.17
,,,,Shooter,0.0,0.07,0.08,0.02,0.17
,,,,Misc,0.0,0.04,0.13,0.01,0.17
,,,,Action,0.0,0.07,0.08,0.02,0.17
,,,,Fighting,0.0,0.03,0.13,0.0,0.17
,,,,Puzzle,0.0,0.03,0.13,0.01,0.17
,,,,Platform,0.0,0.07,0.1,0.01,0.17
,,,,Sports,0.17,0.0,0.0,0.0,0.17
,,,,Fighting,0.17,0.0,0.0,0.0,0.17
,,,,Action,0.17,0.0,0.0,0.0,0.17
,,,,Adventure,0.0,0.0,0.16,0.01,0.17
,,,,Action,0.04,0.04,0.06,0.03,0.17
,,,,Strategy,0.16,0.0,0.0,0.01,0.17
,,,,Adventure,0.16,0.0,0.0,0.01,0.17
,,,,Shooter,0.0,0.01,0.15,0.01,0.17
,,,,Shooter,0.0,0.04,0.13,0.01,0.17
,,,,Shooter,0.0,0.04,0.13,0.01,0.17
,,,,Platform,0.0,0.08,0.05,0.04,0.17
,,,,Racing,0.0,0.07,0.08,0.02,0.17
,,,,Strategy,0.0,0.07,0.08,0.02,0.17
,,,,Misc,0.0,0.05,0.12,0.0,0.17
,,,,Action,0.0,0.0,0.16,0.01,0.17
,,,,Sports,0.0,0.07,0.08,0.02,0.17
,,,,Action,0.0,0.07,0.08,0.02,0.17
,,,,Role-Playing,0.14,0.0,0.03,0.0,0.17
,,,,Strategy,0.0,0.12,0.01,0.03,0.17
,,,,Action,0.0,0.04,0.12,0.01,0.17
,,,,Sports,0.0,0.07,0.08,0.02,0.17
,,,,Action,0.16,0.0,0.0,0.01,0.17
,,,,Action,0.0,0.04,0.1,0.02,0.17
,,,,Sports,0.0,0.01,0.15,0.01,0.17
,,,,Action,0.04,0.07,0.06,0.01,0.17
,,,,Fighting,0.16,0.0,0.0,0.01,0.17
,,,,Action,0.0,0.07,0.08,0.02,0.17
,,,,Role-Playing,0.17,0.0,0.0,0.0,0.17
,,,,Role-Playing,0.17,0.0,0.0,0.0,0.17
,,,,Misc,0.0,0.0,0.16,0.01,0.17
,,,,Strategy,0.17,0.0,0.0,0.0,0.17
,,,,Platform,0.0,0.03,0.13,0.0,0.17
,,,,Platform,0.0,0.05,0.12,0.0,0.17
,,,,Action,0.17,0.0,0.0,0.0,0.17
,,,,Sports,0.0,0.0,0.16,0.01,0.17
,,,,Sports,0.0,0.0,0.16,0.01,0.17
,,,,Action,0.0,0.07,0.07,0.03,0.17
,,,,Sports,0.0,0.0,0.16,0.01,0.17
,,,,Action,0.0,0.04,0.13,0.01,0.17
,,,,Role-Playing,0.0,0.12,0.03,0.01,0.17
,,,,Sports,0.0,0.02,0.13,0.02,0.17
,,,,Action,0.14,0.03,0.0,0.0,0.17
,,,,Racing,0.17,0.0,0.0,0.0,0.17
,,,,Fighting,0.07,0.04,0.05,0.01,0.17
,,,,Action,0.0,0.0,0.16,0.01,0.17
,,,,Sports,0.0,0.0,0.16,0.01,0.17
,,,,Puzzle,0.0,0.12,0.04,0.02,0.17
,,,,Action,0.0,0.04,0.13,0.01,0.17
,,,,Misc,0.0,0.15,0.0,0.02,0.17
,,,,Sports,0.0,0.0,0.16,0.01,0.17
,,,,Action,0.0,0.03,0.13,0.01,0.17
,,,,Action,0.0,0.05,0.12,0.0,0.17
,,,,Action,0.0,0.07,0.09,0.02,0.17
,,,,Platform,0.0,0.06,0.09,0.01,0.17
,,,,Misc,0.0,0.05,0.12,0.0,0.17
,,,,Puzzle,0.0,0.0,0.16,0.01,0.17
,,,,Misc,0.0,0.0,0.16,0.01,0.17
,,,,Action,0.0,0.02,0.14,0.01,0.17
,,,,Action,0.0,0.07,0.08,0.02,0.17
,,,,Racing,0.0,0.09,0.07,0.02,0.17
,,,,Misc,0.17,0.0,0.0,0.0,0.17
,,,,Racing,0.0,0.03,0.14,0.0,0.17
,,,,Adventure,0.11,0.01,0.05,0.0,0.17
,,,,Shooter,0.0,0.05,0.12,0.0,0.17
,,,,Action,0.0,0.04,0.13,0.01,0.17
,,,,Misc,0.0,0.05,0.12,0.0,0.17
,,,,Simulation,0.0,0.01,0.14,0.01,0.17
,,,,Misc,0.0,0.05,0.12,0.0,0.17
,,,,Role-Playing,0.06,0.03,0.06,0.02,0.17
,,,,Sports,0.0,0.06,0.08,0.02,0.17
,,,,Action,0.17,0.0,0.0,0.0,0.17
,,,,Misc,0.0,0.06,0.08,0.02,0.17
,,,,Adventure,0.17,0.0,0.0,0.0,0.17
,,,,Action,0.0,0.04,0.12,0.0,0.17
,,,,Strategy,0.0,0.12,0.02,0.03,0.17
,,,,Sports,0.17,0.0,0.0,0.0,0.17
,,,,Role-Playing,0.12,0.02,0.02,0.01,0.17
,,,,Misc,0.0,0.0,0.16,0.01,0.17
,,,,Sports,0.0,0.04,0.1,0.03,0.17
,,,,Adventure,0.0,0.04,0.11,0.01,0.17
,,,,Misc,0.0,0.0,0.16,0.01,0.17
,,,,Role-Playing,0.17,0.0,0.0,0.0,0.17
,,,,Adventure,0.16,0.0,0.0,0.0,0.17
,,,,Action,0.0,0.0,0.16,0.01,0.17
,,,,Sports,0.06,0.04,0.05,0.01,0.17
,,,,Action,0.0,0.06,0.09,0.01,0.17
,,,,Puzzle,0.0,0.06,0.1,0.02,0.17
,,,,Misc,0.0,0.01,0.14,0.01,0.17
,,,,Action,0.0,0.06,0.08,0.02,0.17
,,,,Action,0.0,0.03,0.12,0.01,0.17
,,,,Action,0.0,0.0,0.16,0.01,0.17
,,,,Action,0.0,0.06,0.08,0.02,0.17
,,,,Misc,0.0,0.04,0.12,0.0,0.17
,,,,Simulation,0.0,0.07,0.08,0.02,0.17
,,,,Misc,0.03,0.02,0.11,0.01,0.17
,,,,Shooter,0.17,0.0,0.0,0.0,0.17
,,,,Shooter,0.0,0.06,0.08,0.02,0.17
,,,,Action,0.0,0.06,0.09,0.01,0.17
,,,,Action,0.09,0.03,0.04,0.01,0.17
,,,,Action,0.0,0.06,0.09,0.01,0.17
,,,,Fighting,0.17,0.0,0.0,0.0,0.17
,,,,Racing,0.03,0.12,0.0,0.02,0.17
,,,,Sports,0.0,0.03,0.13,0.0,0.17
,,,,Racing,0.0,0.0,0.15,0.01,0.17
,,,,Action,0.0,0.05,0.11,0.01,0.17
,,,,Shooter,0.0,0.04,0.12,0.0,0.17
,,,,Fighting,0.17,0.0,0.0,0.0,0.17
,,,,Platform,0.0,0.03,0.13,0.0,0.17
,,,,Role-Playing,0.16,0.0,0.0,0.01,0.17
,,,,Sports,0.0,0.06,0.08,0.02,0.17
,,,,Shooter,0.0,0.04,0.13,0.01,0.17
,,,,Racing,0.0,0.06,0.09,0.01,0.17
,,,,Sports,0.0,0.06,0.09,0.01,0.17
,,,,Misc,0.0,0.03,0.13,0.01,0.17
,,,,Action,0.0,0.04,0.13,0.01,0.17
,,,,Role-Playing,0.17,0.0,0.0,0.0,0.17
,,,,Racing,0.0,0.06,0.09,0.01,0.17
,,,,Action,0.0,0.01,0.15,0.01,0.17
,,,,Sports,0.02,0.06,0.07,0.02,0.17
,,,,Misc,0.0,0.06,0.08,0.02,0.17
,,,,Fighting,0.12,0.02,0.02,0.0,0.17
,,,,Adventure,0.12,0.01,0.02,0.01,0.17
,,,,Action,0.0,0.06,0.09,0.01,0.17
,,,,Sports,0.0,0.0,0.15,0.01,0.17
,,,,Sports,0.17,0.0,0.0,0.0,0.17
,,,,Platform,0.0,0.03,0.13,0.0,0.17
,,,,Misc,0.0,0.16,0.0,0.01,0.17
,,,,Racing,0.0,0.01,0.14,0.02,0.17
,,,,Platform,0.17,0.0,0.0,0.0,0.17
,,,,Role-Playing,0.17,0.0,0.0,0.0,0.17
,,,,Simulation,0.0,0.07,0.08,0.02,0.17
,,,,Misc,0.16,0.0,0.0,0.01,0.17
,,,,Racing,0.0,0.06,0.08,0.02,0.17
,,,,Role-Playing,0.05,0.04,0.06,0.02,0.17
,,,,Action,0.0,0.02,0.13,0.02,0.17
,,,,Fighting,0.0,0.04,0.13,0.01,0.17
,,,,Puzzle,0.05,0.01,0.1,0.01,0.17
,,,,Action,0.0,0.04,0.13,0.01,0.17
,,,,Action,0.02,0.07,0.05,0.02,0.17
,,,,Role-Playing,0.17,0.0,0.0,0.0,0.17
,,,,Role-Playing,0.04,0.02,0.1,0.0,0.17
,,,,Racing,0.0,0.13,0.0,0.04,0.17
,,,,Sports,0.0,0.03,0.13,0.01,0.17
,,,,Racing,0.0,0.04,0.12,0.0,0.17
,,,,Shooter,0.0,0.04,0.12,0.0,0.17
,,,,Strategy,0.17,0.0,0.0,0.0,0.17
,,,,Misc,0.0,0.0,0.16,0.01,0.17
,,,,Adventure,0.0,0.01,0.15,0.01,0.17
,,,,Sports,0.17,0.0,0.0,0.0,0.17
,,,,Misc,0.0,0.11,0.04,0.02,0.17
,,,,Fighting,0.17,0.0,0.0,0.0,0.17
,,,,Role-Playing,0.17,0.0,0.0,0.0,0.17
,,,,Shooter,0.0,0.07,0.08,0.01,0.17
,,,,Shooter,0.0,0.04,0.12,0.01,0.17
,,,,Action,0.17,0.0,0.0,0.0,0.17
,,,,Sports,0.0,0.0,0.15,0.02,0.17
,,,,Action,0.0,0.01,0.15,0.01,0.17
,,,,Shooter,0.0,0.04,0.11,0.02,0.17
,,,,Misc,0.0,0.06,0.08,0.02,0.17
,,,,Misc,0.0,0.03,0.13,0.0,0.17
,,,,Adventure,0.0,0.04,0.12,0.01,0.17
,,,,Misc,0.0,0.04,0.12,0.0,0.17
,,,,Platform,0.03,0.02,0.11,0.01,0.17
,,,,Action,0.0,0.02,0.13,0.02,0.17
,,,,Sports,0.0,0.06,0.08,0.02,0.17
,,,,Action,0.0,0.01,0.14,0.01,0.17
,,,,Action,0.17,0.0,0.0,0.0,0.17
,,,,Role-Playing,0.0,0.07,0.08,0.02,0.17
,,,,Role-Playing,0.17,0.0,0.0,0.0,0.17
,,,,Simulation,0.0,0.04,0.12,0.01,0.17
,,,,Misc,0.17,0.0,0.0,0.0,0.17
,,,,Sports,0.17,0.0,0.0,0.0,0.17
,,,,Action,0.08,0.0,0.07,0.02,0.17
,,,,Sports,0.17,0.0,0.0,0.0,0.17
,,,,Adventure,0.15,0.0,0.01,0.0,0.17
,,,,Simulation,0.0,0.13,0.0,0.03,0.17
,,,,Action,0.02,0.02,0.11,0.01,0.17
,,,,Racing,0.0,0.04,0.12,0.01,0.17
,,,,Role-Playing,0.08,0.04,0.04,0.01,0.17
,,,,Sports,0.0,0.0,0.15,0.01,0.17
,,,,Action,0.0,0.01,0.14,0.02,0.17
,,,,Action,0.0,0.01,0.15,0.0,0.17
,,,,Action,0.0,0.01,0.15,0.0,0.17
,,,,Action,0.0,0.01,0.15,0.0,0.17
,,,,Shooter,0.16,0.0,0.0,0.0,0.17
,,,,Strategy,0.0,0.02,0.13,0.01,0.16
,,,,Role-Playing,0.06,0.03,0.05,0.02,0.16
,,,,Platform,0.0,0.06,0.08,0.02,0.16
,,,,Action,0.16,0.0,0.0,0.0,0.16
,,,,Strategy,0.0,0.02,0.13,0.01,0.16
,,,,Action,0.0,0.0,0.13,0.03,0.16
,,,,Role-Playing,0.16,0.0,0.0,0.0,0.16
,,,,Racing,0.0,0.06,0.08,0.02,0.16
,,,,Role-Playing,0.16,0.0,0.0,0.0,0.16
,,,,Racing,0.0,0.06,0.08,0.02,0.16
,,,,Puzzle,0.0,0.0,0.16,0.0,0.16
,,,,Racing,0.0,0.04,0.12,0.0,0.16
,,,,Role-Playing,0.06,0.04,0.05,0.02,0.16
,,,,Action,0.0,0.0,0.15,0.01,0.16
,,,,Adventure,0.0,0.01,0.14,0.01,0.16
,,,,Shooter,0.0,0.06,0.09,0.01,0.16
,,,,Sports,0.0,0.06,0.08,0.02,0.16
,,,,Role-Playing,0.0,0.02,0.13,0.02,0.16
,,,,Action,0.0,0.02,0.12,0.02,0.16
,,,,Racing,0.0,0.08,0.07,0.02,0.16
,,,,Misc,0.0,0.03,0.12,0.01,0.16
,,,,Shooter,0.0,0.06,0.08,0.02,0.16
,,,,Action,0.0,0.03,0.11,0.02,0.16
,,,,Role-Playing,0.03,0.0,0.12,0.01,0.16
,,,,Action,0.03,0.05,0.07,0.01,0.16
,,,,Sports,0.0,0.06,0.08,0.02,0.16
,,,,Action,0.0,0.04,0.11,0.01,0.16
,,,,Racing,0.03,0.05,0.06,0.02,0.16
,,,,Fighting,0.02,0.0,0.13,0.01,0.16
,,,,Fighting,0.16,0.0,0.0,0.0,0.16
,,,,Action,0.0,0.06,0.08,0.02,0.16
,,,,Action,0.0,0.14,0.0,0.02,0.16
,,,,Shooter,0.0,0.03,0.13,0.0,0.16
,,,,Sports,0.04,0.0,0.11,0.01,0.16
,,,,Platform,0.0,0.06,0.08,0.02,0.16
,,,,Misc,0.15,0.0,0.0,0.01,0.16
,,,,Simulation,0.0,0.04,0.12,0.0,0.16
,,,,Adventure,0.0,0.06,0.08,0.02,0.16
,,,,Action,0.11,0.03,0.02,0.01,0.16
,,,,Action,0.0,0.04,0.12,0.0,0.16
,,,,Racing,0.0,0.0,0.15,0.01,0.16
,,,,Action,0.0,0.01,0.14,0.01,0.16
,,,,Strategy,0.0,0.1,0.06,0.0,0.16
,,,,Action,0.0,0.04,0.11,0.01,0.16
,,,,Action,0.0,0.04,0.11,0.01,0.16
,,,,Simulation,0.0,0.06,0.08,0.02,0.16
,,,,Adventure,0.03,0.05,0.07,0.01,0.16
,,,,Action,0.0,0.0,0.15,0.01,0.16
,,,,Fighting,0.0,0.0,0.15,0.01,0.16
,,,,Adventure,0.16,0.0,0.0,0.0,0.16
,,,,Action,0.0,0.04,0.12,0.0,0.16
,,,,Role-Playing,0.16,0.0,0.0,0.0,0.16
,,,,Action,0.03,0.03,0.09,0.01,0.16
,,,,Role-Playing,0.0,0.06,0.09,0.01,0.16
,,,,Misc,0.0,0.01,0.13,0.02,0.16
,,,,Sports,0.0,0.04,0.12,0.0,0.16
,,,,Sports,0.15,0.0,0.0,0.01,0.16
,,,,Misc,0.0,0.03,0.13,0.0,0.16
,,,,Racing,0.0,0.03,0.13,0.0,0.16
,,,,Strategy,0.16,0.0,0.0,0.0,0.16
,,,,Sports,0.15,0.0,0.0,0.01,0.16
,,,,Racing,0.0,0.06,0.09,0.01,0.16
,,,,Strategy,0.0,0.03,0.12,0.01,0.16
,,,,Simulation,0.0,0.02,0.12,0.02,0.16
,,,,Misc,0.0,0.06,0.08,0.02,0.16
,,,,Sports,0.0,0.0,0.15,0.01,0.16
,,,,Sports,0.0,0.1,0.05,0.01,0.16
,,,,Action,0.03,0.04,0.07,0.02,0.16
,,,,Adventure,0.16,0.0,0.0,0.0,0.16
,,,,Role-Playing,0.16,0.0,0.0,0.0,0.16
,,,,Racing,0.0,0.03,0.12,0.0,0.16
,,,,Misc,0.0,0.03,0.11,0.01,0.16
,,,,Sports,0.0,0.0,0.15,0.01,0.16
,,,,Simulation,0.0,0.02,0.13,0.01,0.16
,,,,Racing,0.0,0.0,0.15,0.01,0.16
,,,,Shooter,0.0,0.03,0.12,0.01,0.16
,,,,Misc,0.0,0.06,0.08,0.02,0.16
,,,,Platform,0.0,0.06,0.08,0.02,0.16
,,,,Action,0.0,0.01,0.14,0.01,0.16
,,,,Puzzle,0.0,0.0,0.15,0.01,0.16
,,,,Misc,0.16,0.0,0.0,0.0,0.16
,,,,Adventure,0.0,0.06,0.08,0.02,0.16
,,,,Action,0.0,0.06,0.08,0.02,0.16
,,,,Action,0.0,0.02,0.12,0.02,0.16
,,,,Platform,0.01,0.0,0.14,0.01,0.16
,,,,Adventure,0.0,0.06,0.08,0.02,0.16
,,,,Strategy,0.16,0.0,0.0,0.0,0.16
,,,,Shooter,0.0,0.0,0.15,0.01,0.16
,,,,Action,0.0,0.03,0.12,0.01,0.16
,,,,Sports,0.0,0.06,0.08,0.02,0.16
,,,,Action,0.0,0.03,0.12,0.0,0.16
,,,,Sports,0.16,0.0,0.0,0.0,0.16
,,,,Adventure,0.0,0.06,0.09,0.01,0.16
,,,,Sports,0.0,0.0,0.15,0.01,0.16
,,,,Platform,0.0,0.03,0.12,0.0,0.16
,,,,Action,0.0,0.02,0.13,0.01,0.16
,,,,Strategy,0.0,0.0,0.15,0.01,0.16
,,,,Role-Playing,0.16,0.0,0.0,0.0,0.16
,,,,Sports,0.16,0.0,0.0,0.0,0.16
,,,,Shooter,0.0,0.06,0.08,0.02,0.16
,,,,Misc,0.0,0.0,0.15,0.01,0.16
,,,,Racing,0.0,0.04,0.12,0.0,0.16
,,,,Fighting,0.0,0.06,0.08,0.02,0.16
,,,,Sports,0.16,0.0,0.0,0.0,0.16
,,,,Fighting,0.0,0.01,0.14,0.01,0.16
,,,,Misc,0.0,0.06,0.08,0.02,0.16
,,,,Strategy,0.0,0.0,0.14,0.01,0.16
,,,,Action,0.0,0.03,0.12,0.0,0.16
,,,,Sports,0.0,0.0,0.15,0.01,0.16
,,,,Fighting,0.03,0.01,0.11,0.01,0.16
,,,,Adventure,0.0,0.14,0.0,0.02,0.16
,,,,Action,0.0,0.07,0.08,0.01,0.16
,,,,Sports,0.0,0.0,0.15,0.01,0.16
,,,,Strategy,0.0,0.0,0.15,0.01,0.16
,,,,Simulation,0.16,0.0,0.0,0.0,0.16
,,,,Sports,0.0,0.0,0.15,0.01,0.16
,,,,Action,0.16,0.0,0.0,0.0,0.16
,,,,Sports,0.0,0.05,0.09,0.02,0.16
,,,,Action,0.0,0.04,0.11,0.0,0.16
,,,,Sports,0.15,0.0,0.0,0.01,0.16
,,,,Fighting,0.0,0.03,0.13,0.0,0.16
,,,,Shooter,0.0,0.03,0.13,0.0,0.16
,,,,Action,0.0,0.03,0.13,0.0,0.16
,,,,Sports,0.12,0.0,0.0,0.04,0.16
,,,,Fighting,0.0,0.03,0.13,0.0,0.16
,,,,Racing,0.0,0.03,0.13,0.0,0.16
,,,,Shooter,0.0,0.03,0.13,0.0,0.16
,,,,Strategy,0.0,0.03,0.13,0.0,0.16
,,,,Racing,0.0,0.03,0.13,0.0,0.16
,,,,Action,0.0,0.03,0.13,0.0,0.16
,,,,Misc,0.0,0.03,0.13,0.0,0.16
,,,,Simulation,0.12,0.0,0.0,0.04,0.16
,,,,Role-Playing,0.03,0.0,0.12,0.01,0.16
,,,,Puzzle,0.0,0.15,0.0,0.01,0.16
,,,,Action,0.08,0.02,0.05,0.01,0.16
,,,,Misc,0.16,0.0,0.0,0.0,0.16
,,,,Simulation,0.03,0.03,0.08,0.02,0.16
,,,,Racing,0.0,0.15,0.0,0.01,0.16
,,,,Simulation,0.16,0.0,0.0,0.0,0.16
,,,,Fighting,0.0,0.06,0.08,0.02,0.16
,,,,Adventure,0.0,0.04,0.11,0.01,0.16
,,,,Role-Playing,0.16,0.0,0.0,0.0,0.16
,,,,Sports,0.0,0.03,0.12,0.01,0.16
,,,,Shooter,0.0,0.01,0.14,0.01,0.16
,,,,Sports,0.0,0.0,0.15,0.01,0.16
,,,,Simulation,0.0,0.0,0.15,0.01,0.16
,,,,Sports,0.0,0.06,0.08,0.03,0.16
,,,,Sports,0.0,0.01,0.14,0.01,0.16
,,,,Adventure,0.11,0.01,0.03,0.0,0.16
,,,,Simulation,0.02,0.1,0.0,0.04,0.16
,,,,Action,0.0,0.0,0.15,0.01,0.16
,,,,Action,0.02,0.05,0.06,0.03,0.16
,,,,Action,0.0,0.07,0.08,0.01,0.16
,,,,Adventure,0.0,0.06,0.08,0.02,0.16
,,,,Role-Playing,0.0,0.0,0.16,0.0,0.16
,,,,Shooter,0.0,0.07,0.07,0.02,0.16
,,,,Sports,0.16,0.0,0.0,0.0,0.16
,,,,Sports,0.0,0.05,0.1,0.01,0.16
,,,,Sports,0.0,0.0,0.15,0.01,0.16
,,,,Misc,0.0,0.0,0.15,0.01,0.16
,,,,Sports,0.0,0.02,0.13,0.01,0.16
,,,,Misc,0.0,0.01,0.14,0.01,0.16
,,,,Racing,0.0,0.06,0.08,0.02,0.16
,,,,Fighting,0.0,0.0,0.14,0.01,0.16
,,,,Sports,0.0,0.06,0.09,0.01,0.16
,,,,Action,0.0,0.0,0.15,0.01,0.16
,,,,Action,0.0,0.05,0.09,0.01,0.16
,,,,Sports,0.0,0.06,0.09,0.01,0.16
,,,,Action,0.0,0.0,0.15,0.01,0.16
,,,,Misc,0.0,0.02,0.13,0.01,0.16
,,,,Action,0.0,0.14,0.0,0.02,0.16
,,,,Fighting,0.09,0.0,0.05,0.01,0.16
,,,,Sports,0.15,0.0,0.0,0.01,0.16
,,,,Adventure,0.16,0.0,0.0,0.0,0.16
,,,,Misc,0.0,0.03,0.12,0.01,0.16
,,,,Strategy,0.02,0.02,0.11,0.01,0.16
,,,,Adventure,0.0,0.09,0.02,0.04,0.16
,,,,Racing,0.04,0.03,0.09,0.0,0.16
,,,,Fighting,0.16,0.0,0.0,0.0,0.16
,,,,Sports,0.0,0.03,0.11,0.02,0.16
,,,,Racing,0.0,0.04,0.11,0.0,0.16
,,,,Racing,0.15,0.0,0.0,0.01,0.16
,,,,Misc,0.0,0.01,0.14,0.01,0.16
,,,,Puzzle,0.15,0.0,0.0,0.0,0.16
,,,,Misc,0.0,0.01,0.14,0.01,0.16
,,,,Action,0.0,0.07,0.07,0.01,0.16
,,,,Adventure,0.0,0.0,0.15,0.01,0.16
,,,,Misc,0.0,0.04,0.1,0.01,0.16
,,,,Sports,0.0,0.0,0.15,0.01,0.16
,,,,Sports,0.16,0.0,0.0,0.0,0.16
,,,,Sports,0.0,0.0,0.15,0.01,0.16
,,,,Shooter,0.0,0.13,0.0,0.03,0.16
,,,,Misc,0.0,0.0,0.15,0.01,0.16
,,,,Misc,0.0,0.09,0.04,0.03,0.16
,,,,Action,0.0,0.04,0.11,0.0,0.16
,,,,Role-Playing,0.08,0.03,0.04,0.01,0.16
,,,,Adventure,0.16,0.0,0.0,0.0,0.16
,,,,Misc,0.15,0.0,0.0,0.01,0.16
,,,,Sports,0.0,0.0,0.15,0.01,0.16
,,,,Sports,0.0,0.06,0.09,0.01,0.16
,,,,Action,0.0,0.04,0.1,0.01,0.16
,,,,Fighting,0.13,0.01,0.01,0.01,0.16
,,,,Shooter,0.0,0.06,0.08,0.02,0.16
,,,,Puzzle,0.01,0.0,0.13,0.01,0.16
,,,,Misc,0.0,0.03,0.11,0.02,0.16
,,,,Adventure,0.0,0.0,0.14,0.01,0.16
,,,,Shooter,0.15,0.0,0.0,0.01,0.16
,,,,Strategy,0.16,0.0,0.0,0.0,0.16
,,,,Sports,0.0,0.03,0.12,0.0,0.16
,,,,Adventure,0.0,0.01,0.14,0.01,0.16
,,,,Strategy,0.0,0.04,0.11,0.01,0.16
,,,,Sports,0.0,0.0,0.15,0.01,0.16
,,,,Fighting,0.04,0.0,0.1,0.02,0.16
,,,,Misc,0.0,0.0,0.14,0.01,0.16
,,,,Misc,0.0,0.01,0.14,0.01,0.16
,,,,Role-Playing,0.12,0.0,0.03,0.0,0.16
,,,,Racing,0.0,0.13,0.0,0.03,0.16
,,,,Misc,0.16,0.0,0.0,0.0,0.16
,,,,Simulation,0.0,0.04,0.11,0.01,0.16
,,,,Action,0.0,0.0,0.15,0.01,0.16
,,,,Action,0.0,0.02,0.12,0.01,0.16
,,,,Racing,0.0,0.04,0.11,0.0,0.16
,,,,Shooter,0.0,0.03,0.12,0.01,0.16
,,,,Racing,0.0,0.06,0.09,0.01,0.16
,,,,Puzzle,0.03,0.02,0.1,0.01,0.16
,,,,Sports,0.0,0.03,0.12,0.0,0.16
,,,,Fighting,0.04,0.05,0.06,0.02,0.16
,,,,Sports,0.0,0.03,0.12,0.01,0.16
,,,,Sports,0.16,0.0,0.0,0.0,0.16
,,,,Shooter,0.0,0.0,0.14,0.01,0.16
,,,,Shooter,0.0,0.06,0.08,0.02,0.16
,,,,Adventure,0.0,0.06,0.08,0.01,0.16
,,,,Role-Playing,0.16,0.0,0.0,0.0,0.16
,,,,Puzzle,0.0,0.01,0.13,0.01,0.16
,,,,Misc,0.0,0.0,0.14,0.01,0.16
,,,,Role-Playing,0.16,0.0,0.0,0.0,0.16
,,,,Action,0.0,0.06,0.09,0.01,0.16
,,,,Action,0.0,0.1,0.03,0.03,0.16
,,,,Action,0.0,0.06,0.07,0.02,0.16
,,,,Misc,0.16,0.0,0.0,0.0,0.16
,,,,Action,0.0,0.0,0.14,0.01,0.16
,,,,Simulation,0.0,0.0,0.15,0.01,0.16
,,,,Misc,0.0,0.06,0.08,0.02,0.16
,,,,Action,0.16,0.0,0.0,0.0,0.16
,,,,Action,0.0,0.0,0.14,0.01,0.16
,,,,Action,0.06,0.02,0.07,0.01,0.16
,,,,Action,0.0,0.0,0.15,0.01,0.16
,,,,Action,0.0,0.04,0.11,0.0,0.16
,,,,Puzzle,0.0,0.01,0.13,0.01,0.16
,,,,Platform,0.0,0.07,0.06,0.02,0.16
,,,,Racing,0.0,0.06,0.09,0.01,0.16
,,,,Action,0.0,0.06,0.09,0.01,0.16
,,,,Sports,0.0,0.09,0.05,0.02,0.16
,,,,Action,0.0,0.01,0.14,0.01,0.16
,,,,Sports,0.0,0.04,0.11,0.0,0.16
,,,,Racing,0.0,0.06,0.09,0.01,0.15
,,,,Misc,0.12,0.01,0.02,0.01,0.15
,,,,Racing,0.0,0.06,0.09,0.01,0.15
,,,,Fighting,0.0,0.02,0.12,0.01,0.15
,,,,Simulation,0.0,0.0,0.15,0.01,0.15
,,,,Fighting,0.0,0.04,0.11,0.0,0.15
,,,,Racing,0.14,0.0,0.0,0.01,0.15
,,,,Sports,0.01,0.02,0.11,0.01,0.15
,,,,Racing,0.0,0.06,0.08,0.02,0.15
,,,,Shooter,0.0,0.08,0.04,0.03,0.15
,,,,Platform,0.0,0.04,0.1,0.01,0.15
,,,,Shooter,0.0,0.06,0.08,0.02,0.15
,,,,Racing,0.0,0.02,0.13,0.01,0.15
,,,,Adventure,0.0,0.07,0.07,0.02,0.15
,,,,Action,0.0,0.05,0.08,0.02,0.15
,,,,Puzzle,0.0,0.0,0.14,0.01,0.15
,,,,Misc,0.0,0.06,0.08,0.02,0.15
,,,,Puzzle,0.0,0.01,0.14,0.01,0.15
,,,,Action,0.0,0.0,0.14,0.01,0.15
,,,,Shooter,0.01,0.01,0.12,0.01,0.15
,,,,Racing,0.0,0.03,0.12,0.0,0.15
,,,,Racing,0.0,0.06,0.08,0.02,0.15
,,,,Sports,0.0,0.0,0.14,0.01,0.15
,,,,Role-Playing,0.15,0.0,0.0,0.0,0.15
,,,,Role-Playing,0.0,0.06,0.08,0.02,0.15
,,,,Platform,0.0,0.03,0.12,0.01,0.15
,,,,Strategy,0.0,0.03,0.11,0.01,0.15
,,,,Sports,0.0,0.01,0.13,0.01,0.15
,,,,Sports,0.0,0.06,0.07,0.03,0.15
,,,,Platform,0.0,0.03,0.12,0.0,0.15
,,,,Adventure,0.0,0.13,0.0,0.03,0.15
,,,,Simulation,0.0,0.02,0.12,0.01,0.15
,,,,Sports,0.0,0.03,0.12,0.0,0.15
,,,,Sports,0.0,0.03,0.12,0.0,0.15
,,,,Racing,0.0,0.03,0.12,0.0,0.15
,,,,Sports,0.0,0.01,0.13,0.02,0.15
,,,,Puzzle,0.0,0.14,0.0,0.02,0.15
,,,,Action,0.01,0.06,0.07,0.01,0.15
,,,,Role-Playing,0.0,0.06,0.08,0.02,0.15
,,,,Racing,0.0,0.01,0.14,0.01,0.15
,,,,Misc,0.0,0.06,0.09,0.01,0.15
,,,,Puzzle,0.0,0.01,0.14,0.0,0.15
,,,,Action,0.0,0.01,0.14,0.0,0.15
,,,,Puzzle,0.15,0.0,0.0,0.0,0.15
,,,,Sports,0.0,0.01,0.14,0.0,0.15
,,,,Sports,0.15,0.0,0.0,0.0,0.15
,,,,Action,0.0,0.09,0.05,0.02,0.15
,,,,Racing,0.0,0.03,0.11,0.01,0.15
,,,,Action,0.0,0.02,0.12,0.01,0.15
,,,,Action,0.02,0.06,0.05,0.02,0.15
,,,,Simulation,0.0,0.01,0.13,0.01,0.15
,,,,Strategy,0.0,0.03,0.11,0.01,0.15
,,,,Action,0.0,0.07,0.07,0.01,0.15
,,,,Action,0.0,0.03,0.11,0.01,0.15
,,,,Misc,0.0,0.04,0.11,0.0,0.15
,,,,Fighting,0.0,0.0,0.14,0.01,0.15
,,,,Platform,0.0,0.03,0.12,0.0,0.15
,,,,Racing,0.0,0.06,0.09,0.01,0.15
,,,,Action,0.04,0.0,0.11,0.01,0.15
,,,,Shooter,0.02,0.01,0.12,0.01,0.15
,,,,Racing,0.0,0.06,0.07,0.02,0.15
,,,,Sports,0.0,0.06,0.07,0.02,0.15
,,,,Misc,0.0,0.06,0.07,0.02,0.15
,,,,Strategy,0.05,0.01,0.08,0.01,0.15
,,,,Shooter,0.0,0.0,0.14,0.01,0.15
,,,,Shooter,0.0,0.03,0.12,0.0,0.15
,,,,Simulation,0.0,0.01,0.13,0.01,0.15
,,,,Adventure,0.15,0.0,0.0,0.0,0.15
,,,,Platform,0.0,0.01,0.13,0.01,0.15
,,,,Sports,0.15,0.0,0.0,0.0,0.15
,,,,Simulation,0.0,0.03,0.1,0.02,0.15
,,,,Racing,0.0,0.0,0.14,0.01,0.15
,,,,Action,0.0,0.02,0.12,0.01,0.15
,,,,Strategy,0.15,0.0,0.0,0.0,0.15
,,,,Role-Playing,0.06,0.02,0.07,0.01,0.15
,,,,Platform,0.0,0.03,0.12,0.0,0.15
,,,,Action,0.0,0.01,0.13,0.01,0.15
,,,,Action,0.0,0.06,0.07,0.02,0.15
,,,,Action,0.0,0.02,0.05,0.08,0.15
,,,,Puzzle,0.0,0.14,0.0,0.01,0.15
,,,,Sports,0.0,0.0,0.14,0.01,0.15
,,,,Sports,0.05,0.04,0.05,0.01,0.15
,,,,Adventure,0.0,0.04,0.11,0.0,0.15
,,,,Misc,0.15,0.0,0.0,0.0,0.15
,,,,Sports,0.0,0.0,0.14,0.01,0.15
,,,,Platform,0.04,0.02,0.08,0.01,0.15
,,,,Action,0.0,0.06,0.08,0.01,0.15
,,,,Sports,0.0,0.0,0.14,0.01,0.15
,,,,Action,0.0,0.06,0.07,0.02,0.15
,,,,Action,0.0,0.02,0.12,0.02,0.15
,,,,Shooter,0.0,0.01,0.12,0.01,0.15
,,,,Action,0.0,0.03,0.11,0.01,0.15
,,,,Action,0.15,0.0,0.0,0.0,0.15
,,,,Fighting,0.15,0.0,0.0,0.0,0.15
,,,,Role-Playing,0.15,0.0,0.0,0.0,0.15
,,,,Action,0.15,0.0,0.0,0.0,0.15
,,,,Action,0.0,0.04,0.11,0.0,0.15
,,,,Puzzle,0.0,0.0,0.14,0.01,0.15
,,,,Action,0.0,0.03,0.12,0.0,0.15
,,,,Sports,0.0,0.03,0.11,0.01,0.15
,,,,Shooter,0.0,0.03,0.11,0.01,0.15
,,,,Adventure,0.14,0.0,0.0,0.01,0.15
,,,,Action,0.0,0.03,0.12,0.0,0.15
,,,,Role-Playing,0.0,0.0,0.14,0.01,0.15
,,,,Puzzle,0.0,0.04,0.09,0.01,0.15
,,,,Sports,0.0,0.02,0.12,0.02,0.15
,,,,Simulation,0.0,0.08,0.05,0.02,0.15
,,,,Action,0.0,0.05,0.08,0.01,0.15
,,,,Platform,0.0,0.03,0.12,0.0,0.15
,,,,Misc,0.0,0.0,0.14,0.01,0.15
,,,,Sports,0.0,0.06,0.08,0.01,0.15
,,,,Misc,0.0,0.0,0.14,0.01,0.15
,,,,Fighting,0.0,0.03,0.11,0.01,0.15
,,,,Role-Playing,0.01,0.0,0.13,0.01,0.15
,,,,Adventure,0.15,0.0,0.0,0.0,0.15
,,,,Shooter,0.0,0.03,0.11,0.01,0.15
,,,,Adventure,0.0,0.06,0.07,0.02,0.15
,,,,Role-Playing,0.04,0.0,0.08,0.02,0.15
,,,,Sports,0.15,0.0,0.0,0.0,0.15
,,,,Sports,0.0,0.06,0.07,0.02,0.15
,,,,Shooter,0.05,0.04,0.06,0.01,0.15
,,,,Action,0.0,0.01,0.13,0.01,0.15
,,,,Misc,0.0,0.0,0.14,0.01,0.15
,,,,Shooter,0.0,0.06,0.07,0.02,0.15
,,,,Fighting,0.0,0.06,0.07,0.02,0.15
,,,,Sports,0.0,0.0,0.14,0.01,0.15
,,,,Role-Playing,0.0,0.06,0.07,0.02,0.15
,,,,Fighting,0.04,0.09,0.0,0.02,0.15
,,,,Action,0.0,0.13,0.0,0.02,0.15
,,,,Action,0.03,0.07,0.04,0.01,0.15
,,,,Action,0.15,0.0,0.0,0.0,0.15
,,,,Misc,0.0,0.03,0.11,0.01,0.15
,,,,Misc,0.0,0.04,0.11,0.0,0.15
,,,,Racing,0.0,0.06,0.07,0.02,0.15
,,,,Role-Playing,0.13,0.0,0.02,0.01,0.15
,,,,Simulation,0.0,0.03,0.12,0.0,0.15
,,,,Sports,0.15,0.0,0.0,0.0,0.15
,,,,Action,0.0,0.04,0.09,0.03,0.15
,,,,Role-Playing,0.15,0.0,0.0,0.0,0.15
,,,,Role-Playing,0.09,0.04,0.0,0.02,0.15
,,,,Simulation,0.1,0.0,0.04,0.01,0.15
,,,,Action,0.0,0.04,0.11,0.0,0.15
,,,,Shooter,0.0,0.06,0.07,0.02,0.15
,,,,Sports,0.0,0.06,0.07,0.02,0.15
,,,,Platform,0.0,0.05,0.08,0.02,0.15
,,,,Sports,0.15,0.0,0.0,0.0,0.15
,,,,Platform,0.09,0.0,0.0,0.06,0.15
,,,,Adventure,0.0,0.03,0.12,0.0,0.15
,,,,Fighting,0.0,0.03,0.12,0.0,0.15
,,,,Role-Playing,0.15,0.0,0.0,0.0,0.15
,,,,Sports,0.0,0.03,0.12,0.0,0.15
,,,,Action,0.0,0.0,0.14,0.01,0.15
,,,,Simulation,0.0,0.0,0.14,0.01,0.15
,,,,Action,0.0,0.06,0.08,0.01,0.15
,,,,Fighting,0.0,0.03,0.11,0.01,0.15
,,,,Racing,0.0,0.03,0.11,0.01,0.15
,,,,Role-Playing,0.08,0.03,0.02,0.02,0.15
,,,,Adventure,0.0,0.01,0.13,0.01,0.15
,,,,Sports,0.0,0.08,0.05,0.02,0.15
,,,,Puzzle,0.15,0.0,0.0,0.0,0.15
,,,,Action,0.0,0.0,0.14,0.01,0.15
,,,,Shooter,0.0,0.03,0.11,0.01,0.15
,,,,Racing,0.0,0.0,0.13,0.01,0.15
,,,,Shooter,0.0,0.02,0.12,0.01,0.15
,,,,Action,0.0,0.03,0.11,0.01,0.15
,,,,Sports,0.15,0.0,0.0,0.0,0.15
,,,,Shooter,0.0,0.06,0.07,0.02,0.15
,,,,Action,0.0,0.03,0.12,0.0,0.15
,,,,Puzzle,0.0,0.0,0.14,0.01,0.15
,,,,Action,0.0,0.01,0.12,0.01,0.15
,,,,Misc,0.0,0.0,0.14,0.01,0.15
,,,,Strategy,0.0,0.06,0.08,0.01,0.15
,,,,Sports,0.0,0.04,0.11,0.0,0.15
,,,,Action,0.0,0.03,0.11,0.01,0.15
,,,,Sports,0.14,0.0,0.0,0.01,0.15
,,,,Sports,0.0,0.0,0.14,0.01,0.15
,,,,Racing,0.0,0.04,0.1,0.01,0.15
,,,,Action,0.15,0.0,0.0,0.0,0.15
,,,,Racing,0.0,0.06,0.07,0.02,0.15
,,,,Action,0.0,0.03,0.11,0.0,0.15
,,,,Misc,0.0,0.04,0.11,0.0,0.15
,,,,Simulation,0.07,0.01,0.06,0.01,0.15
,,,,Adventure,0.0,0.03,0.11,0.0,0.15
,,,,Misc,0.0,0.06,0.07,0.02,0.15
,,,,Fighting,0.0,0.06,0.08,0.01,0.15
,,,,Misc,0.0,0.0,0.14,0.01,0.15
,,,,Fighting,0.0,0.04,0.11,0.0,0.15
,,,,Role-Playing,0.0,0.0,0.13,0.01,0.15
,,,,Shooter,0.15,0.0,0.0,0.0,0.15
,,,,Racing,0.0,0.0,0.14,0.01,0.15
,,,,Action,0.04,0.05,0.04,0.02,0.15
,,,,Adventure,0.0,0.0,0.14,0.01,0.15
,,,,Fighting,0.15,0.0,0.0,0.0,0.15
,,,,Action,0.15,0.0,0.0,0.0,0.15
,,,,Fighting,0.15,0.0,0.0,0.0,0.15
,,,,Sports,0.14,0.0,0.0,0.01,0.15
,,,,Puzzle,0.0,0.0,0.14,0.01,0.15
,,,,Sports,0.15,0.0,0.0,0.0,0.15
,,,,Puzzle,0.0,0.01,0.13,0.01,0.15
,,,,Sports,0.0,0.0,0.14,0.01,0.15
,,,,Adventure,0.15,0.0,0.0,0.0,0.15
,,,,Sports,0.0,0.06,0.07,0.02,0.15
,,,,Misc,0.0,0.03,0.11,0.01,0.15
,,,,Shooter,0.0,0.06,0.07,0.02,0.15
,,,,Action,0.0,0.03,0.11,0.0,0.15
,,,,Action,0.0,0.03,0.11,0.0,0.15
,,,,Adventure,0.15,0.0,0.0,0.0,0.15
,,,,Sports,0.0,0.0,0.14,0.01,0.15
,,,,Platform,0.0,0.04,0.11,0.01,0.15
,,,,Adventure,0.01,0.0,0.1,0.03,0.15
,,,,Simulation,0.05,0.02,0.07,0.02,0.15
,,,,Role-Playing,0.0,0.03,0.11,0.01,0.15
,,,,Racing,0.0,0.11,0.01,0.03,0.15
,,,,Sports,0.0,0.03,0.11,0.01,0.15
,,,,Misc,0.0,0.01,0.13,0.01,0.15
,,,,Action,0.0,0.06,0.08,0.01,0.15
,,,,Misc,0.01,0.0,0.13,0.01,0.15
,,,,Fighting,0.0,0.0,0.13,0.01,0.15
,,,,Sports,0.0,0.02,0.11,0.01,0.15
,,,,Action,0.0,0.03,0.11,0.0,0.15
,,,,Racing,0.0,0.06,0.08,0.01,0.15
,,,,Action,0.15,0.0,0.0,0.0,0.15
,,,,Racing,0.01,0.08,0.03,0.03,0.15
,,,,Platform,0.0,0.06,0.08,0.01,0.15
,,,,Strategy,0.14,0.0,0.0,0.01,0.15
,,,,Adventure,0.0,0.06,0.08,0.01,0.15
,,,,Platform,0.0,0.03,0.11,0.01,0.15
,,,,Simulation,0.15,0.0,0.0,0.0,0.15
,,,,Action,0.0,0.0,0.15,0.0,0.15
,,,,Adventure,0.03,0.0,0.09,0.03,0.15
,,,,Action,0.15,0.0,0.0,0.0,0.15
,,,,Role-Playing,0.0,0.06,0.08,0.01,0.15
,,,,Sports,0.0,0.03,0.11,0.01,0.15
,,,,Role-Playing,0.15,0.0,0.0,0.0,0.15
,,,,Sports,0.14,0.0,0.0,0.0,0.15
,,,,Platform,0.0,0.08,0.06,0.01,0.15
,,,,Action,0.0,0.04,0.09,0.01,0.15
,,,,Shooter,0.0,0.04,0.11,0.0,0.15
,,,,Role-Playing,0.0,0.08,0.05,0.01,0.15
,,,,Adventure,0.0,0.06,0.08,0.01,0.15
,,,,Shooter,0.0,0.0,0.13,0.01,0.15
,,,,Misc,0.0,0.03,0.11,0.01,0.15
,,,,Role-Playing,0.14,0.0,0.0,0.01,0.15
,,,,Platform,0.15,0.0,0.0,0.0,0.15
,,,,Shooter,0.0,0.13,0.0,0.01,0.15
,,,,Sports,0.0,0.0,0.13,0.01,0.15
,,,,Misc,0.15,0.0,0.0,0.0,0.15
,,,,Misc,0.0,0.04,0.09,0.01,0.15
,,,,Sports,0.0,0.02,0.12,0.01,0.15
,,,,Sports,0.0,0.0,0.14,0.01,0.15
,,,,Racing,0.0,0.06,0.08,0.01,0.15
,,,,Misc,0.0,0.04,0.1,0.0,0.15
,,,,Shooter,0.0,0.03,0.11,0.0,0.15
,,,,Simulation,0.0,0.06,0.08,0.01,0.15
,,,,Action,0.0,0.02,0.11,0.01,0.15
,,,,Racing,0.0,0.03,0.11,0.01,0.15
,,,,Misc,0.0,0.0,0.14,0.01,0.15
,,,,Role-Playing,0.15,0.0,0.0,0.0,0.15
,,,,Racing,0.0,0.06,0.07,0.02,0.15
,,,,Role-Playing,0.15,0.0,0.0,0.0,0.15
,,,,Misc,0.0,0.0,0.13,0.01,0.15
,,,,Sports,0.0,0.06,0.07,0.02,0.15
,,,,Puzzle,0.0,0.06,0.07,0.01,0.15
,,,,Sports,0.0,0.0,0.13,0.01,0.15
,,,,Fighting,0.15,0.0,0.0,0.0,0.15
,,,,Misc,0.0,0.04,0.1,0.0,0.15
,,,,Role-Playing,0.0,0.04,0.1,0.0,0.15
,,,,Racing,0.0,0.0,0.13,0.01,0.15
,,,,Strategy,0.15,0.0,0.0,0.0,0.15
,,,,Misc,0.0,0.0,0.14,0.01,0.15
,,,,Fighting,0.0,0.03,0.11,0.01,0.15
,,,,Role-Playing,0.14,0.0,0.0,0.01,0.15
,,,,Action,0.05,0.03,0.04,0.02,0.15
,,,,Action,0.0,0.13,0.0,0.02,0.15
,,,,Action,0.0,0.04,0.1,0.0,0.15
,,,,Shooter,0.01,0.0,0.13,0.01,0.15
,,,,Sports,0.0,0.03,0.11,0.0,0.15
,,,,Role-Playing,0.14,0.0,0.0,0.0,0.14
,,,,Action,0.0,0.03,0.11,0.01,0.14
,,,,Role-Playing,0.04,0.0,0.09,0.01,0.14
,,,,Role-Playing,0.0,0.06,0.07,0.02,0.14
,,,,Platform,0.0,0.01,0.12,0.02,0.14
,,,,Adventure,0.0,0.06,0.07,0.02,0.14
,,,,Fighting,0.0,0.06,0.07,0.02,0.14
,,,,Misc,0.13,0.0,0.02,0.0,0.14
,,,,Action,0.07,0.03,0.03,0.02,0.14
,,,,Sports,0.14,0.0,0.0,0.0,0.14
,,,,Racing,0.0,0.03,0.11,0.01,0.14
,,,,Role-Playing,0.14,0.0,0.0,0.0,0.14
,,,,Platform,0.0,0.0,0.13,0.01,0.14
,,,,Puzzle,0.0,0.05,0.08,0.01,0.14
,,,,Sports,0.14,0.0,0.0,0.0,0.14
,,,,Action,0.0,0.03,0.1,0.01,0.14
,,,,Role-Playing,0.02,0.03,0.07,0.03,0.14
,,,,Sports,0.0,0.05,0.08,0.01,0.14
,,,,Shooter,0.0,0.06,0.07,0.02,0.14
,,,,Action,0.0,0.06,0.07,0.02,0.14
,,,,Adventure,0.14,0.0,0.0,0.0,0.14
,,,,Strategy,0.14,0.0,0.0,0.0,0.14
,,,,Platform,0.0,0.04,0.1,0.0,0.14
,,,,Action,0.0,0.06,0.07,0.02,0.14
,,,,Action,0.0,0.05,0.08,0.01,0.14
,,,,Action,0.0,0.05,0.08,0.01,0.14
,,,,Simulation,0.0,0.0,0.13,0.01,0.14
,,,,Puzzle,0.0,0.0,0.13,0.01,0.14
,,,,Racing,0.0,0.02,0.12,0.01,0.14
,,,,Adventure,0.14,0.0,0.0,0.0,0.14
,,,,Role-Playing,0.0,0.06,0.07,0.02,0.14
,,,,Action,0.0,0.0,0.13,0.01,0.14
,,,,Action,0.0,0.03,0.11,0.0,0.14
,,,,Action,0.0,0.0,0.11,0.03,0.14
,,,,Platform,0.0,0.05,0.07,0.02,0.14
,,,,Role-Playing,0.14,0.0,0.0,0.0,0.14
,,,,Action,0.14,0.0,0.0,0.0,0.14
,,,,Misc,0.0,0.03,0.1,0.01,0.14
,,,,Racing,0.0,0.05,0.08,0.01,0.14
,,,,Action,0.0,0.05,0.08,0.01,0.14
,,,,Platform,0.0,0.04,0.1,0.0,0.14
,,,,Action,0.0,0.02,0.11,0.02,0.14
,,,,Role-Playing,0.0,0.12,0.0,0.02,0.14
,,,,Puzzle,0.0,0.0,0.13,0.01,0.14
,,,,Action,0.0,0.11,0.0,0.03,0.14
,,,,Fighting,0.0,0.05,0.08,0.01,0.14
,,,,Racing,0.0,0.04,0.09,0.01,0.14
,,,,Misc,0.0,0.0,0.13,0.01,0.14
,,,,Adventure,0.0,0.05,0.07,0.02,0.14
,,,,Action,0.0,0.01,0.12,0.01,0.14
,,,,Adventure,0.0,0.05,0.07,0.02,0.14
,,,,Role-Playing,0.0,0.05,0.07,0.02,0.14
,,,,Action,0.01,0.03,0.1,0.01,0.14
,,,,Shooter,0.0,0.12,0.0,0.03,0.14
,,,,Racing,0.0,0.05,0.08,0.01,0.14
,,,,Action,0.14,0.0,0.0,0.0,0.14
,,,,Action,0.0,0.02,0.11,0.01,0.14
,,,,Simulation,0.14,0.0,0.0,0.0,0.14
,,,,Misc,0.0,0.04,0.1,0.0,0.14
,,,,Role-Playing,0.14,0.0,0.0,0.0,0.14
,,,,Puzzle,0.0,0.05,0.07,0.02,0.14
,,,,Action,0.0,0.0,0.13,0.01,0.14
,,,,Strategy,0.0,0.1,0.02,0.02,0.14
,,,,Racing,0.0,0.08,0.05,0.02,0.14
,,,,Action,0.13,0.0,0.0,0.01,0.14
,,,,Strategy,0.13,0.0,0.0,0.01,0.14
,,,,Misc,0.0,0.0,0.13,0.01,0.14
,,,,Sports,0.0,0.03,0.11,0.0,0.14
,,,,Platform,0.01,0.03,0.09,0.01,0.14
,,,,Shooter,0.0,0.11,0.0,0.03,0.14
,,,,Sports,0.0,0.0,0.13,0.01,0.14
,,,,Fighting,0.06,0.0,0.07,0.01,0.14
,,,,Role-Playing,0.04,0.0,0.09,0.01,0.14
,,,,Racing,0.0,0.1,0.01,0.03,0.14
,,,,Fighting,0.14,0.0,0.0,0.0,0.14
,,,,Sports,0.0,0.05,0.07,0.02,0.14
,,,,Role-Playing,0.0,0.01,0.12,0.01,0.14
,,,,Adventure,0.14,0.0,0.0,0.0,0.14
,,,,Action,0.14,0.0,0.0,0.0,0.14
,,,,Misc,0.0,0.05,0.07,0.02,0.14
,,,,Simulation,0.0,0.0,0.13,0.01,0.14
,,,,Role-Playing,0.14,0.0,0.0,0.0,0.14
,,,,Action,0.0,0.03,0.11,0.01,0.14
,,,,Role-Playing,0.0,0.1,0.01,0.02,0.14
,,,,Sports,0.0,0.03,0.11,0.01,0.14
,,,,Sports,0.0,0.03,0.11,0.01,0.14
,,,,Role-Playing,0.08,0.0,0.06,0.01,0.14
,,,,Action,0.0,0.03,0.1,0.01,0.14
,,,,Simulation,0.0,0.0,0.13,0.01,0.14
,,,,Role-Playing,0.11,0.0,0.03,0.0,0.14
,,,,Misc,0.0,0.0,0.13,0.01,0.14
,,,,Role-Playing,0.0,0.0,0.13,0.01,0.14
,,,,Shooter,0.0,0.04,0.1,0.0,0.14
,,,,Action,0.14,0.0,0.0,0.0,0.14
,,,,Role-Playing,0.03,0.03,0.06,0.02,0.14
,,,,Action,0.0,0.05,0.08,0.01,0.14
,,,,Misc,0.0,0.05,0.07,0.02,0.14
,,,,Role-Playing,0.06,0.0,0.07,0.01,0.14
,,,,Racing,0.0,0.03,0.11,0.01,0.14
,,,,Action,0.14,0.0,0.0,0.0,0.14
,,,,Fighting,0.14,0.0,0.0,0.0,0.14
,,,,Action,0.0,0.03,0.11,0.01,0.14
,,,,Role-Playing,0.13,0.0,0.0,0.01,0.14
,,,,Fighting,0.13,0.01,0.0,0.0,0.14
,,,,Shooter,0.11,0.01,0.01,0.01,0.14
,,,,Puzzle,0.0,0.05,0.07,0.02,0.14
,,,,Sports,0.0,0.0,0.13,0.01,0.14
,,,,Role-Playing,0.0,0.04,0.1,0.0,0.14
,,,,Sports,0.04,0.0,0.09,0.01,0.14
,,,,Sports,0.0,0.03,0.11,0.01,0.14
,,,,Action,0.14,0.0,0.0,0.0,0.14
,,,,Adventure,0.0,0.05,0.07,0.02,0.14
,,,,Action,0.0,0.05,0.07,0.02,0.14
,,,,Action,0.0,0.01,0.13,0.0,0.14
,,,,Role-Playing,0.14,0.0,0.0,0.0,0.14
,,,,Role-Playing,0.0,0.11,0.0,0.03,0.14
,,,,Action,0.0,0.02,0.11,0.01,0.14
,,,,Platform,0.0,0.04,0.1,0.0,0.14
,,,,Action,0.0,0.05,0.07,0.02,0.14
,,,,Action,0.0,0.05,0.08,0.01,0.14
,,,,Puzzle,0.05,0.0,0.08,0.01,0.14
,,,,Adventure,0.0,0.0,0.13,0.01,0.14
,,,,Platform,0.0,0.03,0.11,0.01,0.14
,,,,Racing,0.0,0.0,0.13,0.01,0.14
,,,,Simulation,0.0,0.06,0.07,0.02,0.14
,,,,Action,0.0,0.0,0.13,0.01,0.14
,,,,Shooter,0.0,0.03,0.11,0.0,0.14
,,,,Action,0.0,0.03,0.11,0.0,0.14
,,,,Sports,0.0,0.05,0.07,0.02,0.14
,,,,Adventure,0.0,0.05,0.08,0.01,0.14
,,,,Role-Playing,0.14,0.0,0.0,0.0,0.14
,,,,Racing,0.0,0.05,0.08,0.01,0.14
,,,,Strategy,0.13,0.0,0.0,0.01,0.14
,,,,Action,0.0,0.12,0.0,0.02,0.14
,,,,Sports,0.0,0.0,0.13,0.01,0.14
,,,,Sports,0.0,0.05,0.07,0.02,0.14
,,,,Adventure,0.14,0.0,0.0,0.0,0.14
,,,,Racing,0.0,0.05,0.08,0.01,0.14
,,,,Action,0.0,0.05,0.07,0.02,0.14
,,,,Simulation,0.0,0.02,0.11,0.01,0.14
,,,,Fighting,0.13,0.0,0.0,0.01,0.14
,,,,Platform,0.0,0.03,0.11,0.01,0.14
,,,,Platform,0.14,0.0,0.0,0.0,0.14
,,,,Action,0.0,0.11,0.03,0.01,0.14
,,,,Role-Playing,0.0,0.05,0.07,0.02,0.14
,,,,Strategy,0.0,0.02,0.11,0.02,0.14
,,,,Action,0.02,0.02,0.1,0.01,0.14
,,,,Sports,0.0,0.05,0.07,0.02,0.14
,,,,Shooter,0.0,0.05,0.07,0.02,0.14
,,,,Strategy,0.14,0.0,0.0,0.0,0.14
,,,,Action,0.0,0.02,0.11,0.01,0.14
,,,,Action,0.0,0.07,0.06,0.01,0.14
,,,,Sports,0.0,0.1,0.0,0.04,0.14
,,,,Sports,0.0,0.05,0.08,0.01,0.14
,,,,Misc,0.0,0.11,0.0,0.03,0.14
,,,,Role-Playing,0.0,0.05,0.08,0.01,0.14
,,,,Misc,0.0,0.0,0.13,0.01,0.14
,,,,Role-Playing,0.13,0.0,0.0,0.0,0.14
,,,,Action,0.0,0.03,0.11,0.0,0.14
,,,,Racing,0.0,0.03,0.11,0.0,0.14
,,,,Sports,0.0,0.03,0.11,0.0,0.14
,,,,Role-Playing,0.0,0.03,0.11,0.0,0.14
,,,,Action,0.0,0.03,0.11,0.0,0.14
,,,,Role-Playing,0.0,0.05,0.08,0.01,0.14
,,,,Fighting,0.0,0.01,0.11,0.02,0.14
,,,,Fighting,0.14,0.0,0.0,0.0,0.14
,,,,Misc,0.0,0.0,0.13,0.01,0.14
,,,,Shooter,0.0,0.05,0.07,0.02,0.14
,,,,Sports,0.0,0.12,0.0,0.02,0.14
,,,,Shooter,0.1,0.01,0.02,0.01,0.14
,,,,Adventure,0.0,0.03,0.11,0.0,0.14
,,,,Fighting,0.14,0.0,0.0,0.0,0.14
,,,,Sports,0.0,0.0,0.13,0.01,0.14
,,,,Sports,0.0,0.05,0.08,0.01,0.14
,,,,Adventure,0.0,0.05,0.07,0.02,0.14
,,,,Simulation,0.0,0.03,0.1,0.01,0.14
,,,,Platform,0.0,0.05,0.08,0.01,0.14
,,,,Action,0.14,0.0,0.0,0.0,0.14
,,,,Puzzle,0.0,0.0,0.13,0.01,0.14
,,,,Racing,0.0,0.0,0.13,0.01,0.14
,,,,Action,0.0,0.01,0.12,0.01,0.14
,,,,Action,0.14,0.0,0.0,0.0,0.14
,,,,Fighting,0.0,0.03,0.1,0.0,0.14
,,,,Action,0.0,0.01,0.12,0.01,0.14
,,,,Action,0.0,0.01,0.12,0.01,0.14
,,,,Racing,0.0,0.05,0.07,0.02,0.14
,,,,Adventure,0.0,0.05,0.08,0.01,0.14
,,,,Action,0.0,0.04,0.1,0.0,0.14
,,,,Adventure,0.14,0.0,0.0,0.0,0.14
,,,,Role-Playing,0.01,0.01,0.1,0.01,0.14
,,,,Misc,0.0,0.12,0.0,0.02,0.14
,,,,Action,0.14,0.0,0.0,0.0,0.14
,,,,Sports,0.0,0.05,0.08,0.01,0.14
,,,,Platform,0.0,0.04,0.1,0.0,0.14
,,,,Sports,0.14,0.0,0.0,0.0,0.14
,,,,Strategy,0.0,0.03,0.11,0.01,0.14
,,,,Adventure,0.0,0.03,0.11,0.01,0.14
,,,,Sports,0.0,0.05,0.08,0.01,0.14
,,,,Sports,0.14,0.0,0.0,0.0,0.14
,,,,Action,0.03,0.03,0.08,0.0,0.14
,,,,Action,0.0,0.02,0.1,0.01,0.14
,,,,Misc,0.0,0.02,0.1,0.01,0.14
,,,,Sports,0.0,0.03,0.11,0.0,0.14
,,,,Fighting,0.14,0.0,0.0,0.0,0.14
,,,,Adventure,0.0,0.05,0.08,0.01,0.14
,,,,Misc,0.0,0.0,0.13,0.01,0.14
,,,,Shooter,0.0,0.03,0.1,0.01,0.14
,,,,Action,0.0,0.03,0.1,0.01,0.14
,,,,Misc,0.0,0.0,0.13,0.01,0.14
,,,,Platform,0.0,0.05,0.08,0.01,0.14
,,,,Action,0.0,0.04,0.08,0.01,0.14
,,,,Platform,0.0,0.03,0.1,0.0,0.14
,,,,Misc,0.0,0.0,0.13,0.01,0.14
,,,,Action,0.0,0.03,0.09,0.01,0.14
,,,,Simulation,0.0,0.05,0.08,0.01,0.14
,,,,Adventure,0.0,0.03,0.1,0.01,0.14
,,,,Sports,0.14,0.0,0.0,0.0,0.14
,,,,Fighting,0.0,0.06,0.06,0.03,0.14
,,,,Action,0.14,0.0,0.0,0.0,0.14
,,,,Sports,0.0,0.0,0.13,0.01,0.14
,,,,Racing,0.0,0.03,0.1,0.01,0.14
,,,,Sports,0.0,0.0,0.13,0.01,0.14
,,,,Puzzle,0.0,0.05,0.08,0.01,0.14
,,,,Strategy,0.0,0.0,0.12,0.01,0.14
,,,,Action,0.0,0.04,0.1,0.0,0.14
,,,,Fighting,0.08,0.01,0.04,0.0,0.14
,,,,Misc,0.0,0.0,0.12,0.01,0.14
,,,,Misc,0.14,0.0,0.0,0.0,0.14
,,,,Adventure,0.13,0.0,0.0,0.01,0.14
,,,,Role-Playing,0.06,0.0,0.07,0.01,0.14
,,,,Adventure,0.14,0.0,0.0,0.0,0.14
,,,,Platform,0.14,0.0,0.0,0.0,0.14
,,,,Fighting,0.13,0.01,0.0,0.0,0.14
,,,,Sports,0.0,0.04,0.08,0.01,0.14
,,,,Misc,0.0,0.01,0.12,0.01,0.14
,,,,Action,0.1,0.04,0.0,0.0,0.14
,,,,Misc,0.0,0.0,0.13,0.01,0.14
,,,,Simulation,0.0,0.13,0.0,0.01,0.14
,,,,Sports,0.0,0.1,0.0,0.04,0.14
,,,,Misc,0.13,0.0,0.0,0.0,0.14
,,,,Sports,0.0,0.03,0.11,0.0,0.14
,,,,Racing,0.0,0.03,0.11,0.0,0.14
,,,,Misc,0.02,0.0,0.1,0.01,0.14
,,,,Racing,0.0,0.03,0.11,0.0,0.14
,,,,Action,0.02,0.03,0.07,0.02,0.14
,,,,Sports,0.14,0.0,0.0,0.0,0.14
,,,,Shooter,0.0,0.0,0.13,0.01,0.14
,,,,Role-Playing,0.06,0.0,0.07,0.01,0.14
,,,,Action,0.13,0.0,0.0,0.01,0.14
,,,,Puzzle,0.14,0.0,0.0,0.0,0.14
,,,,Sports,0.14,0.0,0.0,0.0,0.14
,,,,Puzzle,0.0,0.0,0.13,0.01,0.14
,,,,Puzzle,0.0,0.0,0.13,0.01,0.14
,,,,Role-Playing,0.09,0.01,0.03,0.0,0.14
,,,,Simulation,0.0,0.0,0.12,0.01,0.14
,,,,Misc,0.0,0.0,0.13,0.01,0.14
,,,,Misc,0.0,0.0,0.12,0.01,0.14
,,,,Action,0.0,0.09,0.04,0.01,0.14
,,,,Puzzle,0.0,0.0,0.13,0.01,0.14
,,,,Racing,0.0,0.02,0.11,0.01,0.14
,,,,Action,0.0,0.02,0.1,0.01,0.14
,,,,Misc,0.0,0.0,0.12,0.01,0.14
,,,,Action,0.0,0.0,0.12,0.01,0.14
,,,,Shooter,0.07,0.02,0.03,0.01,0.14
,,,,Racing,0.14,0.0,0.0,0.0,0.14
,,,,Sports,0.0,0.0,0.13,0.01,0.14
,,,,Fighting,0.01,0.03,0.09,0.0,0.14
,,,,Fighting,0.0,0.02,0.0,0.12,0.14
,,,,Action,0.02,0.03,0.07,0.02,0.14
,,,,Adventure,0.0,0.03,0.09,0.02,0.14
,,,,Shooter,0.0,0.02,0.11,0.01,0.14
,,,,Misc,0.0,0.12,0.0,0.02,0.14
,,,,Misc,0.0,0.1,0.0,0.03,0.14
,,,,Action,0.0,0.04,0.1,0.0,0.14
,,,,Action,0.0,0.01,0.11,0.01,0.14
,,,,Adventure,0.0,0.01,0.12,0.01,0.14
,,,,Simulation,0.0,0.0,0.13,0.01,0.14
,,,,Action,0.0,0.01,0.11,0.01,0.14
,,,,Sports,0.0,0.1,0.0,0.04,0.14
,,,,Misc,0.0,0.04,0.09,0.01,0.14
,,,,Puzzle,0.0,0.04,0.08,0.02,0.14
,,,,Racing,0.0,0.01,0.11,0.01,0.14
,,,,Strategy,0.13,0.0,0.0,0.01,0.14
,,,,Role-Playing,0.14,0.0,0.0,0.0,0.14
,,,,Simulation,0.0,0.0,0.13,0.01,0.14
,,,,Racing,0.0,0.04,0.1,0.0,0.14
,,,,Puzzle,0.0,0.0,0.13,0.01,0.14
,,,,Strategy,0.0,0.03,0.09,0.02,0.14
,,,,Misc,0.0,0.0,0.13,0.01,0.14
,,,,Puzzle,0.0,0.0,0.13,0.01,0.14
,,,,Racing,0.0,0.01,0.11,0.01,0.14
,,,,Puzzle,0.03,0.01,0.08,0.01,0.14
,,,,Sports,0.14,0.0,0.0,0.0,0.14
,,,,Sports,0.0,0.05,0.07,0.02,0.14
,,,,Racing,0.0,0.04,0.1,0.0,0.14
,,,,Sports,0.0,0.0,0.11,0.02,0.14
,,,,Role-Playing,0.0,0.1,0.01,0.02,0.14
,,,,Misc,0.0,0.0,0.12,0.01,0.14
,,,,Sports,0.0,0.03,0.1,0.0,0.14
,,,,Role-Playing,0.14,0.0,0.0,0.0,0.14
,,,,Sports,0.0,0.05,0.07,0.02,0.14
,,,,Misc,0.0,0.05,0.08,0.01,0.14
,,,,Sports,0.0,0.0,0.13,0.01,0.14
,,,,Simulation,0.0,0.02,0.11,0.01,0.14
,,,,Racing,0.0,0.03,0.1,0.0,0.14
,,,,Strategy,0.14,0.0,0.0,0.0,0.14
,,,,Action,0.0,0.04,0.1,0.0,0.14
,,,,Shooter,0.0,0.05,0.07,0.02,0.14
,,,,Puzzle,0.03,0.02,0.08,0.01,0.14
,,,,Platform,0.0,0.0,0.12,0.01,0.14
,,,,Fighting,0.07,0.02,0.03,0.01,0.14
,,,,Shooter,0.0,0.13,0.0,0.01,0.14
,,,,Action,0.0,0.03,0.09,0.01,0.14
,,,,Role-Playing,0.0,0.02,0.11,0.01,0.14
,,,,Misc,0.0,0.0,0.12,0.01,0.14
,,,,Action,0.0,0.05,0.08,0.01,0.14
,,,,Sports,0.0,0.05,0.08,0.01,0.14
,,,,Platform,0.0,0.04,0.1,0.0,0.14
,,,,Shooter,0.0,0.0,0.13,0.01,0.14
,,,,Simulation,0.0,0.0,0.13,0.01,0.14
,,,,Sports,0.0,0.1,0.02,0.01,0.14
,,,,Shooter,0.0,0.07,0.04,0.02,0.14
,,,,Sports,0.0,0.03,0.1,0.0,0.14
,,,,Misc,0.0,0.01,0.11,0.01,0.14
,,,,Shooter,0.0,0.01,0.11,0.01,0.14
,,,,Action,0.0,0.01,0.11,0.01,0.14
,,,,Sports,0.0,0.05,0.07,0.02,0.14
,,,,Sports,0.0,0.03,0.1,0.0,0.14
,,,,Adventure,0.0,0.04,0.08,0.01,0.14
,,,,Sports,0.0,0.0,0.13,0.01,0.14
,,,,Strategy,0.0,0.03,0.1,0.0,0.14
,,,,Fighting,0.0,0.03,0.1,0.0,0.14
,,,,Role-Playing,0.14,0.0,0.0,0.0,0.14
,,,,Action,0.14,0.0,0.0,0.0,0.14
,,,,Sports,0.0,0.0,0.12,0.01,0.14
,,,,Misc,0.0,0.0,0.13,0.01,0.14
,,,,Misc,0.0,0.0,0.13,0.01,0.13
,,,,Shooter,0.0,0.03,0.08,0.02,0.13
,,,,Racing,0.0,0.03,0.1,0.0,0.13
,,,,Misc,0.0,0.12,0.0,0.02,0.13
,,,,Sports,0.0,0.05,0.07,0.01,0.13
,,,,Role-Playing,0.13,0.0,0.0,0.0,0.13
,,,,Shooter,0.0,0.04,0.1,0.0,0.13
,,,,Strategy,0.13,0.0,0.0,0.0,0.13
,,,,Action,0.13,0.0,0.0,0.0,0.13
,,,,Action,0.0,0.05,0.07,0.01,0.13
,,,,Platform,0.0,0.05,0.07,0.01,0.13
,,,,Adventure,0.13,0.0,0.0,0.0,0.13
,,,,Sports,0.01,0.0,0.12,0.01,0.13
,,,,Sports,0.0,0.01,0.11,0.01,0.13
,,,,Role-Playing,0.0,0.0,0.12,0.01,0.13
,,,,Platform,0.0,0.04,0.1,0.0,0.13
,,,,Action,0.0,0.0,0.12,0.01,0.13
,,,,Action,0.0,0.05,0.07,0.02,0.13
,,,,Sports,0.0,0.07,0.06,0.01,0.13
,,,,Misc,0.13,0.0,0.0,0.0,0.13
,,,,Misc,0.0,0.05,0.07,0.02,0.13
,,,,Action,0.13,0.0,0.0,0.0,0.13
,,,,Action,0.0,0.03,0.1,0.0,0.13
,,,,Role-Playing,0.13,0.0,0.0,0.0,0.13
,,,,Sports,0.0,0.04,0.1,0.0,0.13
,,,,Fighting,0.0,0.05,0.07,0.02,0.13
,,,,Misc,0.0,0.0,0.12,0.01,0.13
,,,,Sports,0.0,0.01,0.11,0.01,0.13
,,,,Sports,0.13,0.0,0.0,0.0,0.13
,,,,Misc,0.0,0.0,0.13,0.01,0.13
,,,,Puzzle,0.0,0.0,0.12,0.01,0.13
,,,,Platform,0.01,0.04,0.07,0.01,0.13
,,,,Misc,0.04,0.03,0.04,0.02,0.13
,,,,Misc,0.0,0.04,0.1,0.0,0.13
,,,,Role-Playing,0.13,0.0,0.0,0.0,0.13
,,,,Racing,0.0,0.06,0.07,0.01,0.13
,,,,Strategy,0.13,0.0,0.0,0.01,0.13
,,,,Simulation,0.0,0.05,0.07,0.02,0.13
,,,,Platform,0.0,0.03,0.1,0.0,0.13
,,,,Fighting,0.0,0.02,0.1,0.01,0.13
,,,,Action,0.0,0.03,0.09,0.01,0.13
,,,,Action,0.0,0.12,0.0,0.02,0.13
,,,,Action,0.0,0.04,0.08,0.01,0.13
,,,,Action,0.0,0.0,0.12,0.01,0.13
,,,,Role-Playing,0.0,0.05,0.07,0.02,0.13
,,,,Action,0.0,0.0,0.12,0.01,0.13
,,,,Misc,0.0,0.0,0.12,0.01,0.13
,,,,Role-Playing,0.0,0.05,0.07,0.01,0.13
,,,,Fighting,0.04,0.01,0.07,0.01,0.13
,,,,Action,0.0,0.0,0.12,0.01,0.13
,,,,Misc,0.0,0.05,0.07,0.02,0.13
,,,,Action,0.0,0.0,0.12,0.01,0.13
,,,,Role-Playing,0.01,0.0,0.12,0.01,0.13
,,,,Role-Playing,0.05,0.0,0.08,0.01,0.13
,,,,Sports,0.0,0.05,0.07,0.01,0.13
,,,,Misc,0.13,0.0,0.0,0.0,0.13
,,,,Role-Playing,0.0,0.05,0.07,0.02,0.13
,,,,Sports,0.0,0.05,0.07,0.02,0.13
,,,,Role-Playing,0.0,0.03,0.09,0.01,0.13
,,,,Platform,0.0,0.01,0.11,0.01,0.13
,,,,Shooter,0.0,0.05,0.07,0.01,0.13
,,,,Action,0.0,0.03,0.1,0.0,0.13
,,,,Sports,0.0,0.05,0.07,0.01,0.13
,,,,Sports,0.0,0.03,0.1,0.0,0.13
,,,,Sports,0.0,0.09,0.02,0.02,0.13
,,,,Sports,0.0,0.05,0.06,0.02,0.13
,,,,Racing,0.0,0.05,0.07,0.01,0.13
,,,,Shooter,0.0,0.0,0.12,0.01,0.13
,,,,Action,0.0,0.05,0.06,0.02,0.13
,,,,Misc,0.0,0.0,0.12,0.01,0.13
,,,,Misc,0.0,0.03,0.1,0.0,0.13
,,,,Platform,0.0,0.0,0.12,0.01,0.13
,,,,Racing,0.0,0.0,0.12,0.01,0.13
,,,,Action,0.0,0.03,0.1,0.0,0.13
,,,,Role-Playing,0.13,0.0,0.0,0.0,0.13
,,,,Shooter,0.0,0.0,0.12,0.01,0.13
,,,,Sports,0.0,0.05,0.07,0.01,0.13
,,,,Adventure,0.0,0.04,0.08,0.01,0.13
,,,,Sports,0.0,0.03,0.1,0.0,0.13
,,,,Adventure,0.0,0.05,0.07,0.01,0.13
,,,,Misc,0.0,0.01,0.1,0.01,0.13
,,,,Simulation,0.0,0.0,0.12,0.01,0.13
,,,,Action,0.13,0.0,0.0,0.0,0.13
,,,,Strategy,0.13,0.0,0.0,0.0,0.13
,,,,Sports,0.13,0.0,0.0,0.0,0.13
,,,,Role-Playing,0.13,0.0,0.0,0.0,0.13
,,,,Fighting,0.0,0.04,0.09,0.0,0.13
,,,,Action,0.13,0.0,0.0,0.0,0.13
,,,,Action,0.13,0.0,0.0,0.0,0.13
,,,,Fighting,0.03,0.02,0.08,0.01,0.13
,,,,Action,0.0,0.03,0.1,0.0,0.13
,,,,Sports,0.0,0.05,0.07,0.01,0.13
,,,,Action,0.0,0.04,0.08,0.01,0.13
,,,,Sports,0.13,0.0,0.0,0.0,0.13
,,,,Action,0.0,0.01,0.11,0.01,0.13
,,,,Adventure,0.0,0.04,0.08,0.01,0.13
,,,,Sports,0.0,0.0,0.12,0.01,0.13
,,,,Platform,0.0,0.03,0.1,0.0,0.13
,,,,Role-Playing,0.0,0.05,0.06,0.02,0.13
,,,,Action,0.06,0.05,0.01,0.01,0.13
,,,,Action,0.0,0.02,0.11,0.01,0.13
,,,,Racing,0.0,0.05,0.06,0.02,0.13
,,,,Sports,0.0,0.0,0.12,0.01,0.13
,,,,Strategy,0.0,0.05,0.07,0.01,0.13
,,,,Misc,0.0,0.0,0.12,0.01,0.13
,,,,Misc,0.13,0.0,0.0,0.0,0.13
,,,,Platform,0.0,0.03,0.09,0.0,0.13
,,,,Adventure,0.0,0.05,0.06,0.02,0.13
,,,,Shooter,0.0,0.02,0.09,0.01,0.13
,,,,Action,0.13,0.0,0.0,0.0,0.13
,,,,Sports,0.13,0.0,0.0,0.0,0.13
,,,,Misc,0.0,0.12,0.0,0.01,0.13
,,,,Adventure,0.0,0.03,0.08,0.02,0.13
,,,,Shooter,0.13,0.0,0.0,0.0,0.13
,,,,Shooter,0.0,0.0,0.12,0.01,0.13
,,,,Sports,0.0,0.0,0.12,0.01,0.13
,,,,Role-Playing,0.13,0.0,0.0,0.0,0.13
,,,,Adventure,0.13,0.0,0.0,0.0,0.13
,,,,Role-Playing,0.0,0.09,0.01,0.02,0.13
,,,,Adventure,0.0,0.08,0.03,0.02,0.13
,,,,Sports,0.0,0.0,0.12,0.01,0.13
,,,,Platform,0.0,0.09,0.03,0.01,0.13
,,,,Shooter,0.01,0.04,0.06,0.02,0.13
,,,,Sports,0.0,0.05,0.07,0.01,0.13
,,,,Fighting,0.0,0.03,0.09,0.0,0.13
,,,,Role-Playing,0.13,0.0,0.0,0.0,0.13
,,,,Platform,0.0,0.03,0.1,0.0,0.13
,,,,Action,0.05,0.02,0.04,0.02,0.13
,,,,Misc,0.13,0.0,0.0,0.0,0.13
,,,,Racing,0.0,0.03,0.1,0.0,0.13
,,,,Racing,0.0,0.0,0.12,0.01,0.13
,,,,Strategy,0.04,0.03,0.05,0.01,0.13
,,,,Role-Playing,0.13,0.0,0.0,0.0,0.13
,,,,Misc,0.02,0.03,0.08,0.01,0.13
,,,,Sports,0.0,0.02,0.1,0.01,0.13
,,,,Platform,0.0,0.03,0.1,0.0,0.13
,,,,Misc,0.0,0.04,0.08,0.01,0.13
,,,,Simulation,0.0,0.0,0.12,0.01,0.13
,,,,Simulation,0.0,0.0,0.12,0.01,0.13
,,,,Shooter,0.0,0.05,0.07,0.01,0.13
,,,,Sports,0.0,0.0,0.12,0.01,0.13
,,,,Simulation,0.0,0.0,0.12,0.01,0.13
,,,,Misc,0.0,0.02,0.1,0.01,0.13
,,,,Racing,0.0,0.03,0.1,0.0,0.13
,,,,Fighting,0.04,0.02,0.06,0.02,0.13
,,,,Role-Playing,0.0,0.05,0.06,0.02,0.13
,,,,Fighting,0.0,0.04,0.07,0.02,0.13
,,,,Role-Playing,0.13,0.0,0.0,0.0,0.13
,,,,Simulation,0.13,0.0,0.0,0.0,0.13
,,,,Role-Playing,0.05,0.0,0.07,0.01,0.13
,,,,Shooter,0.13,0.0,0.0,0.0,0.13
,,,,Sports,0.0,0.01,0.12,0.0,0.13
,,,,Platform,0.05,0.02,0.06,0.0,0.13
,,,,Misc,0.0,0.1,0.01,0.02,0.13
,,,,Sports,0.0,0.0,0.12,0.01,0.13
,,,,Action,0.0,0.06,0.06,0.01,0.13
,,,,Misc,0.0,0.03,0.1,0.0,0.13
,,,,Racing,0.0,0.03,0.1,0.0,0.13
,,,,Sports,0.0,0.0,0.12,0.01,0.13
,,,,Strategy,0.0,0.04,0.08,0.01,0.13
,,,,Action,0.0,0.02,0.09,0.02,0.13
,,,,Racing,0.0,0.05,0.06,0.02,0.13
,,,,Adventure,0.0,0.0,0.12,0.01,0.13
,,,,Platform,0.04,0.03,0.04,0.02,0.13
,,,,Shooter,0.13,0.0,0.0,0.0,0.13
,,,,Racing,0.0,0.03,0.09,0.01,0.13
,,,,Sports,0.0,0.01,0.12,0.0,0.13
,,,,Simulation,0.0,0.03,0.1,0.0,0.13
,,,,Misc,0.0,0.0,0.12,0.01,0.13
,,,,Action,0.0,0.03,0.1,0.0,0.13
,,,,Strategy,0.0,0.03,0.1,0.0,0.13
,,,,Sports,0.0,0.03,0.1,0.0,0.13
,,,,Action,0.0,0.03,0.1,0.0,0.13
,,,,Sports,0.0,0.0,0.11,0.02,0.13
,,,,Sports,0.0,0.0,0.12,0.01,0.13
,,,,Racing,0.0,0.03,0.09,0.0,0.13
,,,,Platform,0.0,0.05,0.06,0.02,0.13
,,,,Action,0.0,0.05,0.07,0.01,0.13
,,,,Action,0.0,0.05,0.06,0.02,0.13
,,,,Fighting,0.13,0.0,0.0,0.0,0.13
,,,,Shooter,0.0,0.03,0.09,0.0,0.13
,,,,Misc,0.13,0.0,0.0,0.0,0.13
,,,,Adventure,0.0,0.08,0.03,0.02,0.13
,,,,Action,0.0,0.01,0.1,0.01,0.13
,,,,Racing,0.0,0.05,0.06,0.02,0.13
,,,,Fighting,0.07,0.02,0.03,0.01,0.13
,,,,Sports,0.0,0.0,0.12,0.01,0.13
,,,,Strategy,0.0,0.08,0.03,0.02,0.13
,,,,Simulation,0.0,0.13,0.0,0.0,0.13
,,,,Puzzle,0.0,0.0,0.12,0.01,0.13
,,,,Platform,0.0,0.0,0.12,0.01,0.13
,,,,Simulation,0.0,0.02,0.1,0.01,0.13
,,,,Misc,0.13,0.0,0.0,0.0,0.13
,,,,Puzzle,0.13,0.0,0.0,0.0,0.13
,,,,Shooter,0.0,0.02,0.1,0.01,0.13
,,,,Action,0.03,0.02,0.08,0.0,0.13
,,,,Misc,0.0,0.0,0.12,0.01,0.13
,,,,Shooter,0.0,0.0,0.12,0.01,0.13
,,,,Shooter,0.0,0.05,0.06,0.02,0.13
,,,,Platform,0.0,0.03,0.09,0.0,0.13
,,,,Puzzle,0.0,0.0,0.12,0.01,0.13
,,,,Misc,0.0,0.0,0.12,0.01,0.13
,,,,Action,0.0,0.01,0.11,0.01,0.13
,,,,Role-Playing,0.13,0.0,0.0,0.0,0.13
,,,,Misc,0.0,0.05,0.06,0.02,0.13
,,,,Puzzle,0.13,0.0,0.0,0.0,0.13
,,,,Shooter,0.0,0.01,0.1,0.01,0.13
,,,,Sports,0.12,0.0,0.0,0.01,0.13
,,,,Sports,0.0,0.05,0.06,0.02,0.13
,,,,Action,0.13,0.0,0.0,0.0,0.13
,,,,Role-Playing,0.13,0.0,0.0,0.0,0.13
,,,,Action,0.0,0.03,0.09,0.01,0.13
,,,,Role-Playing,0.0,0.05,0.06,0.02,0.13
,,,,Puzzle,0.0,0.01,0.1,0.01,0.13
,,,,Sports,0.0,0.0,0.12,0.01,0.13
,,,,Misc,0.0,0.04,0.08,0.01,0.13
,,,,Misc,0.13,0.0,0.0,0.0,0.13
,,,,Role-Playing,0.13,0.0,0.0,0.0,0.13
,,,,Action,0.0,0.1,0.0,0.03,0.13
,,,,Platform,0.0,0.03,0.09,0.0,0.13
,,,,Role-Playing,0.0,0.04,0.07,0.02,0.13
,,,,Action,0.0,0.03,0.1,0.0,0.13
,,,,Racing,0.0,0.05,0.06,0.02,0.13
,,,,Sports,0.0,0.03,0.1,0.0,0.13
,,,,Action,0.0,0.01,0.11,0.01,0.13
,,,,Action,0.0,0.04,0.07,0.02,0.13
,,,,Racing,0.13,0.0,0.0,0.0,0.13
,,,,Shooter,0.0,0.04,0.08,0.01,0.13
,,,,Sports,0.0,0.0,0.12,0.01,0.13
,,,,Fighting,0.0,0.03,0.1,0.0,0.13
,,,,Puzzle,0.0,0.02,0.1,0.01,0.13
,,,,Action,0.0,0.01,0.11,0.01,0.13
,,,,Shooter,0.13,0.0,0.0,0.0,0.13
,,,,Sports,0.0,0.03,0.1,0.0,0.13
,,,,Action,0.13,0.0,0.0,0.0,0.13
,,,,Role-Playing,0.13,0.0,0.0,0.0,0.13
,,,,Shooter,0.0,0.0,0.11,0.01,0.13
,,,,Platform,0.0,0.05,0.06,0.02,0.13
,,,,Misc,0.0,0.03,0.09,0.0,0.13
,,,,Sports,0.0,0.08,0.04,0.01,0.13
,,,,Action,0.0,0.03,0.08,0.01,0.13
,,,,Action,0.0,0.05,0.06,0.02,0.13
,,,,Platform,0.0,0.05,0.06,0.02,0.13
,,,,Racing,0.0,0.01,0.11,0.01,0.13
,,,,Action,0.0,0.05,0.07,0.01,0.13
,,,,Action,0.13,0.0,0.0,0.0,0.13
,,,,Action,0.0,0.03,0.1,0.0,0.13
,,,,Action,0.04,0.05,0.02,0.01,0.13
,,,,Misc,0.0,0.0,0.11,0.01,0.13
,,,,Simulation,0.0,0.05,0.06,0.02,0.13
,,,,Platform,0.0,0.03,0.1,0.0,0.13
,,,,Shooter,0.0,0.03,0.1,0.0,0.13
,,,,Action,0.13,0.0,0.0,0.0,0.13
,,,,Action,0.0,0.01,0.11,0.01,0.13
,,,,Misc,0.0,0.03,0.1,0.0,0.13
,,,,Action,0.0,0.03,0.1,0.0,0.13
,,,,Sports,0.0,0.05,0.07,0.01,0.13
,,,,Sports,0.0,0.05,0.06,0.02,0.13
,,,,Strategy,0.13,0.0,0.0,0.0,0.13
,,,,Sports,0.12,0.0,0.0,0.0,0.13
,,,,Sports,0.0,0.0,0.12,0.01,0.13
,,,,Misc,0.0,0.03,0.1,0.0,0.13
,,,,Action,0.0,0.07,0.05,0.01,0.13
,,,,Action,0.0,0.03,0.09,0.01,0.13
,,,,Racing,0.0,0.03,0.09,0.0,0.13
,,,,Misc,0.0,0.0,0.12,0.01,0.13
,,,,Puzzle,0.0,0.03,0.09,0.0,0.13
,,,,Simulation,0.01,0.02,0.09,0.01,0.13
,,,,Adventure,0.0,0.01,0.11,0.01,0.13
,,,,Sports,0.0,0.0,0.12,0.01,0.13
,,,,Racing,0.0,0.05,0.06,0.02,0.13
,,,,Action,0.0,0.03,0.09,0.01,0.13
,,,,Racing,0.0,0.05,0.06,0.02,0.13
,,,,Simulation,0.0,0.01,0.1,0.01,0.13
,,,,Misc,0.0,0.05,0.07,0.01,0.13
,,,,Misc,0.0,0.01,0.1,0.01,0.13
,,,,Sports,0.0,0.05,0.07,0.01,0.13
,,,,Simulation,0.0,0.05,0.07,0.01,0.13
,,,,Sports,0.13,0.0,0.0,0.0,0.13
,,,,Adventure,0.13,0.0,0.0,0.0,0.13
,,,,Sports,0.0,0.03,0.09,0.0,0.13
,,,,Adventure,0.0,0.05,0.07,0.01,0.13
,,,,Racing,0.0,0.05,0.06,0.02,0.13
,,,,Fighting,0.0,0.03,0.1,0.0,0.13
,,,,Platform,0.0,0.0,0.12,0.01,0.13
,,,,Adventure,0.0,0.04,0.07,0.02,0.13
,,,,Sports,0.0,0.0,0.12,0.01,0.13
,,,,Platform,0.0,0.04,0.07,0.01,0.13
,,,,Role-Playing,0.13,0.0,0.0,0.0,0.13
,,,,Role-Playing,0.13,0.0,0.0,0.0,0.13
,,,,Platform,0.0,0.05,0.07,0.01,0.13
,,,,Platform,0.0,0.0,0.11,0.01,0.13
,,,,Racing,0.0,0.03,0.09,0.0,0.13
,,,,Puzzle,0.0,0.01,0.11,0.01,0.13
,,,,Racing,0.0,0.03,0.08,0.01,0.13
,,,,Action,0.0,0.0,0.12,0.01,0.13
,,,,Role-Playing,0.02,0.04,0.05,0.01,0.13
,,,,Misc,0.0,0.0,0.12,0.01,0.13
,,,,Action,0.13,0.0,0.0,0.0,0.13
,,,,Sports,0.0,0.0,0.11,0.01,0.13
,,,,Strategy,0.13,0.0,0.0,0.0,0.13
,,,,Action,0.0,0.0,0.12,0.01,0.13
,,,,Sports,0.0,0.03,0.09,0.0,0.13
,,,,Adventure,0.13,0.0,0.0,0.0,0.13
,,,,Misc,0.0,0.0,0.12,0.01,0.13
,,,,Racing,0.0,0.03,0.09,0.0,0.13
,,,,Shooter,0.0,0.03,0.1,0.0,0.13
,,,,Strategy,0.0,0.08,0.03,0.02,0.13
,,,,Role-Playing,0.06,0.01,0.04,0.02,0.13
,,,,Action,0.01,0.05,0.04,0.02,0.13
,,,,Misc,0.0,0.03,0.1,0.0,0.13
,,,,Shooter,0.13,0.0,0.0,0.0,0.13
,,,,Action,0.0,0.03,0.09,0.01,0.13
,,,,Role-Playing,0.13,0.0,0.0,0.0,0.13
,,,,Racing,0.0,0.03,0.09,0.0,0.13
,,,,Sports,0.0,0.05,0.06,0.02,0.13
,,,,Shooter,0.0,0.01,0.1,0.01,0.13
,,,,Shooter,0.0,0.04,0.08,0.01,0.13
,,,,Fighting,0.0,0.03,0.09,0.0,0.13
,,,,Sports,0.13,0.0,0.0,0.0,0.13
,,,,Shooter,0.0,0.03,0.09,0.0,0.13
,,,,Shooter,0.0,0.0,0.12,0.01,0.13
,,,,Role-Playing,0.01,0.0,0.1,0.01,0.13
,,,,Shooter,0.0,0.04,0.07,0.01,0.13
,,,,Fighting,0.0,0.04,0.06,0.02,0.13
,,,,Sports,0.12,0.0,0.0,0.01,0.13
,,,,Shooter,0.0,0.0,0.11,0.01,0.13
,,,,Sports,0.0,0.05,0.07,0.01,0.13
,,,,Simulation,0.0,0.02,0.09,0.01,0.13
,,,,Racing,0.0,0.03,0.09,0.0,0.12
,,,,Platform,0.12,0.0,0.0,0.0,0.12
,,,,Role-Playing,0.12,0.0,0.0,0.0,0.12
,,,,Action,0.0,0.01,0.11,0.01,0.12
,,,,Sports,0.0,0.05,0.07,0.01,0.12
,,,,Adventure,0.0,0.04,0.07,0.01,0.12
,,,,Action,0.0,0.04,0.07,0.01,0.12
,,,,Platform,0.0,0.03,0.09,0.0,0.12
,,,,Sports,0.12,0.0,0.0,0.0,0.12
,,,,Simulation,0.0,0.0,0.12,0.01,0.12
,,,,Platform,0.0,0.0,0.11,0.01,0.12
,,,,Racing,0.12,0.0,0.0,0.0,0.12
,,,,Sports,0.0,0.0,0.11,0.01,0.12
,,,,Action,0.12,0.0,0.0,0.0,0.12
,,,,Fighting,0.12,0.0,0.0,0.0,0.12
,,,,Fighting,0.0,0.05,0.07,0.01,0.12
,,,,Racing,0.0,0.01,0.11,0.01,0.12
,,,,Misc,0.0,0.01,0.1,0.01,0.12
,,,,Action,0.0,0.05,0.06,0.02,0.12
,,,,Role-Playing,0.0,0.02,0.1,0.0,0.12
,,,,Puzzle,0.0,0.0,0.11,0.01,0.12
,,,,Sports,0.0,0.1,0.0,0.03,0.12
,,,,Action,0.0,0.07,0.03,0.02,0.12
,,,,Strategy,0.0,0.05,0.06,0.02,0.12
,,,,Adventure,0.12,0.0,0.0,0.01,0.12
,,,,Action,0.12,0.0,0.0,0.0,0.12
,,,,Action,0.0,0.0,0.11,0.01,0.12
,,,,Strategy,0.0,0.01,0.11,0.01,0.12
,,,,Simulation,0.12,0.0,0.0,0.0,0.12
,,,,Shooter,0.0,0.05,0.07,0.01,0.12
,,,,Simulation,0.12,0.0,0.0,0.0,0.12
,,,,Action,0.0,0.0,0.12,0.01,0.12
,,,,Action,0.0,0.03,0.09,0.0,0.12
,,,,Action,0.0,0.1,0.0,0.03,0.12
,,,,Racing,0.0,0.1,0.0,0.02,0.12
,,,,Fighting,0.12,0.0,0.0,0.0,0.12
,,,,Shooter,0.0,0.02,0.09,0.01,0.12
,,,,Adventure,0.0,0.05,0.06,0.02,0.12
,,,,Action,0.12,0.0,0.0,0.0,0.12
,,,,Puzzle,0.0,0.0,0.11,0.01,0.12
,,,,Fighting,0.12,0.0,0.0,0.01,0.12
,,,,Racing,0.0,0.02,0.1,0.0,0.12
,,,,Shooter,0.0,0.07,0.05,0.01,0.12
,,,,Misc,0.12,0.0,0.0,0.0,0.12
,,,,Fighting,0.0,0.05,0.06,0.02,0.12
,,,,Sports,0.0,0.0,0.12,0.01,0.12
,,,,Action,0.12,0.0,0.0,0.0,0.12
,,,,Sports,0.0,0.03,0.09,0.0,0.12
,,,,Platform,0.0,0.05,0.06,0.02,0.12
,,,,Role-Playing,0.12,0.0,0.0,0.0,0.12
,,,,Misc,0.0,0.0,0.12,0.01,0.12
,,,,Adventure,0.07,0.02,0.03,0.01,0.12
,,,,Puzzle,0.0,0.0,0.12,0.01,0.12
,,,,Sports,0.0,0.09,0.03,0.01,0.12
,,,,Role-Playing,0.12,0.0,0.0,0.0,0.12
,,,,Action,0.0,0.07,0.05,0.01,0.12
,,,,Action,0.05,0.01,0.05,0.01,0.12
,,,,Simulation,0.0,0.05,0.07,0.01,0.12
,,,,Strategy,0.0,0.05,0.07,0.01,0.12
,,,,Fighting,0.12,0.0,0.0,0.0,0.12
,,,,Adventure,0.12,0.0,0.0,0.0,0.12
,,,,Puzzle,0.0,0.0,0.11,0.01,0.12
,,,,Action,0.12,0.0,0.0,0.0,0.12
,,,,Fighting,0.03,0.03,0.04,0.01,0.12
,,,,Action,0.0,0.0,0.11,0.01,0.12
,,,,Puzzle,0.0,0.05,0.06,0.02,0.12
,,,,Strategy,0.0,0.04,0.05,0.03,0.12
,,,,Role-Playing,0.0,0.05,0.07,0.01,0.12
,,,,Action,0.06,0.01,0.05,0.01,0.12
,,,,Action,0.06,0.05,0.0,0.01,0.12
,,,,Platform,0.0,0.03,0.09,0.0,0.12
,,,,Racing,0.0,0.05,0.06,0.02,0.12
,,,,Role-Playing,0.0,0.05,0.06,0.02,0.12
,,,,Platform,0.0,0.02,0.09,0.0,0.12
,,,,Racing,0.0,0.0,0.11,0.01,0.12
,,,,Puzzle,0.0,0.05,0.07,0.01,0.12
,,,,Misc,0.12,0.0,0.0,0.0,0.12
,,,,Fighting,0.06,0.04,0.0,0.02,0.12
,,,,Role-Playing,0.12,0.0,0.0,0.0,0.12
,,,,Role-Playing,0.12,0.0,0.0,0.0,0.12
,,,,Adventure,0.0,0.05,0.07,0.01,0.12
,,,,Sports,0.0,0.0,0.11,0.01,0.12
,,,,Adventure,0.0,0.01,0.11,0.01,0.12
,,,,Shooter,0.0,0.04,0.06,0.02,0.12
,,,,Strategy,0.03,0.0,0.09,0.01,0.12
,,,,Role-Playing,0.0,0.0,0.11,0.01,0.12
,,,,Puzzle,0.0,0.0,0.11,0.01,0.12
,,,,Fighting,0.0,0.01,0.11,0.01,0.12
,,,,Racing,0.0,0.06,0.04,0.02,0.12
,,,,Racing,0.0,0.01,0.1,0.01,0.12
,,,,Sports,0.0,0.0,0.11,0.01,0.12
,,,,Strategy,0.12,0.0,0.0,0.0,0.12
,,,,Shooter,0.12,0.0,0.0,0.0,0.12
,,,,Strategy,0.12,0.0,0.0,0.0,0.12
,,,,Puzzle,0.0,0.0,0.11,0.01,0.12
,,,,Action,0.0,0.02,0.1,0.01,0.12
,,,,Sports,0.0,0.09,0.02,0.02,0.12
,,,,Shooter,0.0,0.03,0.09,0.0,0.12
,,,,Role-Playing,0.12,0.0,0.0,0.0,0.12
,,,,Misc,0.0,0.05,0.06,0.02,0.12
,,,,Platform,0.0,0.03,0.09,0.0,0.12
,,,,Shooter,0.0,0.06,0.05,0.02,0.12
,,,,Action,0.12,0.0,0.0,0.0,0.12
,,,,Action,0.0,0.04,0.07,0.01,0.12
,,,,Action,0.12,0.0,0.0,0.0,0.12
,,,,Adventure,0.0,0.0,0.11,0.01,0.12
,,,,Racing,0.0,0.05,0.06,0.02,0.12
,,,,Misc,0.12,0.0,0.0,0.0,0.12
,,,,Racing,0.0,0.03,0.09,0.0,0.12
,,,,Adventure,0.0,0.05,0.06,0.02,0.12
,,,,Action,0.12,0.0,0.0,0.0,0.12
,,,,Platform,0.12,0.0,0.0,0.0,0.12
,,,,Action,0.0,0.05,0.06,0.02,0.12
,,,,Platform,0.0,0.04,0.07,0.01,0.12
,,,,Adventure,0.0,0.05,0.06,0.02,0.12
,,,,Simulation,0.0,0.0,0.11,0.01,0.12
,,,,Role-Playing,0.12,0.0,0.0,0.0,0.12
,,,,Sports,0.0,0.0,0.11,0.01,0.12
,,,,Action,0.05,0.03,0.03,0.01,0.12
,,,,Shooter,0.0,0.01,0.1,0.01,0.12
,,,,Shooter,0.01,0.04,0.07,0.01,0.12
,,,,Strategy,0.12,0.0,0.0,0.0,0.12
,,,,Role-Playing,0.09,0.03,0.0,0.0,0.12
,,,,Action,0.03,0.07,0.0,0.02,0.12
,,,,Misc,0.0,0.01,0.1,0.01,0.12
,,,,Sports,0.0,0.0,0.11,0.01,0.12
,,,,Fighting,0.02,0.05,0.03,0.02,0.12
,,,,Racing,0.0,0.03,0.09,0.0,0.12
,,,,Puzzle,0.0,0.0,0.11,0.01,0.12
,,,,Adventure,0.0,0.1,0.0,0.02,0.12
,,,,Sports,0.0,0.03,0.09,0.0,0.12
,,,,Misc,0.0,0.01,0.11,0.01,0.12
,,,,Racing,0.0,0.04,0.06,0.01,0.12
,,,,Misc,0.12,0.0,0.0,0.0,0.12
,,,,Fighting,0.0,0.0,0.11,0.01,0.12
,,,,Role-Playing,0.03,0.0,0.08,0.01,0.12
,,,,Adventure,0.0,0.03,0.09,0.0,0.12
,,,,Racing,0.0,0.0,0.11,0.01,0.12
,,,,Adventure,0.12,0.0,0.0,0.0,0.12
,,,,Role-Playing,0.11,0.0,0.01,0.0,0.12
,,,,Platform,0.0,0.05,0.07,0.01,0.12
,,,,Puzzle,0.0,0.0,0.11,0.01,0.12
,,,,Simulation,0.12,0.0,0.0,0.0,0.12
,,,,Action,0.01,0.02,0.08,0.01,0.12
,,,,Platform,0.01,0.0,0.1,0.01,0.12
,,,,Action,0.0,0.0,0.11,0.01,0.12
,,,,Platform,0.0,0.02,0.09,0.0,0.12
,,,,Strategy,0.12,0.0,0.0,0.0,0.12
,,,,Sports,0.11,0.0,0.0,0.01,0.12
,,,,Fighting,0.0,0.03,0.09,0.0,0.12
,,,,Action,0.12,0.0,0.0,0.0,0.12
,,,,Misc,0.0,0.0,0.11,0.01,0.12
,,,,Simulation,0.0,0.0,0.11,0.01,0.12
,,,,Action,0.12,0.0,0.0,0.0,0.12
,,,,Simulation,0.0,0.0,0.11,0.01,0.12
,,,,Action,0.0,0.02,0.08,0.02,0.12
,,,,Misc,0.0,0.03,0.09,0.01,0.12
,,,,Sports,0.0,0.02,0.09,0.0,0.12
,,,,Sports,0.0,0.01,0.11,0.0,0.12
,,,,Platform,0.0,0.02,0.1,0.0,0.12
,,,,Platform,0.0,0.02,0.1,0.0,0.12
,,,,Simulation,0.05,0.0,0.0,0.07,0.12
,,,,Fighting,0.0,0.03,0.09,0.0,0.12
,,,,Adventure,0.0,0.0,0.11,0.01,0.12
,,,,Role-Playing,0.03,0.0,0.09,0.01,0.12
,,,,Puzzle,0.0,0.0,0.11,0.01,0.12
,,,,Sports,0.0,0.05,0.06,0.02,0.12
,,,,Puzzle,0.0,0.01,0.1,0.01,0.12
,,,,Platform,0.0,0.05,0.06,0.02,0.12
,,,,Action,0.0,0.03,0.08,0.01,0.12
,,,,Role-Playing,0.0,0.02,0.09,0.01,0.12
,,,,Sports,0.0,0.0,0.11,0.01,0.12
,,,,Racing,0.0,0.0,0.11,0.01,0.12
,,,,Racing,0.0,0.03,0.09,0.0,0.12
,,,,Sports,0.0,0.0,0.11,0.01,0.12
,,,,Strategy,0.0,0.02,0.08,0.02,0.12
,,,,Racing,0.0,0.0,0.11,0.01,0.12
,,,,Action,0.0,0.02,0.08,0.02,0.12
,,,,Fighting,0.12,0.0,0.0,0.0,0.12
,,,,Role-Playing,0.04,0.0,0.07,0.01,0.12
,,,,Racing,0.0,0.0,0.11,0.01,0.12
,,,,Action,0.12,0.0,0.0,0.0,0.12
,,,,Misc,0.0,0.04,0.06,0.01,0.12
,,,,Sports,0.0,0.05,0.07,0.01,0.12
,,,,Platform,0.12,0.0,0.0,0.0,0.12
,,,,Racing,0.0,0.05,0.07,0.01,0.12
,,,,Role-Playing,0.12,0.0,0.0,0.0,0.12
,,,,Strategy,0.12,0.0,0.0,0.0,0.12
,,,,Racing,0.0,0.05,0.06,0.02,0.12
,,,,Platform,0.0,0.05,0.06,0.02,0.12
,,,,Misc,0.0,0.03,0.09,0.0,0.12
,,,,Shooter,0.12,0.0,0.0,0.0,0.12
,,,,Misc,0.0,0.0,0.11,0.01,0.12
,,,,Action,0.0,0.05,0.06,0.02,0.12
,,,,Racing,0.0,0.02,0.08,0.02,0.12
,,,,Strategy,0.0,0.0,0.11,0.01,0.12
,,,,Strategy,0.0,0.01,0.1,0.01,0.12
,,,,Misc,0.0,0.03,0.09,0.0,0.12
,,,,Sports,0.12,0.0,0.0,0.0,0.12
,,,,Puzzle,0.0,0.01,0.1,0.01,0.12
,,,,Role-Playing,0.02,0.0,0.09,0.01,0.12
,,,,Adventure,0.0,0.05,0.06,0.02,0.12
,,,,Racing,0.0,0.03,0.08,0.01,0.12
,,,,Misc,0.0,0.0,0.11,0.01,0.12
,,,,Misc,0.0,0.03,0.09,0.0,0.12
,,,,Sports,0.0,0.03,0.09,0.0,0.12
,,,,Misc,0.0,0.0,0.11,0.01,0.12
,,,,Role-Playing,0.12,0.0,0.0,0.0,0.12
,,,,Sports,0.0,0.0,0.11,0.01,0.12
,,,,Role-Playing,0.02,0.05,0.03,0.02,0.12
,,,,Sports,0.0,0.0,0.11,0.01,0.12
,,,,Misc,0.0,0.02,0.09,0.01,0.12
,,,,Sports,0.0,0.0,0.11,0.01,0.12
,,,,Shooter,0.12,0.0,0.0,0.0,0.12
,,,,Platform,0.0,0.03,0.08,0.0,0.12
,,,,Fighting,0.0,0.05,0.06,0.02,0.12
,,,,Sports,0.0,0.0,0.11,0.01,0.12
,,,,Sports,0.0,0.02,0.09,0.0,0.12
,,,,Platform,0.0,0.04,0.07,0.01,0.12
,,,,Sports,0.0,0.02,0.09,0.0,0.12
,,,,Action,0.0,0.07,0.03,0.02,0.12
,,,,Racing,0.0,0.0,0.11,0.01,0.12
,,,,Misc,0.0,0.0,0.11,0.01,0.12
,,,,Platform,0.0,0.03,0.09,0.0,0.12
,,,,Misc,0.0,0.0,0.11,0.01,0.12
,,,,Shooter,0.0,0.05,0.06,0.01,0.12
,,,,Racing,0.0,0.02,0.09,0.0,0.12
,,,,Action,0.12,0.0,0.0,0.0,0.12
,,,,Sports,0.0,0.04,0.07,0.01,0.12
,,,,Shooter,0.0,0.05,0.06,0.02,0.12
,,,,Sports,0.0,0.03,0.09,0.0,0.12
,,,,Shooter,0.0,0.1,0.0,0.02,0.12
,,,,Adventure,0.0,0.07,0.04,0.01,0.12
,,,,Misc,0.0,0.0,0.11,0.01,0.12
,,,,Fighting,0.12,0.0,0.0,0.0,0.12
,,,,Action,0.0,0.03,0.07,0.01,0.12
,,,,Sports,0.0,0.03,0.08,0.01,0.12
,,,,Strategy,0.0,0.01,0.1,0.01,0.12
,,,,Sports,0.03,0.0,0.08,0.01,0.12
,,,,Racing,0.0,0.01,0.1,0.01,0.12
,,,,Misc,0.1,0.0,0.01,0.0,0.12
,,,,Fighting,0.12,0.0,0.0,0.0,0.12
,,,,Action,0.01,0.06,0.02,0.02,0.12
,,,,Fighting,0.0,0.02,0.09,0.0,0.12
,,,,Simulation,0.0,0.08,0.02,0.01,0.12
,,,,Simulation,0.12,0.0,0.0,0.0,0.12
,,,,Role-Playing,0.12,0.0,0.0,0.0,0.12
,,,,Action,0.01,0.02,0.08,0.01,0.12
,,,,Puzzle,0.0,0.0,0.11,0.01,0.12
,,,,Sports,0.11,0.0,0.0,0.0,0.12
,,,,Shooter,0.0,0.03,0.08,0.01,0.12
,,,,Role-Playing,0.12,0.0,0.0,0.0,0.12
,,,,Sports,0.12,0.0,0.0,0.0,0.12
,,,,Adventure,0.0,0.04,0.06,0.02,0.12
,,,,Racing,0.0,0.04,0.07,0.01,0.12
,,,,Shooter,0.0,0.0,0.11,0.01,0.12
,,,,Fighting,0.0,0.03,0.09,0.0,0.12
,,,,Shooter,0.0,0.02,0.09,0.01,0.12
,,,,Sports,0.0,0.09,0.01,0.02,0.12
,,,,Puzzle,0.0,0.0,0.11,0.01,0.12
,,,,Action,0.05,0.03,0.02,0.01,0.12
,,,,Fighting,0.12,0.0,0.0,0.0,0.12
,,,,Strategy,0.11,0.0,0.0,0.01,0.12
,,,,Action,0.0,0.0,0.11,0.01,0.12
,,,,Adventure,0.12,0.0,0.0,0.0,0.12
,,,,Shooter,0.01,0.0,0.1,0.01,0.12
,,,,Action,0.06,0.02,0.02,0.01,0.12
,,,,Shooter,0.0,0.03,0.08,0.01,0.12
,,,,Misc,0.0,0.0,0.11,0.01,0.12
,,,,Simulation,0.0,0.0,0.11,0.01,0.12
,,,,Racing,0.0,0.03,0.06,0.02,0.12
,,,,Sports,0.12,0.0,0.0,0.0,0.12
,,,,Action,0.0,0.03,0.09,0.0,0.12
,,,,Action,0.0,0.03,0.08,0.01,0.12
,,,,Racing,0.0,0.04,0.07,0.01,0.12
,,,,Fighting,0.12,0.0,0.0,0.0,0.12
,,,,Shooter,0.0,0.03,0.08,0.0,0.12
,,,,Adventure,0.0,0.0,0.11,0.01,0.12
,,,,Misc,0.12,0.0,0.0,0.0,0.12
,,,,Adventure,0.0,0.04,0.06,0.01,0.12
,,,,Action,0.0,0.04,0.06,0.01,0.12
,,,,Sports,0.0,0.01,0.1,0.01,0.12
,,,,Racing,0.0,0.05,0.05,0.01,0.12
,,,,Adventure,0.0,0.03,0.09,0.0,0.12
,,,,Action,0.0,0.02,0.07,0.02,0.12
,,,,Action,0.0,0.05,0.06,0.01,0.12
,,,,Role-Playing,0.06,0.02,0.02,0.01,0.12
,,,,Action,0.0,0.03,0.09,0.0,0.12
,,,,Adventure,0.0,0.1,0.0,0.02,0.12
,,,,Puzzle,0.12,0.0,0.0,0.0,0.12
,,,,Role-Playing,0.12,0.0,0.0,0.0,0.12
,,,,Action,0.0,0.02,0.09,0.0,0.12
,,,,Sports,0.12,0.0,0.0,0.0,0.12
,,,,Misc,0.0,0.04,0.06,0.01,0.12
,,,,Puzzle,0.0,0.0,0.11,0.01,0.12
,,,,Action,0.0,0.03,0.07,0.01,0.12
,,,,Action,0.0,0.03,0.07,0.02,0.12
,,,,Puzzle,0.0,0.0,0.11,0.01,0.12
,,,,Role-Playing,0.02,0.01,0.06,0.02,0.12
,,,,Action,0.0,0.03,0.08,0.01,0.12
,,,,Shooter,0.12,0.0,0.0,0.0,0.12
,,,,Sports,0.0,0.04,0.06,0.01,0.12
,,,,Action,0.0,0.01,0.1,0.01,0.12
,,,,Adventure,0.0,0.02,0.09,0.0,0.12
,,,,Role-Playing,0.12,0.0,0.0,0.0,0.12
,,,,Sports,0.0,0.04,0.06,0.01,0.12
,,,,Role-Playing,0.0,0.04,0.06,0.01,0.12
,,,,Platform,0.0,0.02,0.09,0.01,0.12
,,,,Racing,0.0,0.02,0.09,0.0,0.12
,,,,Action,0.0,0.01,0.07,0.03,0.12
,,,,Action,0.0,0.02,0.09,0.0,0.12
,,,,Adventure,0.11,0.0,0.0,0.01,0.12
,,,,Role-Playing,0.0,0.03,0.07,0.01,0.12
,,,,Misc,0.0,0.01,0.09,0.01,0.12
,,,,Simulation,0.12,0.0,0.0,0.0,0.12
,,,,Action,0.12,0.0,0.0,0.0,0.12
,,,,Adventure,0.0,0.04,0.06,0.01,0.12
,,,,Misc,0.0,0.0,0.11,0.01,0.12
,,,,Simulation,0.0,0.03,0.07,0.01,0.12
,,,,Adventure,0.12,0.0,0.0,0.0,0.12
,,,,Strategy,0.11,0.0,0.0,0.01,0.12
,,,,Misc,0.12,0.0,0.0,0.0,0.12
,,,,Role-Playing,0.12,0.0,0.0,0.0,0.12
,,,,Action,0.0,0.02,0.09,0.01,0.12
,,,,Sports,0.0,0.0,0.11,0.01,0.12
,,,,Action,0.0,0.01,0.1,0.01,0.12
,,,,Sports,0.12,0.0,0.0,0.0,0.12
,,,,Fighting,0.12,0.0,0.0,0.0,0.12
,,,,Sports,0.0,0.02,0.09,0.0,0.12
,,,,Puzzle,0.0,0.07,0.02,0.02,0.12
,,,,Shooter,0.0,0.02,0.09,0.0,0.12
,,,,Role-Playing,0.0,0.1,0.0,0.02,0.12
,,,,Racing,0.02,0.04,0.05,0.01,0.12
,,,,Misc,0.0,0.0,0.11,0.01,0.12
,,,,Sports,0.0,0.0,0.11,0.01,0.12
,,,,Action,0.01,0.07,0.02,0.02,0.12
,,,,Action,0.0,0.02,0.09,0.0,0.12
,,,,Shooter,0.0,0.0,0.11,0.01,0.12
,,,,Racing,0.0,0.03,0.08,0.0,0.11
,,,,Adventure,0.0,0.0,0.11,0.01,0.11
,,,,Action,0.11,0.0,0.0,0.0,0.11
,,,,Fighting,0.11,0.0,0.0,0.0,0.11
,,,,Role-Playing,0.03,0.0,0.08,0.01,0.11
,,,,Misc,0.0,0.0,0.11,0.01,0.11
,,,,Sports,0.0,0.02,0.09,0.0,0.11
,,,,Racing,0.0,0.02,0.09,0.0,0.11
,,,,Strategy,0.11,0.0,0.0,0.0,0.11
,,,,Strategy,0.0,0.09,0.0,0.02,0.11
,,,,Strategy,0.0,0.02,0.09,0.01,0.11
,,,,Racing,0.0,0.04,0.06,0.01,0.11
,,,,Shooter,0.0,0.02,0.09,0.0,0.11
,,,,Racing,0.0,0.04,0.06,0.01,0.11
,,,,Racing,0.0,0.04,0.06,0.01,0.11
,,,,Misc,0.0,0.0,0.11,0.01,0.11
,,,,Misc,0.0,0.02,0.08,0.01,0.11
,,,,Platform,0.02,0.0,0.09,0.01,0.11
,,,,Sports,0.0,0.0,0.11,0.01,0.11
,,,,Puzzle,0.0,0.0,0.1,0.01,0.11
,,,,Sports,0.11,0.0,0.0,0.0,0.11
,,,,Fighting,0.11,0.0,0.0,0.0,0.11
,,,,Role-Playing,0.02,0.04,0.05,0.01,0.11
,,,,Action,0.0,0.02,0.09,0.0,0.11
,,,,Role-Playing,0.0,0.03,0.08,0.0,0.11
,,,,Adventure,0.11,0.0,0.0,0.0,0.11
,,,,Action,0.0,0.03,0.08,0.0,0.11
,,,,Role-Playing,0.11,0.0,0.0,0.0,0.11
,,,,Misc,0.0,0.02,0.08,0.01,0.11
,,,,Action,0.11,0.0,0.0,0.0,0.11
,,,,Sports,0.0,0.03,0.08,0.0,0.11
,,,,Shooter,0.0,0.01,0.1,0.01,0.11
,,,,Role-Playing,0.0,0.04,0.06,0.01,0.11
,,,,Sports,0.0,0.02,0.08,0.01,0.11
,,,,Misc,0.0,0.0,0.11,0.01,0.11
,,,,Misc,0.0,0.0,0.11,0.01,0.11
,,,,Simulation,0.0,0.0,0.11,0.01,0.11
,,,,Shooter,0.0,0.02,0.09,0.0,0.11
,,,,Fighting,0.0,0.01,0.09,0.01,0.11
,,,,Sports,0.11,0.0,0.0,0.0,0.11
,,,,Fighting,0.0,0.04,0.06,0.01,0.11
,,,,Sports,0.0,0.02,0.09,0.0,0.11
,,,,Racing,0.0,0.08,0.03,0.01,0.11
,,,,Action,0.11,0.0,0.0,0.0,0.11
,,,,Sports,0.02,0.08,0.0,0.01,0.11
,,,,Misc,0.0,0.04,0.06,0.01,0.11
,,,,Shooter,0.0,0.03,0.08,0.0,0.11
,,,,Fighting,0.0,0.04,0.06,0.01,0.11
,,,,Shooter,0.0,0.0,0.1,0.01,0.11
,,,,Strategy,0.0,0.04,0.06,0.01,0.11
,,,,Sports,0.0,0.01,0.1,0.01,0.11
,,,,Adventure,0.0,0.02,0.08,0.01,0.11
,,,,Sports,0.0,0.0,0.11,0.01,0.11
,,,,Sports,0.0,0.04,0.06,0.01,0.11
,,,,Action,0.0,0.02,0.08,0.0,0.11
,,,,Adventure,0.11,0.0,0.0,0.01,0.11
,,,,Action,0.11,0.0,0.0,0.0,0.11
,,,,Misc,0.11,0.0,0.0,0.0,0.11
,,,,Role-Playing,0.0,0.04,0.06,0.01,0.11
,,,,Misc,0.0,0.03,0.08,0.0,0.11
,,,,Strategy,0.0,0.0,0.11,0.01,0.11
,,,,Puzzle,0.11,0.0,0.0,0.0,0.11
,,,,Action,0.0,0.09,0.0,0.02,0.11
,,,,Role-Playing,0.0,0.04,0.06,0.01,0.11
,,,,Action,0.0,0.0,0.1,0.01,0.11
,,,,Misc,0.0,0.0,0.1,0.01,0.11
,,,,Misc,0.0,0.0,0.1,0.01,0.11
,,,,Sports,0.0,0.0,0.1,0.01,0.11
,,,,Strategy,0.0,0.04,0.06,0.01,0.11
,,,,Shooter,0.0,0.04,0.06,0.01,0.11
,,,,Sports,0.0,0.04,0.06,0.01,0.11
,,,,Adventure,0.0,0.0,0.11,0.01,0.11
,,,,Sports,0.0,0.09,0.0,0.03,0.11
,,,,Action,0.0,0.02,0.08,0.0,0.11
,,,,Action,0.0,0.02,0.08,0.0,0.11
,,,,Misc,0.0,0.0,0.1,0.01,0.11
,,,,Action,0.08,0.03,0.0,0.0,0.11
,,,,Action,0.0,0.02,0.08,0.01,0.11
,,,,Racing,0.0,0.01,0.09,0.01,0.11
,,,,Racing,0.0,0.02,0.09,0.0,0.11
,,,,Adventure,0.05,0.0,0.06,0.0,0.11
,,,,Misc,0.0,0.09,0.0,0.03,0.11
,,,,Fighting,0.01,0.0,0.09,0.01,0.11
,,,,Role-Playing,0.0,0.0,0.1,0.01,0.11
,,,,Misc,0.0,0.04,0.06,0.01,0.11
,,,,Fighting,0.11,0.0,0.0,0.01,0.11
,,,,Shooter,0.0,0.04,0.06,0.01,0.11
,,,,Shooter,0.0,0.03,0.07,0.01,0.11
,,,,Action,0.0,0.02,0.08,0.0,0.11
,,,,Adventure,0.11,0.0,0.0,0.0,0.11
,,,,Action,0.0,0.06,0.05,0.01,0.11
,,,,Sports,0.03,0.0,0.08,0.01,0.11
,,,,Role-Playing,0.11,0.0,0.0,0.0,0.11
,,,,Sports,0.11,0.0,0.0,0.01,0.11
,,,,Action,0.0,0.02,0.08,0.0,0.11
,,,,Action,0.0,0.04,0.06,0.01,0.11
,,,,Misc,0.0,0.0,0.11,0.01,0.11
,,,,Racing,0.11,0.0,0.0,0.0,0.11
,,,,Shooter,0.0,0.0,0.1,0.01,0.11
,,,,Simulation,0.0,0.03,0.07,0.02,0.11
,,,,Puzzle,0.0,0.01,0.09,0.01,0.11
,,,,Action,0.0,0.04,0.06,0.01,0.11
,,,,Action,0.01,0.0,0.08,0.02,0.11
,,,,Action,0.11,0.0,0.0,0.0,0.11
,,,,Strategy,0.0,0.1,0.0,0.02,0.11
,,,,Puzzle,0.0,0.0,0.1,0.01,0.11
,,,,Sports,0.0,0.01,0.1,0.01,0.11
,,,,Misc,0.11,0.0,0.0,0.0,0.11
,,,,Sports,0.0,0.1,0.0,0.01,0.11
,,,,Racing,0.0,0.0,0.1,0.01,0.11
,,,,Sports,0.0,0.06,0.02,0.03,0.11
,,,,Action,0.0,0.08,0.0,0.04,0.11
,,,,Simulation,0.0,0.0,0.11,0.01,0.11
,,,,Sports,0.0,0.02,0.08,0.0,0.11
,,,,Shooter,0.06,0.01,0.04,0.0,0.11
,,,,Shooter,0.0,0.0,0.11,0.01,0.11
,,,,Action,0.06,0.02,0.03,0.01,0.11
,,,,Platform,0.0,0.0,0.1,0.01,0.11
,,,,Adventure,0.0,0.0,0.1,0.01,0.11
,,,,Shooter,0.0,0.02,0.08,0.0,0.11
,,,,Misc,0.0,0.0,0.1,0.01,0.11
,,,,Sports,0.0,0.02,0.09,0.01,0.11
,,,,Sports,0.11,0.0,0.0,0.0,0.11
,,,,Action,0.11,0.0,0.0,0.0,0.11
,,,,Shooter,0.0,0.02,0.09,0.0,0.11
,,,,Adventure,0.0,0.03,0.07,0.01,0.11
,,,,Shooter,0.0,0.04,0.05,0.01,0.11
,,,,Adventure,0.0,0.05,0.05,0.01,0.11
,,,,Fighting,0.0,0.04,0.06,0.01,0.11
,,,,Fighting,0.1,0.0,0.0,0.01,0.11
,,,,Puzzle,0.0,0.05,0.05,0.01,0.11
,,,,Simulation,0.0,0.03,0.07,0.01,0.11
,,,,Sports,0.11,0.0,0.0,0.0,0.11
,,,,Action,0.0,0.03,0.08,0.0,0.11
,,,,Misc,0.0,0.03,0.08,0.0,0.11
,,,,Simulation,0.0,0.0,0.1,0.01,0.11
,,,,Strategy,0.0,0.03,0.08,0.0,0.11
,,,,Sports,0.0,0.02,0.09,0.0,0.11
,,,,Action,0.0,0.03,0.08,0.01,0.11
,,,,Adventure,0.11,0.0,0.0,0.0,0.11
,,,,Platform,0.0,0.0,0.1,0.01,0.11
,,,,Adventure,0.02,0.02,0.07,0.01,0.11
,,,,Role-Playing,0.04,0.02,0.04,0.02,0.11
,,,,Fighting,0.0,0.04,0.05,0.01,0.11
,,,,Sports,0.11,0.0,0.0,0.0,0.11
,,,,Misc,0.0,0.03,0.07,0.01,0.11
,,,,Misc,0.11,0.0,0.0,0.0,0.11
,,,,Strategy,0.11,0.0,0.0,0.0,0.11
,,,,Simulation,0.0,0.04,0.05,0.01,0.11
,,,,Misc,0.0,0.01,0.1,0.01,0.11
,,,,Adventure,0.11,0.0,0.0,0.0,0.11
,,,,Platform,0.0,0.03,0.08,0.0,0.11
,,,,Platform,0.0,0.02,0.08,0.0,0.11
,,,,Adventure,0.0,0.08,0.0,0.03,0.11
,,,,Fighting,0.0,0.02,0.09,0.0,0.11
,,,,Racing,0.0,0.02,0.09,0.0,0.11
,,,,Action,0.11,0.0,0.0,0.0,0.11
,,,,Action,0.0,0.01,0.1,0.01,0.11
,,,,Adventure,0.0,0.0,0.1,0.01,0.11
,,,,Shooter,0.0,0.03,0.08,0.0,0.11
,,,,Sports,0.11,0.0,0.0,0.0,0.11
,,,,Shooter,0.0,0.0,0.1,0.01,0.11
,,,,Racing,0.0,0.02,0.08,0.01,0.11
,,,,Action,0.0,0.02,0.08,0.01,0.11
,,,,Strategy,0.0,0.04,0.05,0.01,0.11
,,,,Simulation,0.11,0.0,0.0,0.0,0.11
,,,,Misc,0.0,0.01,0.09,0.01,0.11
,,,,Platform,0.0,0.0,0.1,0.01,0.11
,,,,Action,0.0,0.01,0.09,0.01,0.11
,,,,Racing,0.0,0.1,0.0,0.01,0.11
,,,,Action,0.0,0.02,0.08,0.01,0.11
,,,,Action,0.0,0.0,0.1,0.01,0.11
,,,,Adventure,0.11,0.0,0.0,0.0,0.11
,,,,Misc,0.0,0.0,0.1,0.01,0.11
,,,,Fighting,0.0,0.02,0.09,0.0,0.11
,,,,Sports,0.0,0.02,0.08,0.0,0.11
,,,,Role-Playing,0.0,0.04,0.05,0.01,0.11
,,,,Action,0.0,0.03,0.08,0.0,0.11
,,,,Adventure,0.0,0.09,0.0,0.02,0.11
,,,,Platform,0.0,0.07,0.02,0.02,0.11
,,,,Shooter,0.0,0.04,0.06,0.01,0.11
,,,,Adventure,0.0,0.04,0.06,0.01,0.11
,,,,Strategy,0.0,0.04,0.05,0.01,0.11
,,,,Misc,0.0,0.03,0.07,0.01,0.11
,,,,Misc,0.0,0.01,0.09,0.01,0.11
,,,,Sports,0.0,0.02,0.08,0.01,0.11
,,,,Racing,0.0,0.0,0.1,0.01,0.11
,,,,Action,0.03,0.0,0.08,0.01,0.11
,,,,Sports,0.0,0.05,0.05,0.01,0.11
,,,,Action,0.0,0.02,0.08,0.0,0.11
,,,,Action,0.0,0.04,0.05,0.01,0.11
,,,,Platform,0.0,0.01,0.09,0.01,0.11
,,,,Role-Playing,0.0,0.0,0.11,0.0,0.11
,,,,Sports,0.0,0.02,0.08,0.0,0.11
,,,,Role-Playing,0.11,0.0,0.0,0.0,0.11
,,,,Action,0.11,0.0,0.0,0.0,0.11
,,,,Action,0.0,0.02,0.09,0.0,0.11
,,,,Action,0.0,0.03,0.08,0.0,0.11
,,,,Misc,0.0,0.05,0.04,0.02,0.11
,,,,Adventure,0.0,0.0,0.1,0.01,0.11
,,,,Misc,0.02,0.02,0.07,0.0,0.11
,,,,Misc,0.0,0.0,0.1,0.01,0.11
,,,,Racing,0.0,0.03,0.07,0.01,0.11
,,,,Shooter,0.0,0.04,0.05,0.01,0.11
,,,,Simulation,0.0,0.04,0.05,0.01,0.11
,,,,Role-Playing,0.11,0.0,0.0,0.0,0.11
,,,,Misc,0.0,0.0,0.1,0.01,0.11
,,,,Action,0.11,0.0,0.0,0.0,0.11
,,,,Action,0.0,0.03,0.07,0.01,0.11
,,,,Puzzle,0.11,0.0,0.0,0.0,0.11
,,,,Action,0.0,0.0,0.09,0.01,0.11
,,,,Simulation,0.0,0.0,0.1,0.01,0.11
,,,,Shooter,0.0,0.02,0.08,0.0,0.11
,,,,Simulation,0.0,0.0,0.1,0.01,0.11
,,,,Action,0.0,0.01,0.09,0.01,0.11
,,,,Racing,0.0,0.02,0.07,0.02,0.11
,,,,Misc,0.0,0.07,0.03,0.01,0.11
,,,,Fighting,0.0,0.04,0.05,0.01,0.11
,,,,Adventure,0.11,0.0,0.0,0.0,0.11
,,,,Action,0.0,0.04,0.06,0.01,0.11
,,,,Sports,0.0,0.02,0.09,0.0,0.11
,,,,Platform,0.0,0.02,0.09,0.0,0.11
,,,,Simulation,0.0,0.02,0.09,0.0,0.11
,,,,Platform,0.0,0.02,0.09,0.0,0.11
,,,,Racing,0.0,0.02,0.09,0.0,0.11
,,,,Action,0.0,0.02,0.09,0.0,0.11
,,,,Racing,0.0,0.02,0.09,0.0,0.11
,,,,Action,0.0,0.02,0.09,0.0,0.11
,,,,Action,0.0,0.09,0.0,0.02,0.11
,,,,Misc,0.0,0.0,0.1,0.01,0.11
,,,,Adventure,0.0,0.04,0.05,0.02,0.11
,,,,Fighting,0.03,0.01,0.07,0.01,0.11
,,,,Action,0.0,0.03,0.07,0.01,0.11
,,,,Fighting,0.11,0.0,0.0,0.0,0.11
,,,,Shooter,0.0,0.04,0.05,0.01,0.11
,,,,Role-Playing,0.11,0.0,0.0,0.0,0.11
,,,,Action,0.11,0.0,0.0,0.0,0.11
,,,,Simulation,0.0,0.04,0.05,0.01,0.11
,,,,Adventure,0.11,0.0,0.0,0.0,0.11
,,,,Role-Playing,0.11,0.0,0.0,0.0,0.11
,,,,Action,0.0,0.07,0.03,0.02,0.11
,,,,Sports,0.0,0.04,0.05,0.01,0.11
,,,,Adventure,0.0,0.02,0.08,0.01,0.11
,,,,Sports,0.0,0.01,0.09,0.01,0.11
,,,,Puzzle,0.0,0.04,0.06,0.01,0.11
,,,,Platform,0.0,0.0,0.1,0.01,0.11
,,,,Action,0.11,0.0,0.0,0.0,0.11
,,,,Adventure,0.01,0.0,0.09,0.01,0.11
,,,,Action,0.0,0.04,0.05,0.01,0.11
,,,,Action,0.0,0.03,0.07,0.01,0.11
,,,,Shooter,0.0,0.05,0.05,0.01,0.11
,,,,Misc,0.11,0.0,0.0,0.0,0.11
,,,,Adventure,0.11,0.0,0.0,0.0,0.11
,,,,Action,0.0,0.0,0.1,0.01,0.11
,,,,Racing,0.0,0.01,0.1,0.01,0.11
,,,,Misc,0.0,0.04,0.05,0.02,0.11
,,,,Action,0.0,0.0,0.1,0.01,0.11
,,,,Sports,0.0,0.02,0.08,0.0,0.11
,,,,Sports,0.0,0.02,0.08,0.0,0.11
,,,,Fighting,0.0,0.02,0.08,0.0,0.11
,,,,Racing,0.0,0.04,0.06,0.01,0.11
,,,,Racing,0.0,0.04,0.06,0.01,0.11
,,,,Action,0.09,0.01,0.0,0.0,0.11
,,,,Sports,0.11,0.0,0.0,0.0,0.11
,,,,Puzzle,0.0,0.02,0.08,0.01,0.11
,,,,Adventure,0.0,0.0,0.1,0.01,0.11
,,,,Simulation,0.0,0.02,0.08,0.01,0.11
,,,,Platform,0.0,0.0,0.1,0.01,0.11
,,,,Fighting,0.07,0.03,0.0,0.01,0.11
,,,,Role-Playing,0.11,0.0,0.0,0.0,0.11
,,,,Platform,0.0,0.07,0.02,0.02,0.11
,,,,Action,0.0,0.0,0.1,0.01,0.11
,,,,Role-Playing,0.11,0.0,0.0,0.0,0.11
,,,,Action,0.0,0.02,0.08,0.0,0.11
,,,,Sports,0.0,0.0,0.1,0.01,0.11
,,,,Fighting,0.0,0.04,0.06,0.01,0.11
,,,,Role-Playing,0.11,0.0,0.0,0.0,0.11
,,,,Simulation,0.0,0.0,0.1,0.01,0.11
,,,,Action,0.11,0.0,0.0,0.0,0.11
,,,,Puzzle,0.0,0.0,0.1,0.01,0.11
,,,,Adventure,0.0,0.02,0.08,0.0,0.11
,,,,Action,0.0,0.04,0.05,0.01,0.11
,,,,Platform,0.0,0.01,0.09,0.01,0.11
,,,,Strategy,0.0,0.04,0.05,0.01,0.11
,,,,Sports,0.0,0.04,0.05,0.01,0.11
,,,,Sports,0.11,0.0,0.0,0.0,0.11
,,,,Platform,0.0,0.02,0.08,0.0,0.11
,,,,Role-Playing,0.0,0.09,0.0,0.02,0.11
,,,,Action,0.01,0.01,0.08,0.01,0.11
,,,,Misc,0.0,0.02,0.08,0.0,0.11
,,,,Sports,0.0,0.02,0.08,0.01,0.11
,,,,Adventure,0.0,0.02,0.08,0.0,0.11
,,,,Sports,0.0,0.02,0.08,0.0,0.11
,,,,Racing,0.0,0.0,0.1,0.01,0.11
,,,,Action,0.04,0.01,0.05,0.01,0.11
,,,,Sports,0.0,0.0,0.1,0.01,0.11
,,,,Action,0.0,0.01,0.09,0.01,0.11
,,,,Platform,0.0,0.03,0.08,0.0,0.11
,,,,Misc,0.0,0.04,0.05,0.01,0.11
,,,,Sports,0.0,0.09,0.01,0.01,0.11
,,,,Action,0.0,0.01,0.09,0.01,0.11
,,,,Misc,0.11,0.0,0.0,0.0,0.11
,,,,Misc,0.0,0.02,0.08,0.01,0.11
,,,,Shooter,0.0,0.04,0.05,0.01,0.11
,,,,Misc,0.0,0.0,0.1,0.01,0.11
,,,,Misc,0.0,0.02,0.08,0.0,0.11
,,,,Shooter,0.0,0.01,0.09,0.01,0.11
,,,,Adventure,0.11,0.0,0.0,0.0,0.11
,,,,Role-Playing,0.0,0.0,0.1,0.01,0.11
,,,,Action,0.0,0.0,0.1,0.01,0.11
,,,,Action,0.0,0.04,0.06,0.01,0.11
,,,,Action,0.0,0.02,0.08,0.01,0.11
,,,,Racing,0.0,0.02,0.08,0.0,0.11
,,,,Role-Playing,0.11,0.0,0.0,0.0,0.11
,,,,Sports,0.0,0.06,0.03,0.02,0.11
,,,,Strategy,0.11,0.0,0.0,0.0,0.11
,,,,Racing,0.0,0.04,0.06,0.01,0.11
,,,,Action,0.0,0.0,0.1,0.01,0.11
,,,,Shooter,0.0,0.04,0.06,0.01,0.11
,,,,Misc,0.0,0.04,0.06,0.01,0.11
,,,,Puzzle,0.11,0.0,0.0,0.0,0.11
,,,,Racing,0.0,0.0,0.1,0.01,0.11
,,,,Puzzle,0.11,0.0,0.0,0.0,0.11
,,,,Action,0.0,0.04,0.05,0.01,0.11
,,,,Misc,0.11,0.0,0.0,0.0,0.11
,,,,Puzzle,0.0,0.02,0.08,0.01,0.11
,,,,Misc,0.06,0.03,0.0,0.01,0.11
,,,,Misc,0.0,0.03,0.06,0.02,0.11
,,,,Shooter,0.0,0.0,0.1,0.01,0.11
,,,,Strategy,0.0,0.04,0.06,0.01,0.11
,,,,Strategy,0.0,0.04,0.06,0.01,0.11
,,,,Action,0.0,0.0,0.1,0.01,0.11
,,,,Misc,0.0,0.0,0.1,0.01,0.11
,,,,Action,0.0,0.03,0.06,0.01,0.11
,,,,Simulation,0.11,0.0,0.0,0.0,0.11
,,,,Role-Playing,0.11,0.0,0.0,0.0,0.11
,,,,Sports,0.0,0.0,0.1,0.01,0.11
,,,,Action,0.0,0.03,0.07,0.01,0.11
,,,,Simulation,0.0,0.0,0.1,0.01,0.11
,,,,Puzzle,0.0,0.0,0.1,0.01,0.11
,,,,Misc,0.1,0.0,0.0,0.01,0.11
,,,,Action,0.0,0.0,0.1,0.01,0.11
,,,,Sports,0.09,0.0,0.01,0.01,0.11
,,,,Simulation,0.0,0.0,0.1,0.01,0.11
,,,,Action,0.0,0.03,0.08,0.0,0.11
,,,,Misc,0.1,0.0,0.0,0.01,0.11
,,,,Misc,0.0,0.01,0.09,0.01,0.11
,,,,Sports,0.0,0.0,0.1,0.01,0.11
,,,,Sports,0.0,0.0,0.1,0.01,0.11
,,,,Puzzle,0.0,0.04,0.05,0.01,0.11
,,,,Action,0.01,0.0,0.08,0.01,0.11
,,,,Action,0.0,0.08,0.0,0.02,0.11
,,,,Platform,0.0,0.03,0.08,0.0,0.11
,,,,Sports,0.0,0.04,0.06,0.01,0.11
,,,,Role-Playing,0.11,0.0,0.0,0.0,0.11
,,,,Adventure,0.11,0.0,0.0,0.0,0.11
,,,,Sports,0.1,0.0,0.0,0.01,0.11
,,,,Sports,0.0,0.02,0.08,0.0,0.11
,,,,Shooter,0.0,0.04,0.06,0.01,0.11
,,,,Puzzle,0.0,0.0,0.1,0.01,0.11
,,,,Fighting,0.04,0.01,0.05,0.01,0.11
,,,,Role-Playing,0.11,0.0,0.0,0.0,0.11
,,,,Adventure,0.0,0.08,0.0,0.02,0.11
,,,,Adventure,0.1,0.0,0.0,0.01,0.11
,,,,Action,0.06,0.04,0.0,0.01,0.11
,,,,Sports,0.0,0.0,0.1,0.01,0.11
,,,,Shooter,0.0,0.0,0.1,0.01,0.11
,,,,Action,0.0,0.06,0.04,0.01,0.11
,,,,Shooter,0.0,0.02,0.08,0.0,0.11
,,,,Misc,0.0,0.0,0.1,0.01,0.11
,,,,Misc,0.0,0.0,0.1,0.01,0.11
,,,,Sports,0.0,0.0,0.1,0.01,0.11
,,,,Action,0.0,0.03,0.07,0.01,0.11
,,,,Adventure,0.11,0.0,0.0,0.0,0.11
,,,,Misc,0.0,0.04,0.05,0.01,0.11
,,,,Sports,0.11,0.0,0.0,0.0,0.11
,,,,Shooter,0.0,0.02,0.08,0.0,0.11
,,,,Adventure,0.0,0.04,0.06,0.01,0.11
,,,,Racing,0.0,0.04,0.06,0.01,0.11
,,,,Role-Playing,0.11,0.0,0.0,0.0,0.11
,,,,Adventure,0.0,0.01,0.09,0.01,0.11
,,,,Fighting,0.0,0.02,0.08,0.0,0.11
,,,,Strategy,0.09,0.01,0.01,0.01,0.11
,,,,Adventure,0.0,0.04,0.06,0.01,0.11
,,,,Fighting,0.11,0.0,0.0,0.0,0.11
,,,,Adventure,0.11,0.0,0.0,0.0,0.11
,,,,Misc,0.0,0.03,0.08,0.0,0.11
,,,,Racing,0.0,0.04,0.05,0.01,0.11
,,,,Role-Playing,0.11,0.0,0.0,0.0,0.11
,,,,Misc,0.0,0.0,0.1,0.01,0.11
,,,,Role-Playing,0.11,0.0,0.0,0.0,0.11
,,,,Misc,0.0,0.03,0.07,0.01,0.11
,,,,Action,0.11,0.0,0.0,0.0,0.11
,,,,Misc,0.0,0.0,0.1,0.01,0.11
,,,,Shooter,0.0,0.03,0.08,0.0,0.11
,,,,Fighting,0.03,0.0,0.06,0.02,0.11
,,,,Strategy,0.0,0.04,0.06,0.01,0.11
,,,,Action,0.11,0.0,0.0,0.0,0.11
,,,,Action,0.04,0.01,0.04,0.02,0.11
,,,,Sports,0.11,0.0,0.0,0.0,0.11
,,,,Simulation,0.0,0.0,0.1,0.01,0.11
,,,,Sports,0.11,0.0,0.0,0.0,0.11
,,,,Platform,0.0,0.04,0.06,0.01,0.11
,,,,Strategy,0.11,0.0,0.0,0.0,0.11
,,,,Action,0.0,0.04,0.06,0.01,0.11
,,,,Action,0.0,0.0,0.1,0.01,0.11
,,,,Shooter,0.0,0.02,0.08,0.0,0.11
,,,,Simulation,0.0,0.0,0.1,0.01,0.11
,,,,Shooter,0.05,0.02,0.03,0.01,0.11
,,,,Action,0.11,0.0,0.0,0.0,0.11
,,,,Role-Playing,0.02,0.07,0.0,0.02,0.11
,,,,Misc,0.0,0.08,0.0,0.02,0.11
,,,,Role-Playing,0.11,0.0,0.0,0.0,0.11
,,,,Simulation,0.0,0.04,0.06,0.01,0.11
,,,,Action,0.11,0.0,0.0,0.0,0.11
,,,,Sports,0.0,0.02,0.08,0.0,0.11
,,,,Fighting,0.11,0.0,0.0,0.0,0.11
,,,,Sports,0.01,0.04,0.05,0.01,0.11
,,,,Simulation,0.0,0.03,0.08,0.0,0.11
,,,,Sports,0.0,0.04,0.06,0.01,0.11
,,,,Adventure,0.1,0.0,0.0,0.01,0.11
,,,,Sports,0.0,0.0,0.09,0.01,0.1
,,,,Misc,0.1,0.0,0.0,0.0,0.1
,,,,Platform,0.0,0.0,0.1,0.01,0.1
,,,,Role-Playing,0.1,0.0,0.0,0.0,0.1
,,,,Sports,0.1,0.0,0.0,0.0,0.1
,,,,Sports,0.0,0.04,0.05,0.01,0.1
,,,,Role-Playing,0.03,0.0,0.07,0.01,0.1
,,,,Sports,0.1,0.0,0.0,0.0,0.1
,,,,Misc,0.0,0.0,0.1,0.01,0.1
,,,,Misc,0.0,0.0,0.1,0.01,0.1
,,,,Platform,0.0,0.01,0.09,0.01,0.1
,,,,Misc,0.0,0.01,0.09,0.01,0.1
,,,,Sports,0.0,0.04,0.05,0.01,0.1
,,,,Sports,0.1,0.0,0.0,0.0,0.1
,,,,Action,0.1,0.0,0.0,0.0,0.1
,,,,Fighting,0.0,0.02,0.08,0.0,0.1
,,,,Action,0.0,0.07,0.02,0.02,0.1
,,,,Action,0.1,0.0,0.0,0.0,0.1
,,,,Simulation,0.1,0.0,0.0,0.0,0.1
,,,,Strategy,0.0,0.0,0.09,0.01,0.1
,,,,Sports,0.0,0.0,0.1,0.01,0.1
,,,,Sports,0.1,0.0,0.0,0.0,0.1
,,,,Platform,0.0,0.02,0.08,0.0,0.1
,,,,Racing,0.0,0.04,0.05,0.01,0.1
,,,,Action,0.1,0.0,0.0,0.0,0.1
,,,,Action,0.0,0.02,0.08,0.0,0.1
,,,,Sports,0.0,0.02,0.08,0.0,0.1
,,,,Adventure,0.0,0.01,0.08,0.01,0.1
,,,,Shooter,0.0,0.02,0.08,0.0,0.1
,,,,Platform,0.0,0.09,0.0,0.01,0.1
,,,,Racing,0.0,0.04,0.05,0.01,0.1
,,,,Action,0.1,0.0,0.0,0.0,0.1
,,,,Sports,0.0,0.09,0.0,0.01,0.1
,,,,Sports,0.1,0.0,0.0,0.0,0.1
,,,,Racing,0.0,0.03,0.07,0.0,0.1
,,,,Misc,0.0,0.0,0.1,0.01,0.1
,,,,Sports,0.06,0.02,0.02,0.01,0.1
,,,,Action,0.0,0.04,0.05,0.02,0.1
,,,,Platform,0.0,0.04,0.05,0.01,0.1
,,,,Role-Playing,0.1,0.0,0.0,0.0,0.1
,,,,Puzzle,0.01,0.0,0.09,0.01,0.1
,,,,Racing,0.0,0.0,0.1,0.01,0.1
,,,,Action,0.0,0.01,0.09,0.01,0.1
,,,,Platform,0.0,0.04,0.05,0.01,0.1
,,,,Shooter,0.0,0.02,0.08,0.0,0.1
,,,,Adventure,0.0,0.08,0.0,0.02,0.1
,,,,Action,0.0,0.02,0.08,0.0,0.1
,,,,Misc,0.0,0.0,0.1,0.01,0.1
,,,,Action,0.0,0.01,0.09,0.01,0.1
,,,,Adventure,0.0,0.04,0.05,0.01,0.1
,,,,Adventure,0.0,0.03,0.06,0.01,0.1
,,,,Adventure,0.0,0.03,0.05,0.02,0.1
,,,,Racing,0.1,0.0,0.0,0.0,0.1
,,,,Misc,0.0,0.0,0.1,0.01,0.1
,,,,Adventure,0.1,0.0,0.0,0.0,0.1
,,,,Adventure,0.0,0.0,0.1,0.01,0.1
,,,,Shooter,0.1,0.0,0.0,0.0,0.1
,,,,Action,0.1,0.0,0.0,0.0,0.1
,,,,Racing,0.0,0.01,0.09,0.01,0.1
,,,,Sports,0.0,0.0,0.1,0.01,0.1
,,,,Sports,0.0,0.0,0.1,0.01,0.1
,,,,Racing,0.0,0.0,0.1,0.01,0.1
,,,,Puzzle,0.0,0.04,0.05,0.01,0.1
,,,,Puzzle,0.0,0.0,0.1,0.01,0.1
,,,,Role-Playing,0.1,0.0,0.0,0.0,0.1
,,,,Racing,0.07,0.03,0.0,0.01,0.1
,,,,Misc,0.1,0.0,0.0,0.0,0.1
,,,,Adventure,0.0,0.0,0.09,0.01,0.1
,,,,Simulation,0.0,0.04,0.05,0.01,0.1
,,,,Racing,0.0,0.03,0.07,0.0,0.1
,,,,Strategy,0.0,0.08,0.0,0.02,0.1
,,,,Action,0.0,0.04,0.06,0.01,0.1
,,,,Action,0.0,0.07,0.02,0.01,0.1
,,,,Fighting,0.0,0.0,0.1,0.01,0.1
,,,,Action,0.0,0.02,0.08,0.0,0.1
,,,,Sports,0.07,0.01,0.02,0.0,0.1
,,,,Platform,0.0,0.0,0.09,0.01,0.1
,,,,Sports,0.1,0.0,0.0,0.0,0.1
,,,,Shooter,0.0,0.04,0.06,0.01,0.1
,,,,Adventure,0.0,0.0,0.09,0.01,0.1
,,,,Role-Playing,0.1,0.0,0.0,0.0,0.1
,,,,Role-Playing,0.0,0.03,0.07,0.0,0.1
,,,,Role-Playing,0.0,0.06,0.02,0.02,0.1
,,,,Simulation,0.0,0.03,0.07,0.0,0.1
,,,,Fighting,0.0,0.04,0.05,0.01,0.1
,,,,Misc,0.1,0.0,0.0,0.0,0.1
,,,,Misc,0.0,0.0,0.09,0.01,0.1
,,,,Action,0.0,0.0,0.1,0.01,0.1
,,,,Simulation,0.0,0.0,0.09,0.01,0.1
,,,,Action,0.0,0.0,0.09,0.01,0.1
,,,,Shooter,0.0,0.05,0.04,0.01,0.1
,,,,Adventure,0.0,0.02,0.08,0.0,0.1
,,,,Sports,0.0,0.01,0.08,0.01,0.1
,,,,Action,0.0,0.04,0.05,0.01,0.1
,,,,Strategy,0.0,0.04,0.06,0.01,0.1
,,,,Fighting,0.1,0.0,0.0,0.01,0.1
,,,,Action,0.1,0.0,0.0,0.0,0.1
,,,,Shooter,0.0,0.03,0.06,0.01,0.1
,,,,Adventure,0.1,0.0,0.0,0.0,0.1
,,,,Misc,0.0,0.01,0.08,0.01,0.1
,,,,Misc,0.0,0.0,0.09,0.01,0.1
,,,,Action,0.0,0.0,0.1,0.01,0.1
,,,,Role-Playing,0.09,0.01,0.0,0.0,0.1
,,,,Misc,0.1,0.0,0.0,0.0,0.1
,,,,Misc,0.0,0.0,0.1,0.01,0.1
,,,,Strategy,0.1,0.0,0.0,0.0,0.1
,,,,Racing,0.0,0.02,0.08,0.0,0.1
,,,,Racing,0.0,0.03,0.07,0.0,0.1
,,,,Fighting,0.1,0.0,0.0,0.0,0.1
,,,,Sports,0.0,0.02,0.08,0.0,0.1
,,,,Misc,0.0,0.05,0.04,0.01,0.1
,,,,Strategy,0.1,0.0,0.0,0.0,0.1
,,,,Simulation,0.1,0.0,0.0,0.0,0.1
,,,,Strategy,0.0,0.0,0.09,0.01,0.1
,,,,Fighting,0.0,0.04,0.06,0.01,0.1
,,,,Racing,0.0,0.02,0.08,0.0,0.1
,,,,Strategy,0.0,0.01,0.08,0.01,0.1
,,,,Misc,0.0,0.0,0.09,0.01,0.1
,,,,Misc,0.0,0.0,0.09,0.01,0.1
,,,,Sports,0.0,0.1,0.0,0.0,0.1
,,,,Action,0.0,0.04,0.06,0.01,0.1
,,,,Adventure,0.1,0.0,0.0,0.0,0.1
,,,,Role-Playing,0.04,0.0,0.05,0.01,0.1
,,,,Action,0.0,0.0,0.1,0.01,0.1
,,,,Action,0.0,0.0,0.09,0.01,0.1
,,,,Fighting,0.0,0.02,0.08,0.0,0.1
,,,,Role-Playing,0.1,0.0,0.0,0.0,0.1
,,,,Action,0.1,0.0,0.0,0.0,0.1
,,,,Action,0.0,0.02,0.08,0.0,0.1
,,,,Misc,0.1,0.0,0.0,0.0,0.1
,,,,Action,0.0,0.04,0.06,0.01,0.1
,,,,Strategy,0.1,0.0,0.0,0.0,0.1
,,,,Misc,0.0,0.0,0.09,0.01,0.1
,,,,Fighting,0.0,0.0,0.09,0.01,0.1
,,,,Misc,0.1,0.0,0.0,0.0,0.1
,,,,Action,0.0,0.04,0.05,0.01,0.1
,,,,Racing,0.0,0.04,0.05,0.01,0.1
,,,,Role-Playing,0.02,0.02,0.06,0.0,0.1
,,,,Fighting,0.02,0.03,0.04,0.01,0.1
,,,,Sports,0.0,0.06,0.03,0.01,0.1
,,,,Sports,0.0,0.02,0.08,0.0,0.1
,,,,Adventure,0.1,0.0,0.0,0.0,0.1
,,,,Simulation,0.0,0.0,0.09,0.01,0.1
,,,,Action,0.0,0.04,0.05,0.02,0.1
,,,,Platform,0.0,0.0,0.09,0.01,0.1
,,,,Sports,0.0,0.0,0.09,0.01,0.1
,,,,Adventure,0.1,0.0,0.0,0.0,0.1
,,,,Sports,0.0,0.02,0.08,0.0,0.1
,,,,Role-Playing,0.0,0.01,0.09,0.01,0.1
,,,,Misc,0.0,0.02,0.07,0.01,0.1
,,,,Misc,0.02,0.0,0.08,0.01,0.1
,,,,Sports,0.0,0.1,0.0,0.0,0.1
,,,,Action,0.0,0.02,0.08,0.0,0.1
,,,,Shooter,0.0,0.04,0.05,0.01,0.1
,,,,Role-Playing,0.1,0.0,0.0,0.0,0.1
,,,,Shooter,0.0,0.04,0.05,0.01,0.1
,,,,Platform,0.0,0.04,0.05,0.01,0.1
,,,,Shooter,0.0,0.02,0.08,0.0,0.1
,,,,Action,0.0,0.02,0.08,0.0,0.1
,,,,Role-Playing,0.05,0.02,0.02,0.01,0.1
,,,,Action,0.1,0.0,0.0,0.0,0.1
,,,,Adventure,0.0,0.0,0.09,0.01,0.1
,,,,Racing,0.0,0.06,0.03,0.01,0.1
,,,,Misc,0.0,0.01,0.08,0.01,0.1
,,,,Role-Playing,0.01,0.0,0.07,0.02,0.1
,,,,Misc,0.0,0.04,0.05,0.01,0.1
,,,,Sports,0.0,0.04,0.06,0.01,0.1
,,,,Sports,0.0,0.0,0.09,0.01,0.1
,,,,Platform,0.0,0.02,0.08,0.0,0.1
,,,,Fighting,0.1,0.0,0.0,0.0,0.1
,,,,Misc,0.0,0.01,0.08,0.01,0.1
,,,,Shooter,0.1,0.0,0.0,0.0,0.1
,,,,Action,0.1,0.0,0.0,0.0,0.1
,,,,Sports,0.0,0.02,0.08,0.0,0.1
,,,,Strategy,0.0,0.1,0.0,0.01,0.1
,,,,Shooter,0.0,0.02,0.07,0.02,0.1
,,,,Misc,0.0,0.04,0.06,0.01,0.1
,,,,Role-Playing,0.03,0.0,0.06,0.0,0.1
,,,,Simulation,0.0,0.04,0.06,0.01,0.1
,,,,Action,0.0,0.02,0.07,0.01,0.1
,,,,Racing,0.0,0.0,0.09,0.01,0.1
,,,,Puzzle,0.0,0.0,0.09,0.01,0.1
,,,,Action,0.01,0.03,0.04,0.01,0.1
,,,,Misc,0.0,0.0,0.09,0.01,0.1
,,,,Role-Playing,0.0,0.04,0.05,0.01,0.1
,,,,Role-Playing,0.1,0.0,0.0,0.0,0.1
,,,,Puzzle,0.0,0.09,0.0,0.01,0.1
,,,,Misc,0.0,0.01,0.09,0.01,0.1
,,,,Simulation,0.1,0.0,0.0,0.0,0.1
,,,,Role-Playing,0.1,0.0,0.0,0.0,0.1
,,,,Action,0.0,0.03,0.07,0.0,0.1
,,,,Sports,0.0,0.0,0.09,0.01,0.1
,,,,Action,0.0,0.04,0.05,0.01,0.1
,,,,Sports,0.0,0.01,0.08,0.01,0.1
,,,,Action,0.0,0.0,0.09,0.01,0.1
,,,,Shooter,0.02,0.01,0.07,0.01,0.1
,,,,Puzzle,0.0,0.0,0.09,0.01,0.1
,,,,Simulation,0.1,0.0,0.0,0.0,0.1
,,,,Sports,0.0,0.02,0.08,0.0,0.1
,,,,Fighting,0.0,0.02,0.08,0.0,0.1
,,,,Platform,0.0,0.04,0.05,0.01,0.1
,,,,Shooter,0.1,0.0,0.0,0.0,0.1
,,,,Racing,0.0,0.04,0.06,0.01,0.1
,,,,Racing,0.0,0.0,0.09,0.01,0.1
,,,,Action,0.04,0.02,0.03,0.01,0.1
,,,,Role-Playing,0.0,0.02,0.08,0.0,0.1
,,,,Role-Playing,0.01,0.0,0.08,0.01,0.1
,,,,Sports,0.0,0.01,0.09,0.01,0.1
,,,,Racing,0.0,0.02,0.08,0.01,0.1
,,,,Misc,0.1,0.0,0.0,0.0,0.1
,,,,Shooter,0.0,0.04,0.05,0.01,0.1
,,,,Strategy,0.0,0.0,0.09,0.01,0.1
,,,,Strategy,0.1,0.0,0.0,0.0,0.1
,,,,Misc,0.0,0.02,0.08,0.0,0.1
,,,,Platform,0.0,0.02,0.08,0.0,0.1
,,,,Role-Playing,0.0,0.02,0.08,0.0,0.1
,,,,Fighting,0.05,0.0,0.05,0.01,0.1
,,,,Sports,0.0,0.02,0.08,0.0,0.1
,,,,Racing,0.0,0.02,0.08,0.0,0.1
,,,,Fighting,0.0,0.02,0.08,0.0,0.1
,,,,Sports,0.05,0.0,0.0,0.05,0.1
,,,,Action,0.0,0.02,0.08,0.0,0.1
,,,,Shooter,0.0,0.0,0.09,0.01,0.1
,,,,Racing,0.0,0.02,0.08,0.0,0.1
,,,,Sports,0.0,0.02,0.08,0.0,0.1
,,,,Fighting,0.0,0.04,0.06,0.01,0.1
,,,,Action,0.0,0.02,0.08,0.01,0.1
,,,,Misc,0.0,0.09,0.0,0.01,0.1
,,,,Platform,0.0,0.03,0.07,0.0,0.1
,,,,Sports,0.0,0.0,0.09,0.01,0.1
,,,,Fighting,0.04,0.04,0.0,0.01,0.1
,,,,Adventure,0.0,0.01,0.08,0.01,0.1
,,,,Action,0.0,0.04,0.06,0.01,0.1
,,,,Action,0.0,0.03,0.07,0.0,0.1
,,,,Action,0.0,0.04,0.05,0.01,0.1
,,,,Sports,0.0,0.0,0.09,0.01,0.1
,,,,Fighting,0.1,0.0,0.0,0.0,0.1
,,,,Sports,0.0,0.0,0.09,0.01,0.1
,,,,Role-Playing,0.0,0.04,0.05,0.01,0.1
,,,,Strategy,0.0,0.04,0.06,0.01,0.1
,,,,Shooter,0.0,0.02,0.07,0.0,0.1
,,,,Fighting,0.0,0.03,0.06,0.02,0.1
,,,,Simulation,0.0,0.04,0.06,0.01,0.1
,,,,Role-Playing,0.06,0.02,0.01,0.01,0.1
,,,,Action,0.0,0.02,0.07,0.01,0.1
,,,,Action,0.0,0.02,0.07,0.0,0.1
,,,,Shooter,0.0,0.02,0.07,0.0,0.1
,,,,Simulation,0.1,0.0,0.0,0.0,0.1
,,,,Fighting,0.1,0.0,0.0,0.0,0.1
,,,,Adventure,0.0,0.03,0.07,0.0,0.1
,,,,Racing,0.0,0.0,0.09,0.01,0.1
,,,,Misc,0.1,0.0,0.0,0.0,0.1
,,,,Platform,0.0,0.02,0.07,0.0,0.1
,,,,Puzzle,0.0,0.02,0.07,0.0,0.1
,,,,Role-Playing,0.1,0.0,0.0,0.0,0.1
,,,,Role-Playing,0.09,0.0,0.0,0.01,0.1
,,,,Action,0.1,0.0,0.0,0.0,0.1
,,,,Sports,0.06,0.03,0.0,0.0,0.1
,,,,Racing,0.0,0.04,0.06,0.01,0.1
,,,,Misc,0.0,0.01,0.08,0.01,0.1
,,,,Sports,0.0,0.02,0.07,0.0,0.1
,,,,Adventure,0.1,0.0,0.0,0.0,0.1
,,,,Misc,0.0,0.03,0.05,0.01,0.1
,,,,Misc,0.1,0.0,0.0,0.0,0.1
,,,,Action,0.0,0.04,0.04,0.02,0.1
,,,,Action,0.0,0.01,0.08,0.01,0.1
,,,,Misc,0.0,0.02,0.07,0.0,0.1
,,,,Racing,0.1,0.0,0.0,0.0,0.1
,,,,Racing,0.1,0.0,0.0,0.0,0.1
,,,,Role-Playing,0.1,0.0,0.0,0.0,0.1
,,,,Action,0.0,0.02,0.07,0.01,0.1
,,,,Simulation,0.0,0.0,0.09,0.01,0.1
,,,,Shooter,0.0,0.03,0.06,0.01,0.1
,,,,Action,0.0,0.01,0.08,0.01,0.1
,,,,Strategy,0.0,0.08,0.01,0.02,0.1
,,,,Strategy,0.0,0.01,0.08,0.01,0.1
,,,,Action,0.0,0.02,0.07,0.0,0.1
,,,,Adventure,0.0,0.02,0.07,0.01,0.1
,,,,Racing,0.0,0.09,0.0,0.01,0.1
,,,,Action,0.0,0.02,0.07,0.01,0.1
,,,,Adventure,0.1,0.0,0.0,0.0,0.1
,,,,Adventure,0.1,0.0,0.0,0.0,0.1
,,,,Puzzle,0.0,0.0,0.09,0.01,0.1
,,,,Adventure,0.0,0.03,0.06,0.01,0.1
,,,,Puzzle,0.0,0.0,0.09,0.01,0.1
,,,,Racing,0.0,0.05,0.04,0.01,0.1
,,,,Fighting,0.1,0.0,0.0,0.0,0.1
,,,,Misc,0.0,0.02,0.08,0.0,0.1
,,,,Misc,0.1,0.0,0.0,0.0,0.1
,,,,Sports,0.0,0.0,0.09,0.01,0.1
,,,,Platform,0.0,0.04,0.05,0.01,0.1
,,,,Fighting,0.1,0.0,0.0,0.0,0.1
,,,,Role-Playing,0.01,0.04,0.03,0.01,0.1
,,,,Racing,0.0,0.02,0.07,0.01,0.1
,,,,Sports,0.1,0.0,0.0,0.0,0.1
,,,,Shooter,0.0,0.0,0.09,0.01,0.1
,,,,Misc,0.0,0.03,0.05,0.01,0.1
,,,,Action,0.0,0.02,0.07,0.0,0.1
,,,,Role-Playing,0.1,0.0,0.0,0.0,0.1
,,,,Sports,0.0,0.0,0.09,0.01,0.1
,,,,Simulation,0.0,0.01,0.08,0.01,0.1
,,,,Adventure,0.0,0.01,0.08,0.01,0.1
,,,,Racing,0.0,0.08,0.0,0.01,0.1
,,,,Adventure,0.1,0.0,0.0,0.0,0.1
,,,,Action,0.0,0.0,0.09,0.01,0.1
,,,,Sports,0.0,0.04,0.05,0.01,0.1
,,,,Adventure,0.1,0.0,0.0,0.0,0.1
,,,,Simulation,0.0,0.04,0.05,0.01,0.1
,,,,Racing,0.0,0.04,0.05,0.01,0.1
,,,,Fighting,0.0,0.08,0.0,0.01,0.1
,,,,Simulation,0.0,0.0,0.09,0.01,0.1
,,,,Platform,0.0,0.04,0.05,0.01,0.1
,,,,Simulation,0.0,0.0,0.09,0.01,0.1
,,,,Puzzle,0.0,0.01,0.08,0.01,0.1
,,,,Adventure,0.0,0.09,0.0,0.01,0.1
,,,,Misc,0.0,0.0,0.09,0.01,0.1
,,,,Role-Playing,0.1,0.0,0.0,0.0,0.1
,,,,Action,0.0,0.0,0.08,0.01,0.1
,,,,Racing,0.0,0.02,0.07,0.0,0.1
,,,,Shooter,0.0,0.04,0.05,0.01,0.1
,,,,Action,0.0,0.03,0.06,0.01,0.1
,,,,Role-Playing,0.03,0.0,0.05,0.01,0.1
,,,,Action,0.0,0.0,0.1,0.0,0.1
,,,,Action,0.0,0.04,0.05,0.01,0.1
,,,,Simulation,0.0,0.07,0.02,0.01,0.1
,,,,Racing,0.0,0.04,0.05,0.01,0.1
,,,,Adventure,0.0,0.03,0.06,0.01,0.1
,,,,Racing,0.09,0.0,0.0,0.01,0.1
,,,,Sports,0.0,0.0,0.09,0.01,0.1
,,,,Sports,0.1,0.0,0.0,0.0,0.1
,,,,Platform,0.09,0.0,0.0,0.0,0.1
,,,,Shooter,0.0,0.02,0.07,0.0,0.1
,,,,Shooter,0.0,0.04,0.05,0.01,0.1
,,,,Misc,0.0,0.0,0.09,0.01,0.1
,,,,Shooter,0.0,0.0,0.09,0.01,0.1
,,,,Action,0.0,0.02,0.07,0.01,0.1
,,,,Sports,0.0,0.0,0.09,0.01,0.1
,,,,Role-Playing,0.1,0.0,0.0,0.0,0.1
,,,,Fighting,0.09,0.0,0.0,0.01,0.1
,,,,Role-Playing,0.0,0.06,0.02,0.01,0.1
,,,,Role-Playing,0.07,0.01,0.01,0.01,0.1
,,,,Role-Playing,0.1,0.0,0.0,0.0,0.1
,,,,Action,0.0,0.0,0.09,0.01,0.1
,,,,Fighting,0.0,0.0,0.09,0.01,0.1
,,,,Misc,0.0,0.0,0.09,0.01,0.1
,,,,Action,0.0,0.0,0.08,0.01,0.1
,,,,Action,0.0,0.0,0.09,0.01,0.1
,,,,Racing,0.0,0.0,0.09,0.01,0.1
,,,,Platform,0.0,0.02,0.07,0.0,0.1
,,,,Fighting,0.0,0.04,0.05,0.01,0.1
,,,,Action,0.0,0.0,0.09,0.01,0.1
,,,,Racing,0.0,0.0,0.09,0.01,0.1
,,,,Adventure,0.0,0.04,0.05,0.01,0.1
,,,,Racing,0.0,0.04,0.05,0.01,0.1
,,,,Sports,0.1,0.0,0.0,0.0,0.1
,,,,Fighting,0.03,0.05,0.0,0.02,0.1
,,,,Puzzle,0.09,0.0,0.0,0.01,0.1
,,,,Role-Playing,0.0,0.0,0.09,0.01,0.1
,,,,Racing,0.0,0.02,0.07,0.0,0.1
,,,,Sports,0.1,0.0,0.0,0.0,0.1
,,,,Fighting,0.03,0.02,0.05,0.0,0.1
,,,,Misc,0.0,0.02,0.06,0.01,0.1
,,,,Misc,0.0,0.08,0.0,0.02,0.1
,,,,Action,0.0,0.03,0.05,0.01,0.1
,,,,Simulation,0.0,0.0,0.09,0.01,0.1
,,,,Simulation,0.0,0.0,0.09,0.01,0.1
,,,,Adventure,0.1,0.0,0.0,0.0,0.1
,,,,Role-Playing,0.1,0.0,0.0,0.0,0.1
,,,,Action,0.0,0.0,0.09,0.01,0.1
,,,,Role-Playing,0.1,0.0,0.0,0.0,0.1
,,,,Simulation,0.0,0.05,0.04,0.01,0.1
,,,,Platform,0.0,0.03,0.07,0.0,0.1
,,,,Shooter,0.0,0.03,0.07,0.0,0.1
,,,,Sports,0.09,0.0,0.0,0.0,0.1
,,,,Simulation,0.02,0.02,0.05,0.0,0.1
,,,,Adventure,0.0,0.0,0.09,0.01,0.1
,,,,Strategy,0.0,0.0,0.08,0.01,0.1
,,,,Action,0.0,0.0,0.09,0.01,0.1
,,,,Fighting,0.09,0.0,0.0,0.01,0.1
,,,,Misc,0.0,0.0,0.09,0.01,0.1
,,,,Role-Playing,0.1,0.0,0.0,0.0,0.1
,,,,Sports,0.1,0.0,0.0,0.0,0.1
,,,,Action,0.0,0.01,0.08,0.01,0.1
,,,,Strategy,0.02,0.0,0.07,0.01,0.1
,,,,Misc,0.0,0.0,0.09,0.01,0.1
,,,,Action,0.0,0.01,0.08,0.01,0.1
,,,,Fighting,0.0,0.02,0.07,0.01,0.1
,,,,Simulation,0.0,0.01,0.08,0.01,0.1
,,,,Action,0.0,0.08,0.01,0.01,0.1
,,,,Racing,0.0,0.02,0.07,0.0,0.1
,,,,Simulation,0.1,0.0,0.0,0.0,0.1
,,,,Role-Playing,0.02,0.02,0.05,0.01,0.1
,,,,Strategy,0.0,0.0,0.09,0.01,0.1
,,,,Adventure,0.0,0.04,0.05,0.01,0.1
,,,,Sports,0.1,0.0,0.0,0.0,0.1
,,,,Action,0.0,0.02,0.07,0.0,0.1
,,,,Shooter,0.0,0.02,0.07,0.01,0.1
,,,,Action,0.0,0.03,0.06,0.01,0.1
,,,,Racing,0.0,0.0,0.09,0.01,0.1
,,,,Shooter,0.0,0.06,0.01,0.02,0.1
,,,,Racing,0.0,0.04,0.05,0.01,0.09
,,,,Misc,0.09,0.0,0.0,0.0,0.09
,,,,Simulation,0.0,0.02,0.07,0.0,0.09
,,,,Misc,0.0,0.08,0.0,0.01,0.09
,,,,Action,0.09,0.0,0.0,0.0,0.09
,,,,Strategy,0.09,0.0,0.0,0.01,0.09
,,,,Action,0.0,0.0,0.09,0.01,0.09
,,,,Action,0.0,0.04,0.05,0.01,0.09
,,,,Adventure,0.09,0.0,0.0,0.0,0.09
,,,,Adventure,0.0,0.02,0.07,0.0,0.09
,,,,Action,0.09,0.0,0.0,0.0,0.09
,,,,Sports,0.09,0.0,0.0,0.0,0.09
,,,,Role-Playing,0.09,0.0,0.0,0.0,0.09
,,,,Misc,0.0,0.0,0.09,0.01,0.09
,,,,Shooter,0.0,0.0,0.09,0.01,0.09
,,,,Misc,0.0,0.02,0.07,0.0,0.09
,,,,Action,0.0,0.08,0.0,0.02,0.09
,,,,Action,0.0,0.04,0.05,0.01,0.09
,,,,Sports,0.0,0.0,0.09,0.01,0.09
,,,,Puzzle,0.0,0.07,0.0,0.02,0.09
,,,,Misc,0.0,0.03,0.05,0.01,0.09
,,,,Role-Playing,0.0,0.08,0.0,0.01,0.09
,,,,Strategy,0.0,0.02,0.07,0.01,0.09
,,,,Platform,0.0,0.02,0.07,0.0,0.09
,,,,Misc,0.0,0.07,0.0,0.02,0.09
,,,,Shooter,0.0,0.01,0.08,0.01,0.09
,,,,Fighting,0.0,0.02,0.07,0.0,0.09
,,,,Action,0.09,0.0,0.0,0.0,0.09
,,,,Racing,0.0,0.02,0.07,0.0,0.09
,,,,Strategy,0.0,0.08,0.0,0.02,0.09
,,,,Sports,0.0,0.02,0.07,0.0,0.09
,,,,Action,0.09,0.0,0.0,0.0,0.09
,,,,Action,0.0,0.02,0.07,0.0,0.09
,,,,Racing,0.0,0.04,0.05,0.01,0.09
,,,,Misc,0.0,0.07,0.02,0.01,0.09
,,,,Fighting,0.03,0.01,0.04,0.01,0.09
,,,,Strategy,0.09,0.0,0.0,0.0,0.09
,,,,Sports,0.0,0.02,0.07,0.01,0.09
,,,,Adventure,0.09,0.0,0.0,0.0,0.09
,,,,Action,0.09,0.0,0.0,0.0,0.09
,,,,Action,0.09,0.0,0.0,0.0,0.09
,,,,Strategy,0.0,0.04,0.05,0.01,0.09
,,,,Action,0.0,0.0,0.09,0.01,0.09
,,,,Strategy,0.0,0.04,0.05,0.01,0.09
,,,,Action,0.0,0.04,0.05,0.01,0.09
,,,,Role-Playing,0.09,0.0,0.0,0.0,0.09
,,,,Platform,0.0,0.04,0.05,0.01,0.09
,,,,Action,0.0,0.0,0.08,0.01,0.09
,,,,Role-Playing,0.04,0.02,0.02,0.01,0.09
,,,,Sports,0.0,0.0,0.09,0.01,0.09
,,,,Sports,0.0,0.0,0.08,0.01,0.09
,,,,Action,0.0,0.02,0.07,0.0,0.09
,,,,Sports,0.0,0.0,0.09,0.01,0.09
,,,,Strategy,0.0,0.0,0.09,0.01,0.09
,,,,Role-Playing,0.0,0.04,0.05,0.01,0.09
,,,,Racing,0.0,0.02,0.07,0.0,0.09
,,,,Platform,0.0,0.04,0.05,0.01,0.09
,,,,Shooter,0.0,0.04,0.05,0.01,0.09
,,,,Strategy,0.0,0.04,0.05,0.01,0.09
,,,,Shooter,0.0,0.03,0.06,0.01,0.09
,,,,Adventure,0.0,0.01,0.08,0.01,0.09
,,,,Sports,0.09,0.0,0.0,0.0,0.09
,,,,Sports,0.0,0.02,0.07,0.0,0.09
,,,,Action,0.0,0.02,0.07,0.0,0.09
,,,,Role-Playing,0.09,0.0,0.0,0.0,0.09
,,,,Action,0.0,0.06,0.02,0.01,0.09
,,,,Fighting,0.09,0.0,0.0,0.0,0.09
,,,,Sports,0.0,0.0,0.09,0.01,0.09
,,,,Platform,0.0,0.04,0.05,0.01,0.09
,,,,Adventure,0.0,0.0,0.08,0.01,0.09
,,,,Sports,0.09,0.0,0.0,0.01,0.09
,,,,Role-Playing,0.0,0.0,0.08,0.01,0.09
,,,,Action,0.09,0.0,0.0,0.0,0.09
,,,,Action,0.0,0.03,0.05,0.01,0.09
,,,,Action,0.0,0.08,0.0,0.01,0.09
,,,,Sports,0.0,0.04,0.05,0.01,0.09
,,,,Adventure,0.09,0.0,0.0,0.0,0.09
,,,,Platform,0.0,0.0,0.09,0.01,0.09
,,,,Racing,0.0,0.02,0.07,0.0,0.09
,,,,Racing,0.0,0.02,0.07,0.0,0.09
,,,,Misc,0.09,0.0,0.0,0.0,0.09
,,,,Fighting,0.0,0.04,0.05,0.01,0.09
,,,,Platform,0.0,0.02,0.07,0.01,0.09
,,,,Misc,0.0,0.04,0.05,0.01,0.09
,,,,Role-Playing,0.0,0.02,0.07,0.01,0.09
,,,,Platform,0.03,0.0,0.05,0.01,0.09
,,,,Sports,0.0,0.0,0.09,0.01,0.09
,,,,Action,0.08,0.0,0.01,0.0,0.09
,,,,Simulation,0.0,0.04,0.05,0.01,0.09
,,,,Puzzle,0.08,0.01,0.0,0.0,0.09
,,,,Sports,0.0,0.04,0.05,0.01,0.09
,,,,Action,0.0,0.01,0.07,0.01,0.09
,,,,Sports,0.0,0.0,0.09,0.01,0.09
,,,,Misc,0.0,0.02,0.07,0.0,0.09
,,,,Shooter,0.0,0.02,0.07,0.0,0.09
,,,,Action,0.0,0.05,0.02,0.02,0.09
,,,,Sports,0.09,0.0,0.0,0.0,0.09
,,,,Puzzle,0.0,0.0,0.09,0.01,0.09
,,,,Action,0.0,0.02,0.07,0.0,0.09
,,,,Action,0.0,0.0,0.08,0.01,0.09
,,,,Action,0.09,0.0,0.0,0.0,0.09
,,,,Simulation,0.0,0.04,0.05,0.01,0.09
,,,,Adventure,0.09,0.0,0.0,0.0,0.09
,,,,Puzzle,0.09,0.0,0.0,0.0,0.09
,,,,Fighting,0.09,0.0,0.0,0.0,0.09
,,,,Strategy,0.0,0.04,0.05,0.01,0.09
,,,,Puzzle,0.0,0.0,0.09,0.01,0.09
,,,,Puzzle,0.0,0.01,0.08,0.01,0.09
,,,,Role-Playing,0.09,0.0,0.0,0.01,0.09
,,,,Misc,0.0,0.02,0.07,0.0,0.09
,,,,Misc,0.0,0.08,0.0,0.01,0.09
,,,,Sports,0.0,0.0,0.09,0.01,0.09
,,,,Platform,0.0,0.02,0.07,0.0,0.09
,,,,Fighting,0.0,0.04,0.05,0.01,0.09
,,,,Action,0.0,0.02,0.06,0.01,0.09
,,,,Sports,0.0,0.04,0.05,0.01,0.09
,,,,Strategy,0.0,0.06,0.01,0.01,0.09
,,,,Adventure,0.0,0.0,0.08,0.01,0.09
,,,,Sports,0.0,0.02,0.07,0.0,0.09
,,,,Racing,0.0,0.01,0.07,0.01,0.09
,,,,Platform,0.0,0.02,0.07,0.0,0.09
,,,,Misc,0.0,0.02,0.06,0.01,0.09
,,,,Sports,0.0,0.07,0.0,0.02,0.09
,,,,Sports,0.09,0.0,0.0,0.0,0.09
,,,,Misc,0.0,0.01,0.07,0.01,0.09
,,,,Platform,0.0,0.03,0.05,0.01,0.09
,,,,Sports,0.0,0.0,0.08,0.01,0.09
,,,,Strategy,0.0,0.01,0.08,0.01,0.09
,,,,Sports,0.0,0.02,0.07,0.0,0.09
,,,,Platform,0.0,0.0,0.09,0.01,0.09
,,,,Sports,0.0,0.06,0.02,0.01,0.09
,,,,Action,0.0,0.0,0.08,0.01,0.09
,,,,Sports,0.0,0.01,0.08,0.01,0.09
,,,,Strategy,0.0,0.07,0.01,0.01,0.09
,,,,Racing,0.0,0.0,0.08,0.01,0.09
,,,,Misc,0.0,0.0,0.09,0.01,0.09
,,,,Role-Playing,0.02,0.0,0.07,0.01,0.09
,,,,Simulation,0.09,0.0,0.0,0.0,0.09
,,,,Sports,0.0,0.05,0.03,0.01,0.09
,,,,Action,0.0,0.08,0.0,0.01,0.09
,,,,Shooter,0.09,0.0,0.0,0.0,0.09
,,,,Misc,0.0,0.0,0.08,0.01,0.09
,,,,Strategy,0.0,0.03,0.05,0.01,0.09
,,,,Strategy,0.0,0.0,0.08,0.01,0.09
,,,,Action,0.0,0.02,0.06,0.01,0.09
,,,,Role-Playing,0.0,0.04,0.05,0.01,0.09
,,,,Puzzle,0.0,0.02,0.07,0.0,0.09
,,,,Misc,0.0,0.01,0.08,0.01,0.09
,,,,Misc,0.0,0.0,0.08,0.01,0.09
,,,,Adventure,0.0,0.0,0.09,0.01,0.09
,,,,Misc,0.0,0.07,0.0,0.02,0.09
,,,,Racing,0.0,0.01,0.07,0.01,0.09
,,,,Action,0.0,0.02,0.07,0.0,0.09
,,,,Shooter,0.09,0.0,0.0,0.01,0.09
,,,,Action,0.0,0.02,0.07,0.0,0.09
,,,,Shooter,0.0,0.04,0.04,0.01,0.09
,,,,Action,0.0,0.0,0.08,0.01,0.09
,,,,Action,0.0,0.03,0.04,0.01,0.09
,,,,Role-Playing,0.0,0.0,0.09,0.01,0.09
,,,,Sports,0.0,0.03,0.04,0.01,0.09
,,,,Action,0.0,0.02,0.06,0.01,0.09
,,,,Shooter,0.0,0.03,0.05,0.01,0.09
,,,,Fighting,0.0,0.0,0.08,0.01,0.09
,,,,Shooter,0.01,0.01,0.06,0.01,0.09
,,,,Racing,0.0,0.04,0.05,0.01,0.09
,,,,Racing,0.0,0.03,0.05,0.01,0.09
,,,,Strategy,0.0,0.03,0.04,0.01,0.09
,,,,Strategy,0.0,0.03,0.05,0.01,0.09
,,,,Action,0.0,0.07,0.0,0.02,0.09
,,,,Racing,0.0,0.02,0.07,0.0,0.09
,,,,Platform,0.0,0.02,0.07,0.0,0.09
,,,,Adventure,0.09,0.0,0.0,0.0,0.09
,,,,Sports,0.09,0.0,0.0,0.0,0.09
,,,,Simulation,0.0,0.0,0.09,0.01,0.09
,,,,Sports,0.09,0.0,0.0,0.0,0.09
,,,,Action,0.08,0.01,0.0,0.0,0.09
,,,,Simulation,0.0,0.02,0.06,0.01,0.09
,,,,Misc,0.0,0.02,0.06,0.02,0.09
,,,,Role-Playing,0.09,0.0,0.0,0.0,0.09
,,,,Racing,0.0,0.02,0.07,0.0,0.09
,,,,Action,0.09,0.0,0.0,0.0,0.09
,,,,Puzzle,0.0,0.04,0.05,0.01,0.09
,,,,Simulation,0.0,0.0,0.09,0.01,0.09
,,,,Racing,0.0,0.03,0.04,0.01,0.09
,,,,Role-Playing,0.09,0.0,0.0,0.0,0.09
,,,,Shooter,0.0,0.01,0.07,0.01,0.09
,,,,Action,0.0,0.0,0.09,0.01,0.09
,,,,Misc,0.09,0.0,0.0,0.0,0.09
,,,,Role-Playing,0.09,0.0,0.0,0.0,0.09
,,,,Fighting,0.0,0.05,0.02,0.02,0.09
,,,,Shooter,0.0,0.02,0.07,0.0,0.09
,,,,Role-Playing,0.0,0.0,0.08,0.01,0.09
,,,,Action,0.0,0.03,0.04,0.01,0.09
,,,,Action,0.07,0.01,0.01,0.0,0.09
,,,,Puzzle,0.0,0.01,0.08,0.01,0.09
,,,,Shooter,0.0,0.0,0.09,0.0,0.09
,,,,Platform,0.0,0.0,0.08,0.01,0.09
,,,,Misc,0.0,0.0,0.08,0.01,0.09
,,,,Racing,0.0,0.02,0.06,0.01,0.09
,,,,Action,0.0,0.03,0.04,0.01,0.09
,,,,Puzzle,0.0,0.01,0.07,0.01,0.09
,,,,Action,0.0,0.03,0.05,0.02,0.09
,,,,Misc,0.0,0.0,0.08,0.01,0.09
,,,,Misc,0.0,0.08,0.0,0.01,0.09
,,,,Action,0.09,0.0,0.0,0.0,0.09
,,,,Platform,0.09,0.0,0.0,0.0,0.09
,,,,Racing,0.0,0.0,0.08,0.01,0.09
,,,,Puzzle,0.0,0.03,0.05,0.01,0.09
,,,,Misc,0.0,0.0,0.08,0.01,0.09
,,,,Role-Playing,0.01,0.0,0.08,0.01,0.09
,,,,Sports,0.09,0.0,0.0,0.0,0.09
,,,,Adventure,0.0,0.02,0.07,0.01,0.09
,,,,Sports,0.0,0.0,0.08,0.01,0.09
,,,,Action,0.0,0.02,0.06,0.0,0.09
,,,,Misc,0.09,0.0,0.0,0.0,0.09
,,,,Role-Playing,0.04,0.0,0.05,0.0,0.09
,,,,Misc,0.09,0.0,0.0,0.0,0.09
,,,,Role-Playing,0.01,0.01,0.06,0.01,0.09
,,,,Adventure,0.0,0.05,0.04,0.01,0.09
,,,,Shooter,0.0,0.02,0.06,0.01,0.09
,,,,Sports,0.09,0.0,0.0,0.0,0.09
,,,,Misc,0.08,0.0,0.01,0.0,0.09
,,,,Misc,0.09,0.0,0.0,0.0,0.09
,,,,Sports,0.0,0.0,0.08,0.01,0.09
,,,,Sports,0.0,0.03,0.04,0.01,0.09
,,,,Misc,0.0,0.02,0.06,0.01,0.09
,,,,Simulation,0.09,0.0,0.0,0.0,0.09
,,,,Platform,0.0,0.06,0.01,0.02,0.09
,,,,Racing,0.0,0.02,0.07,0.0,0.09
,,,,Misc,0.06,0.0,0.0,0.03,0.09
,,,,Platform,0.05,0.01,0.03,0.0,0.09
,,,,Misc,0.0,0.02,0.07,0.0,0.09
,,,,Shooter,0.0,0.02,0.07,0.0,0.09
,,,,Action,0.0,0.02,0.07,0.0,0.09
,,,,Role-Playing,0.0,0.08,0.0,0.01,0.09
,,,,Racing,0.0,0.0,0.08,0.01,0.09
,,,,Role-Playing,0.09,0.0,0.0,0.0,0.09
,,,,Action,0.0,0.03,0.05,0.01,0.09
,,,,Platform,0.0,0.02,0.06,0.0,0.09
,,,,Sports,0.0,0.06,0.01,0.02,0.09
,,,,Sports,0.0,0.0,0.08,0.01,0.09
,,,,Racing,0.0,0.03,0.05,0.01,0.09
,,,,Fighting,0.09,0.0,0.0,0.0,0.09
,,,,Action,0.0,0.0,0.08,0.01,0.09
,,,,Strategy,0.09,0.0,0.0,0.0,0.09
,,,,Role-Playing,0.01,0.0,0.07,0.01,0.09
,,,,Shooter,0.08,0.0,0.0,0.01,0.09
,,,,Role-Playing,0.09,0.0,0.0,0.0,0.09
,,,,Misc,0.09,0.0,0.0,0.0,0.09
,,,,Adventure,0.09,0.0,0.0,0.0,0.09
,,,,Simulation,0.0,0.01,0.07,0.01,0.09
,,,,Strategy,0.0,0.01,0.07,0.01,0.09
,,,,Role-Playing,0.09,0.0,0.0,0.0,0.09
,,,,Fighting,0.09,0.0,0.0,0.0,0.09
,,,,Misc,0.0,0.08,0.0,0.01,0.09
,,,,Sports,0.0,0.04,0.04,0.01,0.09
,,,,Role-Playing,0.09,0.0,0.0,0.0,0.09
,,,,Misc,0.0,0.0,0.08,0.01,0.09
,,,,Action,0.05,0.01,0.02,0.01,0.09
,,,,Action,0.0,0.03,0.05,0.01,0.09
,,,,Fighting,0.09,0.0,0.0,0.0,0.09
,,,,Action,0.0,0.0,0.08,0.01,0.09
,,,,Action,0.04,0.01,0.03,0.0,0.09
,,,,Misc,0.09,0.0,0.0,0.0,0.09
,,,,Misc,0.0,0.02,0.07,0.0,0.09
,,,,Simulation,0.0,0.07,0.0,0.02,0.09
,,,,Sports,0.0,0.0,0.08,0.01,0.09
,,,,Sports,0.08,0.0,0.0,0.01,0.09
,,,,Sports,0.0,0.0,0.08,0.01,0.09
,,,,Adventure,0.09,0.0,0.0,0.0,0.09
,,,,Platform,0.09,0.0,0.0,0.0,0.09
,,,,Racing,0.0,0.04,0.04,0.01,0.09
,,,,Racing,0.0,0.03,0.04,0.01,0.09
,,,,Platform,0.05,0.01,0.02,0.01,0.09
,,,,Simulation,0.09,0.0,0.0,0.0,0.09
,,,,Misc,0.0,0.0,0.08,0.01,0.09
,,,,Racing,0.01,0.06,0.0,0.02,0.09
,,,,Action,0.09,0.0,0.0,0.0,0.09
,,,,Strategy,0.0,0.0,0.08,0.01,0.09
,,,,Sports,0.09,0.0,0.0,0.0,0.09
,,,,Role-Playing,0.0,0.03,0.04,0.01,0.09
,,,,Action,0.0,0.0,0.08,0.01,0.09
,,,,Action,0.0,0.02,0.06,0.01,0.09
,,,,Misc,0.09,0.0,0.0,0.0,0.09
,,,,Misc,0.0,0.0,0.08,0.01,0.09
,,,,Role-Playing,0.09,0.0,0.0,0.0,0.09
,,,,Shooter,0.0,0.0,0.08,0.01,0.09
,,,,Action,0.09,0.0,0.0,0.0,0.09
,,,,Misc,0.0,0.01,0.07,0.01,0.09
,,,,Strategy,0.0,0.02,0.06,0.01,0.09
,,,,Misc,0.0,0.07,0.0,0.01,0.09
,,,,Puzzle,0.0,0.02,0.06,0.0,0.09
,,,,Action,0.0,0.0,0.08,0.01,0.09
,,,,Fighting,0.09,0.0,0.0,0.0,0.09
,,,,Sports,0.0,0.0,0.08,0.01,0.09
,,,,Misc,0.0,0.0,0.08,0.01,0.09
,,,,Shooter,0.0,0.07,0.0,0.02,0.09
,,,,Action,0.09,0.0,0.0,0.0,0.09
,,,,Sports,0.0,0.0,0.08,0.01,0.09
,,,,Role-Playing,0.09,0.0,0.0,0.0,0.09
,,,,Sports,0.0,0.02,0.07,0.0,0.09
,,,,Sports,0.0,0.02,0.07,0.0,0.09
,,,,Shooter,0.0,0.02,0.07,0.0,0.09
,,,,Misc,0.0,0.0,0.08,0.01,0.09
,,,,Sports,0.0,0.02,0.07,0.0,0.09
,,,,Racing,0.0,0.02,0.07,0.0,0.09
,,,,Action,0.04,0.01,0.04,0.0,0.09
,,,,Fighting,0.09,0.0,0.0,0.0,0.09
,,,,Misc,0.0,0.03,0.05,0.01,0.09
,,,,Simulation,0.0,0.0,0.08,0.01,0.09
,,,,Shooter,0.09,0.0,0.0,0.0,0.09
,,,,Role-Playing,0.02,0.0,0.06,0.0,0.09
,,,,Strategy,0.09,0.0,0.0,0.0,0.09
,,,,Platform,0.0,0.0,0.08,0.01,0.09
,,,,Shooter,0.0,0.02,0.07,0.0,0.09
,,,,Adventure,0.0,0.01,0.07,0.01,0.09
,,,,Action,0.0,0.02,0.05,0.02,0.09
,,,,Action,0.0,0.02,0.07,0.0,0.09
,,,,Strategy,0.0,0.03,0.04,0.01,0.09
,,,,Sports,0.0,0.0,0.08,0.01,0.09
,,,,Action,0.09,0.0,0.0,0.0,0.09
,,,,Simulation,0.0,0.0,0.08,0.01,0.09
,,,,Puzzle,0.02,0.0,0.07,0.0,0.09
,,,,Racing,0.0,0.07,0.01,0.01,0.09
,,,,Sports,0.0,0.0,0.08,0.01,0.09
,,,,Action,0.0,0.01,0.07,0.01,0.09
,,,,Action,0.0,0.0,0.08,0.01,0.09
,,,,Platform,0.0,0.0,0.08,0.01,0.09
,,,,Sports,0.0,0.0,0.08,0.01,0.09
,,,,Strategy,0.0,0.06,0.01,0.01,0.09
,,,,Strategy,0.0,0.06,0.02,0.01,0.09
,,,,Action,0.09,0.0,0.0,0.0,0.09
,,,,Racing,0.0,0.0,0.08,0.01,0.09
,,,,Platform,0.0,0.04,0.04,0.01,0.09
,,,,Role-Playing,0.09,0.0,0.0,0.0,0.09
,,,,Misc,0.0,0.0,0.08,0.01,0.09
,,,,Adventure,0.0,0.0,0.08,0.01,0.09
,,,,Role-Playing,0.0,0.02,0.07,0.0,0.09
,,,,Action,0.0,0.04,0.04,0.01,0.09
,,,,Action,0.0,0.0,0.08,0.01,0.09
,,,,Misc,0.0,0.01,0.07,0.01,0.09
,,,,Strategy,0.0,0.06,0.01,0.02,0.09
,,,,Racing,0.0,0.02,0.07,0.0,0.09
,,,,Sports,0.0,0.02,0.07,0.0,0.09
,,,,Action,0.0,0.02,0.07,0.0,0.09
,,,,Simulation,0.08,0.0,0.0,0.01,0.09
,,,,Racing,0.0,0.02,0.06,0.0,0.09
,,,,Action,0.0,0.02,0.06,0.0,0.09
,,,,Puzzle,0.04,0.0,0.04,0.0,0.09
,,,,Fighting,0.01,0.0,0.07,0.01,0.09
,,,,Action,0.0,0.04,0.04,0.01,0.09
,,,,Fighting,0.08,0.0,0.0,0.0,0.09
,,,,Shooter,0.0,0.03,0.05,0.01,0.09
,,,,Shooter,0.0,0.01,0.07,0.01,0.09
,,,,Platform,0.0,0.0,0.08,0.01,0.09
,,,,Misc,0.0,0.0,0.08,0.01,0.09
,,,,Role-Playing,0.0,0.0,0.08,0.01,0.09
,,,,Role-Playing,0.09,0.0,0.0,0.0,0.09
,,,,Misc,0.0,0.03,0.04,0.01,0.09
,,,,Sports,0.08,0.0,0.0,0.01,0.09
,,,,Misc,0.0,0.02,0.06,0.0,0.09
,,,,Action,0.0,0.05,0.03,0.01,0.09
,,,,Shooter,0.0,0.02,0.05,0.01,0.09
,,,,Sports,0.0,0.03,0.04,0.01,0.09
,,,,Puzzle,0.0,0.02,0.06,0.01,0.09
,,,,Platform,0.0,0.02,0.07,0.0,0.09
,,,,Action,0.0,0.04,0.03,0.01,0.09
,,,,Sports,0.09,0.0,0.0,0.0,0.09
,,,,Action,0.0,0.01,0.07,0.01,0.09
,,,,Platform,0.0,0.04,0.03,0.01,0.09
,,,,Racing,0.0,0.03,0.05,0.01,0.09
,,,,Action,0.0,0.03,0.04,0.01,0.09
,,,,Misc,0.09,0.0,0.0,0.0,0.09
,,,,Puzzle,0.09,0.0,0.0,0.0,0.09
,,,,Misc,0.09,0.0,0.0,0.0,0.09
,,,,Shooter,0.0,0.03,0.05,0.01,0.09
,,,,Action,0.0,0.0,0.08,0.01,0.09
,,,,Action,0.0,0.02,0.06,0.0,0.09
,,,,Shooter,0.0,0.07,0.0,0.02,0.09
,,,,Misc,0.0,0.0,0.08,0.01,0.09
,,,,Sports,0.0,0.0,0.08,0.01,0.09
,,,,Action,0.0,0.03,0.05,0.01,0.09
,,,,Action,0.0,0.02,0.06,0.0,0.09
,,,,Adventure,0.0,0.02,0.06,0.0,0.09
,,,,Role-Playing,0.02,0.0,0.06,0.01,0.09
,,,,Misc,0.09,0.0,0.0,0.0,0.09
,,,,Action,0.0,0.08,0.0,0.01,0.09
,,,,Role-Playing,0.0,0.02,0.06,0.0,0.09
,,,,Misc,0.0,0.0,0.08,0.01,0.09
,,,,Racing,0.0,0.02,0.06,0.0,0.09
,,,,Simulation,0.0,0.0,0.08,0.0,0.09
,,,,Action,0.0,0.03,0.04,0.01,0.09
,,,,Adventure,0.0,0.05,0.02,0.01,0.09
,,,,Adventure,0.09,0.0,0.0,0.0,0.09
,,,,Platform,0.08,0.0,0.0,0.0,0.09
,,,,Strategy,0.0,0.08,0.0,0.0,0.09
,,,,Shooter,0.0,0.02,0.07,0.0,0.09
,,,,Sports,0.0,0.07,0.0,0.01,0.09
,,,,Action,0.09,0.0,0.0,0.0,0.09
,,,,Action,0.0,0.02,0.06,0.0,0.09
,,,,Strategy,0.03,0.02,0.03,0.01,0.09
,,,,Adventure,0.0,0.03,0.05,0.01,0.09
,,,,Shooter,0.0,0.01,0.07,0.01,0.09
,,,,Role-Playing,0.0,0.03,0.04,0.01,0.09
,,,,Platform,0.0,0.01,0.07,0.01,0.09
,,,,Action,0.0,0.0,0.08,0.01,0.09
,,,,Strategy,0.0,0.02,0.06,0.0,0.09
,,,,Sports,0.0,0.02,0.0,0.06,0.09
,,,,Racing,0.0,0.0,0.08,0.01,0.09
,,,,Role-Playing,0.03,0.0,0.05,0.01,0.09
,,,,Shooter,0.0,0.03,0.05,0.01,0.09
,,,,Adventure,0.0,0.07,0.0,0.01,0.09
,,,,Shooter,0.0,0.03,0.04,0.01,0.09
,,,,Fighting,0.0,0.01,0.07,0.01,0.09
,,,,Misc,0.0,0.0,0.08,0.01,0.09
,,,,Sports,0.09,0.0,0.0,0.0,0.09
,,,,Racing,0.0,0.0,0.08,0.01,0.09
,,,,Misc,0.0,0.03,0.05,0.01,0.09
,,,,Simulation,0.0,0.0,0.08,0.01,0.09
,,,,Misc,0.09,0.0,0.0,0.0,0.09
,,,,Action,0.0,0.03,0.05,0.01,0.09
,,,,Action,0.0,0.03,0.04,0.01,0.09
,,,,Misc,0.09,0.0,0.0,0.0,0.09
,,,,Action,0.0,0.03,0.04,0.01,0.09
,,,,Sports,0.0,0.05,0.03,0.01,0.09
,,,,Role-Playing,0.09,0.0,0.0,0.0,0.09
,,,,Racing,0.0,0.0,0.08,0.01,0.09
,,,,Role-Playing,0.09,0.0,0.0,0.0,0.09
,,,,Action,0.0,0.03,0.04,0.01,0.09
,,,,Simulation,0.0,0.03,0.05,0.01,0.09
,,,,Adventure,0.0,0.02,0.06,0.0,0.09
,,,,Strategy,0.0,0.03,0.04,0.01,0.09
,,,,Role-Playing,0.09,0.0,0.0,0.0,0.09
,,,,Adventure,0.0,0.0,0.07,0.01,0.09
,,,,Fighting,0.04,0.01,0.03,0.01,0.08
,,,,Action,0.08,0.0,0.0,0.0,0.08
,,,,Sports,0.0,0.02,0.06,0.0,0.08
,,,,Simulation,0.08,0.0,0.0,0.0,0.08
,,,,Role-Playing,0.0,0.03,0.04,0.01,0.08
,,,,Racing,0.0,0.02,0.07,0.0,0.08
,,,,Sports,0.0,0.03,0.04,0.01,0.08
,,,,Puzzle,0.0,0.0,0.07,0.01,0.08
,,,,Adventure,0.08,0.0,0.0,0.0,0.08
,,,,Strategy,0.0,0.0,0.08,0.01,0.08
,,,,Puzzle,0.08,0.0,0.0,0.0,0.08
,,,,Sports,0.0,0.01,0.07,0.01,0.08
,,,,Misc,0.08,0.0,0.0,0.0,0.08
,,,,Role-Playing,0.03,0.02,0.03,0.01,0.08
,,,,Action,0.0,0.07,0.0,0.01,0.08
,,,,Fighting,0.08,0.0,0.0,0.0,0.08
,,,,Role-Playing,0.0,0.03,0.05,0.01,0.08
,,,,Adventure,0.01,0.0,0.07,0.01,0.08
,,,,Misc,0.08,0.0,0.0,0.0,0.08
,,,,Racing,0.0,0.03,0.04,0.01,0.08
,,,,Adventure,0.08,0.0,0.0,0.0,0.08
,,,,Sports,0.0,0.01,0.06,0.01,0.08
,,,,Action,0.0,0.04,0.03,0.01,0.08
,,,,Simulation,0.0,0.0,0.08,0.01,0.08
,,,,Adventure,0.0,0.0,0.08,0.0,0.08
,,,,Shooter,0.0,0.0,0.08,0.01,0.08
,,,,Misc,0.08,0.0,0.0,0.0,0.08
,,,,Misc,0.0,0.0,0.08,0.01,0.08
,,,,Fighting,0.0,0.0,0.08,0.01,0.08
,,,,Racing,0.0,0.03,0.05,0.01,0.08
,,,,Simulation,0.08,0.0,0.0,0.0,0.08
,,,,Platform,0.08,0.0,0.0,0.0,0.08
,,,,Racing,0.0,0.05,0.03,0.01,0.08
,,,,Sports,0.0,0.0,0.08,0.01,0.08
,,,,Role-Playing,0.08,0.0,0.0,0.0,0.08
,,,,Action,0.0,0.02,0.06,0.0,0.08
,,,,Puzzle,0.0,0.01,0.07,0.01,0.08
,,,,Shooter,0.0,0.07,0.0,0.02,0.08
,,,,Puzzle,0.0,0.0,0.08,0.01,0.08
,,,,Racing,0.0,0.02,0.06,0.0,0.08
,,,,Sports,0.08,0.0,0.0,0.0,0.08
,,,,Sports,0.06,0.02,0.0,0.0,0.08
,,,,Action,0.0,0.0,0.08,0.01,0.08
,,,,Simulation,0.0,0.01,0.07,0.01,0.08
,,,,Adventure,0.0,0.02,0.06,0.0,0.08
,,,,Adventure,0.0,0.02,0.06,0.0,0.08
,,,,Action,0.04,0.01,0.02,0.01,0.08
,,,,Racing,0.0,0.03,0.05,0.01,0.08
,,,,Action,0.0,0.0,0.08,0.01,0.08
,,,,Role-Playing,0.0,0.06,0.02,0.01,0.08
,,,,Fighting,0.0,0.03,0.05,0.01,0.08
,,,,Simulation,0.0,0.02,0.06,0.01,0.08
,,,,Adventure,0.0,0.0,0.07,0.01,0.08
,,,,Platform,0.0,0.03,0.04,0.01,0.08
,,,,Fighting,0.01,0.03,0.04,0.01,0.08
,,,,Sports,0.0,0.03,0.04,0.01,0.08
,,,,Simulation,0.0,0.07,0.0,0.02,0.08
,,,,Sports,0.0,0.0,0.08,0.01,0.08
,,,,Action,0.0,0.01,0.07,0.01,0.08
,,,,Shooter,0.0,0.05,0.02,0.01,0.08
,,,,Action,0.02,0.02,0.04,0.01,0.08
,,,,Role-Playing,0.0,0.02,0.06,0.0,0.08
,,,,Action,0.08,0.0,0.0,0.0,0.08
,,,,Racing,0.0,0.0,0.07,0.01,0.08
,,,,Action,0.0,0.02,0.05,0.01,0.08
,,,,Sports,0.0,0.0,0.08,0.01,0.08
,,,,Strategy,0.0,0.02,0.06,0.0,0.08
,,,,Puzzle,0.0,0.02,0.06,0.0,0.08
,,,,Racing,0.0,0.03,0.04,0.01,0.08
,,,,Sports,0.0,0.01,0.06,0.01,0.08
,,,,Misc,0.0,0.0,0.08,0.01,0.08
,,,,Misc,0.0,0.03,0.04,0.01,0.08
,,,,Simulation,0.0,0.0,0.08,0.01,0.08
,,,,Platform,0.0,0.03,0.04,0.01,0.08
,,,,Misc,0.0,0.02,0.06,0.0,0.08
,,,,Sports,0.0,0.0,0.07,0.01,0.08
,,,,Adventure,0.08,0.0,0.0,0.0,0.08
,,,,Shooter,0.0,0.03,0.05,0.01,0.08
,,,,Fighting,0.0,0.02,0.06,0.0,0.08
,,,,Misc,0.08,0.0,0.0,0.0,0.08
,,,,Sports,0.0,0.07,0.0,0.01,0.08
,,,,Role-Playing,0.08,0.0,0.0,0.0,0.08
,,,,Simulation,0.0,0.0,0.08,0.01,0.08
,,,,Role-Playing,0.03,0.0,0.05,0.01,0.08
,,,,Action,0.08,0.0,0.0,0.0,0.08
,,,,Strategy,0.0,0.02,0.06,0.0,0.08
,,,,Shooter,0.0,0.03,0.04,0.01,0.08
,,,,Shooter,0.0,0.0,0.08,0.01,0.08
,,,,Simulation,0.0,0.08,0.0,0.01,0.08
,,,,Sports,0.0,0.02,0.06,0.0,0.08
,,,,Adventure,0.08,0.0,0.0,0.0,0.08
,,,,Fighting,0.05,0.0,0.03,0.0,0.08
,,,,Role-Playing,0.0,0.02,0.06,0.0,0.08
,,,,Role-Playing,0.0,0.02,0.06,0.0,0.08
,,,,Sports,0.08,0.0,0.0,0.0,0.08
,,,,Action,0.0,0.0,0.08,0.01,0.08
,,,,Puzzle,0.0,0.03,0.05,0.01,0.08
,,,,Action,0.0,0.02,0.06,0.0,0.08
,,,,Sports,0.08,0.0,0.0,0.0,0.08
,,,,Shooter,0.0,0.02,0.06,0.0,0.08
,,,,Racing,0.0,0.02,0.06,0.0,0.08
,,,,Shooter,0.0,0.02,0.06,0.0,0.08
,,,,Simulation,0.0,0.02,0.06,0.0,0.08
,,,,Fighting,0.0,0.03,0.04,0.01,0.08
,,,,Fighting,0.0,0.03,0.05,0.01,0.08
,,,,Sports,0.0,0.03,0.04,0.01,0.08
,,,,Puzzle,0.0,0.0,0.08,0.01,0.08
,,,,Action,0.08,0.0,0.0,0.0,0.08
,,,,Simulation,0.0,0.02,0.05,0.01,0.08
,,,,Strategy,0.0,0.03,0.05,0.01,0.08
,,,,Racing,0.01,0.06,0.0,0.01,0.08
,,,,Sports,0.0,0.0,0.08,0.01,0.08
,,,,Action,0.08,0.0,0.0,0.0,0.08
,,,,Platform,0.0,0.03,0.05,0.01,0.08
,,,,Shooter,0.0,0.03,0.04,0.01,0.08
,,,,Action,0.08,0.0,0.0,0.0,0.08
,,,,Misc,0.0,0.02,0.06,0.0,0.08
,,,,Fighting,0.0,0.03,0.05,0.01,0.08
,,,,Role-Playing,0.0,0.07,0.0,0.01,0.08
,,,,Role-Playing,0.0,0.03,0.04,0.01,0.08
,,,,Platform,0.0,0.0,0.08,0.01,0.08
,,,,Adventure,0.02,0.04,0.01,0.01,0.08
,,,,Platform,0.0,0.02,0.05,0.01,0.08
,,,,Fighting,0.0,0.03,0.04,0.01,0.08
,,,,Simulation,0.0,0.0,0.08,0.01,0.08
,,,,Racing,0.0,0.0,0.08,0.0,0.08
,,,,Puzzle,0.0,0.05,0.02,0.01,0.08
,,,,Platform,0.0,0.03,0.05,0.01,0.08
,,,,Sports,0.08,0.0,0.0,0.0,0.08
,,,,Racing,0.0,0.03,0.04,0.01,0.08
,,,,Puzzle,0.0,0.0,0.07,0.01,0.08
,,,,Action,0.08,0.0,0.0,0.0,0.08
,,,,Shooter,0.0,0.03,0.05,0.01,0.08
,,,,Misc,0.08,0.0,0.0,0.0,0.08
,,,,Action,0.08,0.0,0.0,0.0,0.08
,,,,Action,0.0,0.0,0.08,0.01,0.08
,,,,Sports,0.08,0.0,0.0,0.0,0.08
,,,,Simulation,0.0,0.07,0.0,0.02,0.08
,,,,Racing,0.0,0.03,0.04,0.01,0.08
,,,,Role-Playing,0.0,0.0,0.08,0.01,0.08
,,,,Adventure,0.08,0.0,0.0,0.0,0.08
,,,,Puzzle,0.0,0.0,0.07,0.01,0.08
,,,,Sports,0.0,0.02,0.06,0.0,0.08
,,,,Role-Playing,0.08,0.0,0.0,0.0,0.08
,,,,Role-Playing,0.08,0.0,0.0,0.0,0.08
,,,,Sports,0.0,0.02,0.06,0.0,0.08
,,,,Action,0.08,0.0,0.0,0.0,0.08
,,,,Sports,0.0,0.01,0.06,0.01,0.08
,,,,Racing,0.08,0.0,0.0,0.0,0.08
,,,,Platform,0.0,0.02,0.06,0.0,0.08
,,,,Shooter,0.0,0.03,0.04,0.01,0.08
,,,,Role-Playing,0.08,0.0,0.0,0.0,0.08
,,,,Misc,0.0,0.0,0.08,0.01,0.08
,,,,Action,0.0,0.0,0.07,0.01,0.08
,,,,Fighting,0.08,0.0,0.0,0.0,0.08
,,,,Puzzle,0.0,0.0,0.07,0.01,0.08
,,,,Simulation,0.08,0.0,0.0,0.0,0.08
,,,,Action,0.0,0.03,0.04,0.01,0.08
,,,,Action,0.08,0.0,0.0,0.0,0.08
,,,,Platform,0.0,0.01,0.06,0.01,0.08
,,,,Action,0.0,0.03,0.04,0.01,0.08
,,,,Sports,0.0,0.01,0.06,0.01,0.08
,,,,Misc,0.08,0.0,0.0,0.0,0.08
,,,,Sports,0.08,0.0,0.0,0.0,0.08
,,,,Platform,0.0,0.0,0.07,0.01,0.08
,,,,Action,0.0,0.02,0.06,0.0,0.08
,,,,Platform,0.0,0.01,0.07,0.01,0.08
,,,,Role-Playing,0.08,0.0,0.0,0.01,0.08
,,,,Sports,0.0,0.02,0.06,0.0,0.08
,,,,Sports,0.08,0.0,0.0,0.0,0.08
,,,,Simulation,0.0,0.0,0.07,0.0,0.08
,,,,Action,0.0,0.02,0.05,0.01,0.08
,,,,Action,0.0,0.04,0.03,0.01,0.08
,,,,Action,0.08,0.0,0.0,0.0,0.08
,,,,Fighting,0.05,0.01,0.01,0.0,0.08
,,,,Action,0.0,0.0,0.07,0.01,0.08
,,,,Misc,0.08,0.0,0.0,0.0,0.08
,,,,Strategy,0.08,0.0,0.0,0.0,0.08
,,,,Sports,0.0,0.02,0.06,0.0,0.08
,,,,Action,0.0,0.07,0.0,0.0,0.08
,,,,Sports,0.0,0.0,0.08,0.01,0.08
,,,,Simulation,0.0,0.0,0.08,0.01,0.08
,,,,Misc,0.0,0.07,0.0,0.01,0.08
,,,,Misc,0.0,0.0,0.07,0.01,0.08
,,,,Sports,0.0,0.02,0.06,0.0,0.08
,,,,Strategy,0.0,0.02,0.06,0.01,0.08
,,,,Adventure,0.08,0.0,0.0,0.0,0.08
,,,,Action,0.0,0.0,0.07,0.01,0.08
,,,,Role-Playing,0.08,0.0,0.0,0.01,0.08
,,,,Sports,0.0,0.03,0.04,0.01,0.08
,,,,Shooter,0.0,0.01,0.06,0.01,0.08
,,,,Action,0.0,0.01,0.06,0.01,0.08
,,,,Fighting,0.0,0.01,0.07,0.01,0.08
,,,,Shooter,0.0,0.0,0.07,0.01,0.08
,,,,Racing,0.0,0.0,0.07,0.01,0.08
,,,,Adventure,0.08,0.0,0.0,0.0,0.08
,,,,Racing,0.0,0.02,0.06,0.0,0.08
,,,,Misc,0.0,0.02,0.06,0.0,0.08
,,,,Misc,0.08,0.0,0.0,0.0,0.08
,,,,Simulation,0.0,0.03,0.04,0.01,0.08
,,,,Misc,0.08,0.0,0.0,0.0,0.08
,,,,Adventure,0.0,0.05,0.03,0.01,0.08
,,,,Role-Playing,0.08,0.0,0.0,0.01,0.08
,,,,Adventure,0.0,0.07,0.0,0.01,0.08
,,,,Adventure,0.0,0.0,0.08,0.0,0.08
,,,,Sports,0.08,0.0,0.0,0.0,0.08
,,,,Simulation,0.0,0.0,0.07,0.01,0.08
,,,,Role-Playing,0.0,0.03,0.04,0.01,0.08
,,,,Misc,0.0,0.03,0.04,0.01,0.08
,,,,Adventure,0.0,0.0,0.07,0.01,0.08
,,,,Racing,0.0,0.0,0.07,0.01,0.08
,,,,Strategy,0.08,0.0,0.0,0.0,0.08
,,,,Racing,0.0,0.02,0.06,0.0,0.08
,,,,Action,0.0,0.08,0.0,0.0,0.08
,,,,Puzzle,0.0,0.0,0.07,0.01,0.08
,,,,Simulation,0.0,0.05,0.01,0.02,0.08
,,,,Racing,0.0,0.01,0.06,0.01,0.08
,,,,Misc,0.0,0.01,0.06,0.01,0.08
,,,,Fighting,0.07,0.0,0.0,0.01,0.08
,,,,Action,0.0,0.0,0.07,0.01,0.08
,,,,Action,0.0,0.03,0.05,0.01,0.08
,,,,Adventure,0.0,0.04,0.03,0.01,0.08
,,,,Action,0.08,0.0,0.0,0.0,0.08
,,,,Adventure,0.08,0.0,0.0,0.0,0.08
,,,,Puzzle,0.0,0.02,0.06,0.0,0.08
,,,,Shooter,0.0,0.02,0.06,0.0,0.08
,,,,Puzzle,0.0,0.0,0.07,0.01,0.08
,,,,Puzzle,0.0,0.02,0.06,0.0,0.08
,,,,Sports,0.0,0.01,0.07,0.0,0.08
,,,,Sports,0.0,0.02,0.06,0.0,0.08
,,,,Racing,0.0,0.02,0.06,0.0,0.08
,,,,Role-Playing,0.05,0.01,0.02,0.01,0.08
,,,,Action,0.0,0.06,0.0,0.02,0.08
,,,,Action,0.0,0.03,0.04,0.01,0.08
,,,,Strategy,0.0,0.06,0.0,0.02,0.08
,,,,Puzzle,0.0,0.0,0.07,0.01,0.08
,,,,Action,0.03,0.01,0.04,0.0,0.08
,,,,Fighting,0.0,0.01,0.06,0.01,0.08
,,,,Action,0.0,0.02,0.06,0.0,0.08
,,,,Sports,0.0,0.02,0.06,0.0,0.08
,,,,Shooter,0.0,0.02,0.06,0.0,0.08
,,,,Shooter,0.0,0.0,0.08,0.0,0.08
,,,,Simulation,0.08,0.0,0.0,0.0,0.08
,,,,Action,0.08,0.0,0.0,0.0,0.08
,,,,Puzzle,0.0,0.02,0.05,0.01,0.08
,,,,Shooter,0.0,0.03,0.04,0.01,0.08
,,,,Simulation,0.08,0.0,0.0,0.0,0.08
,,,,Adventure,0.08,0.0,0.0,0.0,0.08
,,,,Strategy,0.08,0.0,0.0,0.0,0.08
,,,,Action,0.0,0.0,0.07,0.01,0.08
,,,,Action,0.0,0.03,0.04,0.01,0.08
,,,,Misc,0.0,0.02,0.06,0.0,0.08
,,,,Adventure,0.0,0.02,0.05,0.01,0.08
,,,,Fighting,0.0,0.02,0.06,0.0,0.08
,,,,Fighting,0.08,0.0,0.0,0.0,0.08
,,,,Action,0.0,0.0,0.07,0.01,0.08
,,,,Sports,0.0,0.03,0.04,0.01,0.08
,,,,Adventure,0.08,0.0,0.0,0.0,0.08
,,,,Strategy,0.08,0.0,0.0,0.0,0.08
,,,,Sports,0.0,0.0,0.07,0.01,0.08
,,,,Sports,0.0,0.0,0.07,0.01,0.08
,,,,Fighting,0.0,0.06,0.01,0.01,0.08
,,,,Simulation,0.0,0.07,0.0,0.01,0.08
,,,,Shooter,0.08,0.0,0.0,0.0,0.08
,,,,Adventure,0.08,0.0,0.0,0.0,0.08
,,,,Misc,0.0,0.02,0.06,0.0,0.08
,,,,Misc,0.08,0.0,0.0,0.0,0.08
,,,,Strategy,0.0,0.02,0.06,0.0,0.08
,,,,Shooter,0.0,0.05,0.01,0.01,0.08
,,,,Racing,0.0,0.05,0.02,0.01,0.08
,,,,Action,0.08,0.0,0.0,0.0,0.08
,,,,Puzzle,0.0,0.0,0.07,0.0,0.08
,,,,Role-Playing,0.0,0.01,0.05,0.01,0.08
,,,,Adventure,0.08,0.0,0.0,0.0,0.08
,,,,Action,0.08,0.0,0.0,0.0,0.08
,,,,Misc,0.0,0.02,0.06,0.0,0.08
,,,,Adventure,0.0,0.04,0.03,0.01,0.08
,,,,Shooter,0.0,0.03,0.04,0.01,0.08
,,,,Simulation,0.04,0.01,0.02,0.01,0.08
,,,,Shooter,0.0,0.03,0.04,0.01,0.08
,,,,Misc,0.0,0.0,0.07,0.01,0.08
,,,,Misc,0.0,0.01,0.06,0.01,0.08
,,,,Action,0.0,0.02,0.06,0.0,0.08
,,,,Simulation,0.08,0.0,0.0,0.0,0.08
,,,,Adventure,0.08,0.0,0.0,0.0,0.08
,,,,Misc,0.0,0.04,0.03,0.01,0.08
,,,,Action,0.08,0.0,0.0,0.0,0.08
,,,,Action,0.0,0.02,0.06,0.0,0.08
,,,,Adventure,0.0,0.0,0.07,0.01,0.08
,,,,Action,0.0,0.06,0.0,0.02,0.08
,,,,Fighting,0.08,0.0,0.0,0.0,0.08
,,,,Action,0.0,0.01,0.06,0.01,0.08
,,,,Misc,0.0,0.0,0.07,0.01,0.08
,,,,Role-Playing,0.0,0.03,0.04,0.01,0.08
,,,,Sports,0.0,0.0,0.07,0.01,0.08
,,,,Puzzle,0.0,0.0,0.07,0.01,0.08
,,,,Shooter,0.0,0.02,0.06,0.0,0.08
,,,,Action,0.0,0.02,0.06,0.0,0.08
,,,,Misc,0.0,0.0,0.07,0.01,0.08
,,,,Shooter,0.0,0.04,0.03,0.01,0.08
,,,,Platform,0.0,0.0,0.07,0.01,0.08
,,,,Action,0.0,0.01,0.06,0.01,0.08
,,,,Action,0.0,0.02,0.06,0.0,0.08
,,,,Sports,0.0,0.02,0.06,0.0,0.08
,,,,Action,0.0,0.02,0.06,0.0,0.08
,,,,Misc,0.0,0.0,0.07,0.01,0.08
,,,,Action,0.07,0.01,0.0,0.0,0.08
,,,,Action,0.08,0.0,0.0,0.0,0.08
,,,,Puzzle,0.0,0.0,0.07,0.01,0.08
,,,,Sports,0.0,0.0,0.07,0.01,0.08
,,,,Action,0.0,0.02,0.06,0.0,0.08
,,,,Role-Playing,0.01,0.03,0.03,0.01,0.08
,,,,Adventure,0.0,0.0,0.07,0.01,0.08
,,,,Sports,0.0,0.01,0.06,0.01,0.08
,,,,Platform,0.0,0.02,0.06,0.0,0.08
,,,,Action,0.0,0.0,0.07,0.01,0.08
,,,,Racing,0.0,0.0,0.07,0.01,0.08
,,,,Sports,0.0,0.03,0.04,0.01,0.08
,,,,Action,0.0,0.02,0.06,0.0,0.08
,,,,Racing,0.0,0.07,0.0,0.01,0.08
,,,,Simulation,0.0,0.0,0.07,0.01,0.08
,,,,Role-Playing,0.0,0.02,0.06,0.0,0.08
,,,,Action,0.0,0.07,0.0,0.01,0.08
,,,,Adventure,0.0,0.04,0.03,0.01,0.08
,,,,Misc,0.0,0.0,0.07,0.01,0.08
,,,,Misc,0.08,0.0,0.0,0.0,0.08
,,,,Sports,0.0,0.03,0.04,0.01,0.08
,,,,Misc,0.0,0.07,0.0,0.01,0.08
,,,,Role-Playing,0.08,0.0,0.0,0.0,0.08
,,,,Misc,0.0,0.0,0.07,0.01,0.08
,,,,Action,0.01,0.05,0.01,0.01,0.08
,,,,Adventure,0.0,0.01,0.07,0.01,0.08
,,,,Simulation,0.0,0.03,0.04,0.01,0.08
,,,,Action,0.0,0.01,0.06,0.01,0.08
,,,,Sports,0.0,0.03,0.04,0.01,0.08
,,,,Adventure,0.08,0.0,0.0,0.0,0.08
,,,,Fighting,0.08,0.0,0.0,0.0,0.08
,,,,Misc,0.0,0.02,0.06,0.0,0.08
,,,,Shooter,0.07,0.0,0.0,0.01,0.08
,,,,Adventure,0.0,0.05,0.02,0.01,0.08
,,,,Shooter,0.0,0.02,0.06,0.0,0.08
,,,,Action,0.0,0.01,0.07,0.01,0.08
,,,,Adventure,0.08,0.0,0.0,0.0,0.08
,,,,Misc,0.0,0.03,0.04,0.01,0.08
,,,,Role-Playing,0.0,0.0,0.07,0.01,0.08
,,,,Racing,0.0,0.0,0.07,0.01,0.08
,,,,Strategy,0.08,0.0,0.0,0.0,0.08
,,,,Sports,0.0,0.03,0.04,0.01,0.08
,,,,Misc,0.0,0.02,0.05,0.01,0.08
,,,,Sports,0.0,0.02,0.05,0.01,0.08
,,,,Simulation,0.0,0.01,0.07,0.01,0.08
,,,,Adventure,0.0,0.01,0.06,0.01,0.08
,,,,Platform,0.0,0.06,0.0,0.01,0.08
,,,,Role-Playing,0.08,0.0,0.0,0.0,0.08
,,,,Misc,0.0,0.07,0.0,0.01,0.08
,,,,Sports,0.0,0.02,0.06,0.0,0.08
,,,,Shooter,0.0,0.01,0.06,0.01,0.08
,,,,Role-Playing,0.0,0.0,0.07,0.0,0.08
,,,,Simulation,0.0,0.07,0.0,0.01,0.08
,,,,Racing,0.0,0.03,0.04,0.01,0.08
,,,,Role-Playing,0.0,0.02,0.06,0.0,0.08
,,,,Adventure,0.08,0.0,0.0,0.0,0.08
,,,,Fighting,0.08,0.0,0.0,0.0,0.08
,,,,Misc,0.0,0.0,0.07,0.01,0.08
,,,,Puzzle,0.0,0.0,0.07,0.01,0.08
,,,,Action,0.0,0.03,0.04,0.01,0.08
,,,,Sports,0.0,0.0,0.07,0.01,0.08
,,,,Action,0.04,0.03,0.0,0.0,0.08
,,,,Strategy,0.08,0.0,0.0,0.0,0.08
,,,,Action,0.08,0.0,0.0,0.0,0.08
,,,,Sports,0.0,0.0,0.07,0.01,0.08
,,,,Fighting,0.0,0.02,0.06,0.0,0.08
,,,,Adventure,0.08,0.0,0.0,0.0,0.08
,,,,Platform,0.0,0.03,0.04,0.01,0.08
,,,,Racing,0.0,0.02,0.06,0.0,0.08
,,,,Shooter,0.0,0.03,0.04,0.01,0.08
,,,,Role-Playing,0.08,0.0,0.0,0.0,0.08
,,,,Racing,0.0,0.02,0.06,0.0,0.08
,,,,Role-Playing,0.08,0.0,0.0,0.0,0.08
,,,,Sports,0.0,0.0,0.07,0.01,0.08
,,,,Shooter,0.08,0.0,0.0,0.0,0.08
,,,,Sports,0.08,0.0,0.0,0.0,0.08
,,,,Racing,0.0,0.02,0.06,0.0,0.08
,,,,Action,0.0,0.03,0.04,0.01,0.08
,,,,Action,0.0,0.0,0.07,0.01,0.08
,,,,Role-Playing,0.08,0.0,0.0,0.0,0.08
,,,,Action,0.0,0.0,0.07,0.01,0.08
,,,,Misc,0.08,0.0,0.0,0.0,0.08
,,,,Misc,0.0,0.0,0.07,0.01,0.08
,,,,Role-Playing,0.08,0.0,0.0,0.0,0.08
,,,,Sports,0.0,0.02,0.06,0.0,0.08
,,,,Misc,0.07,0.0,0.0,0.0,0.08
,,,,Simulation,0.08,0.0,0.0,0.0,0.08
,,,,Shooter,0.0,0.01,0.06,0.01,0.08
,,,,Fighting,0.08,0.0,0.0,0.0,0.08
,,,,Simulation,0.0,0.0,0.07,0.0,0.08
,,,,Action,0.0,0.03,0.04,0.01,0.08
,,,,Misc,0.08,0.0,0.0,0.0,0.08
,,,,Role-Playing,0.08,0.0,0.0,0.0,0.08
,,,,Misc,0.0,0.0,0.07,0.01,0.08
,,,,Action,0.0,0.02,0.06,0.0,0.08
,,,,Sports,0.0,0.02,0.06,0.0,0.08
,,,,Sports,0.0,0.02,0.06,0.0,0.08
,,,,Adventure,0.08,0.0,0.0,0.0,0.08
,,,,Platform,0.0,0.02,0.06,0.0,0.08
,,,,Action,0.0,0.0,0.07,0.0,0.08
,,,,Fighting,0.08,0.0,0.0,0.0,0.08
,,,,Platform,0.0,0.03,0.04,0.01,0.08
,,,,Misc,0.0,0.03,0.04,0.01,0.08
,,,,Fighting,0.08,0.0,0.0,0.0,0.08
,,,,Sports,0.08,0.0,0.0,0.0,0.08
,,,,Sports,0.08,0.0,0.0,0.0,0.08
,,,,Platform,0.0,0.02,0.06,0.0,0.08
,,,,Racing,0.0,0.06,0.0,0.01,0.08
,,,,Misc,0.0,0.03,0.04,0.0,0.08
,,,,Action,0.0,0.01,0.06,0.01,0.08
,,,,Racing,0.0,0.02,0.05,0.0,0.08
,,,,Puzzle,0.0,0.0,0.07,0.01,0.08
,,,,Shooter,0.0,0.03,0.04,0.0,0.08
,,,,Role-Playing,0.08,0.0,0.0,0.0,0.08
,,,,Strategy,0.08,0.0,0.0,0.0,0.08
,,,,Platform,0.0,0.0,0.07,0.01,0.08
,,,,Action,0.0,0.03,0.04,0.0,0.08
,,,,Action,0.0,0.0,0.07,0.01,0.08
,,,,Simulation,0.0,0.03,0.04,0.0,0.08
,,,,Racing,0.0,0.06,0.0,0.02,0.08
,,,,Strategy,0.08,0.0,0.0,0.0,0.08
,,,,Strategy,0.0,0.06,0.01,0.01,0.08
,,,,Action,0.0,0.0,0.07,0.0,0.08
,,,,Fighting,0.08,0.0,0.0,0.0,0.08
,,,,Misc,0.0,0.0,0.07,0.01,0.08
,,,,Action,0.08,0.0,0.0,0.0,0.08
,,,,Platform,0.0,0.0,0.07,0.01,0.08
,,,,Adventure,0.0,0.0,0.07,0.01,0.08
,,,,Shooter,0.0,0.05,0.01,0.02,0.08
,,,,Shooter,0.0,0.0,0.07,0.01,0.08
,,,,Role-Playing,0.0,0.02,0.05,0.0,0.08
,,,,Racing,0.0,0.02,0.06,0.0,0.08
,,,,Misc,0.0,0.0,0.07,0.01,0.08
,,,,Misc,0.0,0.0,0.07,0.01,0.08
,,,,Sports,0.0,0.0,0.07,0.01,0.08
,,,,Strategy,0.0,0.03,0.04,0.01,0.08
,,,,Shooter,0.0,0.02,0.06,0.0,0.08
,,,,Shooter,0.0,0.02,0.06,0.0,0.08
,,,,Fighting,0.08,0.0,0.0,0.0,0.08
,,,,Role-Playing,0.08,0.0,0.0,0.0,0.08
,,,,Puzzle,0.0,0.02,0.05,0.01,0.08
,,,,Misc,0.08,0.0,0.0,0.0,0.08
,,,,Strategy,0.0,0.03,0.04,0.01,0.08
,,,,Racing,0.0,0.06,0.0,0.02,0.08
,,,,Role-Playing,0.08,0.0,0.0,0.0,0.08
,,,,Action,0.0,0.07,0.0,0.0,0.08
,,,,Strategy,0.08,0.0,0.0,0.0,0.08
,,,,Sports,0.0,0.01,0.05,0.01,0.08
,,,,Misc,0.08,0.0,0.0,0.0,0.08
,,,,Racing,0.0,0.06,0.0,0.01,0.08
,,,,Sports,0.0,0.0,0.07,0.01,0.08
,,,,Platform,0.0,0.02,0.05,0.0,0.08
,,,,Shooter,0.0,0.02,0.06,0.0,0.08
,,,,Misc,0.0,0.02,0.06,0.0,0.08
,,,,Role-Playing,0.08,0.0,0.0,0.0,0.08
,,,,Sports,0.0,0.06,0.0,0.02,0.08
,,,,Sports,0.0,0.06,0.0,0.01,0.08
,,,,Shooter,0.0,0.02,0.05,0.0,0.08
,,,,Role-Playing,0.0,0.0,0.07,0.0,0.08
,,,,Sports,0.0,0.0,0.07,0.0,0.08
,,,,Misc,0.08,0.0,0.0,0.0,0.08
,,,,Misc,0.0,0.0,0.07,0.01,0.08
,,,,Role-Playing,0.0,0.05,0.01,0.01,0.08
,,,,Action,0.04,0.03,0.0,0.0,0.08
,,,,Platform,0.0,0.02,0.06,0.0,0.08
,,,,Platform,0.0,0.03,0.03,0.01,0.08
,,,,Racing,0.0,0.0,0.07,0.01,0.08
,,,,Racing,0.0,0.02,0.06,0.0,0.08
,,,,Action,0.0,0.02,0.06,0.0,0.08
,,,,Misc,0.0,0.0,0.07,0.01,0.08
,,,,Action,0.0,0.0,0.07,0.01,0.08
,,,,Sports,0.08,0.0,0.0,0.0,0.08
,,,,Action,0.08,0.0,0.0,0.0,0.08
,,,,Action,0.0,0.0,0.07,0.0,0.08
,,,,Misc,0.0,0.02,0.06,0.0,0.08
,,,,Fighting,0.08,0.0,0.0,0.0,0.08
,,,,Role-Playing,0.08,0.0,0.0,0.0,0.08
,,,,Sports,0.0,0.0,0.07,0.01,0.07
,,,,Role-Playing,0.07,0.0,0.0,0.0,0.07
,,,,Misc,0.0,0.0,0.07,0.0,0.07
,,,,Fighting,0.07,0.0,0.0,0.0,0.07
,,,,Racing,0.07,0.0,0.0,0.0,0.07
,,,,Misc,0.0,0.03,0.04,0.01,0.07
,,,,Adventure,0.07,0.0,0.0,0.0,0.07
,,,,Misc,0.0,0.0,0.07,0.01,0.07
,,,,Platform,0.0,0.0,0.06,0.01,0.07
,,,,Adventure,0.07,0.0,0.0,0.0,0.07
,,,,Fighting,0.07,0.0,0.0,0.0,0.07
,,,,Adventure,0.07,0.0,0.0,0.0,0.07
,,,,Role-Playing,0.0,0.06,0.0,0.02,0.07
,,,,Sports,0.0,0.01,0.06,0.01,0.07
,,,,Role-Playing,0.0,0.03,0.04,0.01,0.07
,,,,Sports,0.0,0.0,0.07,0.0,0.07
,,,,Sports,0.07,0.0,0.0,0.0,0.07
,,,,Racing,0.07,0.0,0.0,0.0,0.07
,,,,Adventure,0.07,0.0,0.0,0.0,0.07
,,,,Puzzle,0.0,0.03,0.04,0.0,0.07
,,,,Misc,0.07,0.0,0.0,0.0,0.07
,,,,Role-Playing,0.07,0.0,0.0,0.0,0.07
,,,,Platform,0.0,0.03,0.04,0.01,0.07
,,,,Role-Playing,0.07,0.0,0.0,0.0,0.07
,,,,Shooter,0.0,0.0,0.07,0.01,0.07
,,,,Platform,0.07,0.0,0.0,0.0,0.07
,,,,Platform,0.0,0.02,0.06,0.0,0.07
,,,,Adventure,0.0,0.0,0.07,0.0,0.07
,,,,Misc,0.07,0.0,0.0,0.0,0.07
,,,,Misc,0.0,0.07,0.0,0.01,0.07
,,,,Role-Playing,0.07,0.0,0.0,0.0,0.07
,,,,Action,0.0,0.01,0.05,0.01,0.07
,,,,Racing,0.0,0.0,0.07,0.01,0.07
,,,,Platform,0.0,0.02,0.05,0.0,0.07
,,,,Fighting,0.0,0.03,0.04,0.0,0.07
,,,,Sports,0.0,0.03,0.04,0.0,0.07
,,,,Puzzle,0.0,0.06,0.0,0.01,0.07
,,,,Action,0.07,0.0,0.0,0.0,0.07
,,,,Adventure,0.07,0.0,0.0,0.0,0.07
,,,,Misc,0.07,0.0,0.0,0.0,0.07
,,,,Action,0.0,0.03,0.04,0.01,0.07
,,,,Puzzle,0.0,0.0,0.07,0.01,0.07
,,,,Action,0.0,0.02,0.06,0.0,0.07
,,,,Strategy,0.0,0.01,0.06,0.0,0.07
,,,,Action,0.0,0.05,0.02,0.01,0.07
,,,,Fighting,0.07,0.0,0.0,0.0,0.07
,,,,Puzzle,0.0,0.03,0.04,0.01,0.07
,,,,Simulation,0.0,0.0,0.07,0.01,0.07
,,,,Action,0.07,0.0,0.0,0.0,0.07
,,,,Adventure,0.07,0.0,0.0,0.0,0.07
,,,,Adventure,0.07,0.0,0.0,0.0,0.07
,,,,Sports,0.07,0.0,0.0,0.0,0.07
,,,,Role-Playing,0.07,0.0,0.0,0.0,0.07
,,,,Role-Playing,0.03,0.03,0.0,0.01,0.07
,,,,Puzzle,0.0,0.0,0.07,0.01,0.07
,,,,Puzzle,0.04,0.0,0.03,0.0,0.07
,,,,Puzzle,0.0,0.0,0.07,0.01,0.07
,,,,Fighting,0.06,0.01,0.0,0.0,0.07
,,,,Simulation,0.0,0.0,0.07,0.01,0.07
,,,,Shooter,0.0,0.02,0.05,0.0,0.07
,,,,Sports,0.07,0.0,0.0,0.0,0.07
,,,,Role-Playing,0.07,0.0,0.0,0.0,0.07
,,,,Misc,0.07,0.0,0.0,0.0,0.07
,,,,Adventure,0.07,0.0,0.0,0.0,0.07
,,,,Racing,0.0,0.01,0.06,0.0,0.07
,,,,Platform,0.07,0.0,0.0,0.0,0.07
,,,,Misc,0.0,0.0,0.07,0.01,0.07
,,,,Simulation,0.0,0.06,0.0,0.01,0.07
,,,,Puzzle,0.0,0.02,0.05,0.0,0.07
,,,,Action,0.0,0.02,0.05,0.01,0.07
,,,,Simulation,0.0,0.04,0.03,0.01,0.07
,,,,Adventure,0.0,0.01,0.05,0.01,0.07
,,,,Racing,0.0,0.05,0.01,0.01,0.07
,,,,Action,0.0,0.02,0.04,0.01,0.07
,,,,Action,0.0,0.03,0.04,0.01,0.07
,,,,Puzzle,0.0,0.06,0.0,0.01,0.07
,,,,Adventure,0.0,0.02,0.05,0.0,0.07
,,,,Racing,0.0,0.02,0.05,0.0,0.07
,,,,Racing,0.07,0.0,0.0,0.0,0.07
,,,,Adventure,0.0,0.06,0.0,0.01,0.07
,,,,Action,0.0,0.03,0.04,0.0,0.07
,,,,Action,0.0,0.04,0.03,0.0,0.07
,,,,Platform,0.07,0.0,0.0,0.0,0.07
,,,,Platform,0.0,0.02,0.05,0.0,0.07
,,,,Fighting,0.0,0.01,0.06,0.01,0.07
,,,,Role-Playing,0.07,0.0,0.0,0.0,0.07
,,,,Strategy,0.0,0.03,0.04,0.01,0.07
,,,,Sports,0.0,0.0,0.07,0.01,0.07
,,,,Role-Playing,0.07,0.0,0.0,0.0,0.07
,,,,Fighting,0.0,0.0,0.07,0.0,0.07
,,,,Simulation,0.0,0.03,0.04,0.01,0.07
,,,,Misc,0.0,0.0,0.07,0.01,0.07
,,,,Simulation,0.0,0.0,0.07,0.01,0.07
,,,,Fighting,0.0,0.0,0.07,0.0,0.07
,,,,Strategy,0.0,0.03,0.04,0.01,0.07
,,,,Adventure,0.0,0.01,0.06,0.0,0.07
,,,,Misc,0.0,0.02,0.05,0.0,0.07
,,,,Strategy,0.0,0.02,0.05,0.0,0.07
,,,,Adventure,0.07,0.0,0.0,0.0,0.07
,,,,Action,0.07,0.0,0.0,0.0,0.07
,,,,Puzzle,0.0,0.03,0.04,0.0,0.07
,,,,Sports,0.07,0.0,0.0,0.0,0.07
,,,,Adventure,0.07,0.0,0.0,0.0,0.07
,,,,Racing,0.0,0.02,0.05,0.0,0.07
,,,,Role-Playing,0.04,0.01,0.02,0.01,0.07
,,,,Sports,0.07,0.0,0.0,0.0,0.07
,,,,Platform,0.0,0.03,0.04,0.0,0.07
,,,,Action,0.0,0.02,0.04,0.01,0.07
,,,,Shooter,0.0,0.03,0.04,0.0,0.07
,,,,Adventure,0.07,0.0,0.0,0.0,0.07
,,,,Adventure,0.0,0.02,0.05,0.01,0.07
,,,,Fighting,0.0,0.02,0.05,0.0,0.07
,,,,Action,0.0,0.05,0.0,0.02,0.07
,,,,Puzzle,0.0,0.0,0.07,0.0,0.07
,,,,Simulation,0.0,0.03,0.04,0.01,0.07
,,,,Sports,0.0,0.06,0.0,0.01,0.07
,,,,Strategy,0.07,0.0,0.0,0.0,0.07
,,,,Misc,0.0,0.03,0.04,0.01,0.07
,,,,Sports,0.0,0.0,0.07,0.01,0.07
,,,,Sports,0.0,0.0,0.07,0.0,0.07
,,,,Strategy,0.07,0.0,0.0,0.0,0.07
,,,,Role-Playing,0.07,0.0,0.0,0.0,0.07
,,,,Adventure,0.07,0.0,0.0,0.0,0.07
,,,,Racing,0.0,0.0,0.07,0.0,0.07
,,,,Misc,0.07,0.0,0.0,0.0,0.07
,,,,Simulation,0.0,0.0,0.07,0.0,0.07
,,,,Puzzle,0.0,0.0,0.07,0.0,0.07
,,,,Simulation,0.0,0.0,0.07,0.0,0.07
,,,,Adventure,0.0,0.0,0.07,0.0,0.07
,,,,Misc,0.0,0.02,0.05,0.0,0.07
,,,,Platform,0.0,0.02,0.05,0.0,0.07
,,,,Action,0.0,0.01,0.05,0.01,0.07
,,,,Fighting,0.0,0.01,0.06,0.0,0.07
,,,,Simulation,0.0,0.06,0.0,0.01,0.07
,,,,Shooter,0.0,0.02,0.05,0.0,0.07
,,,,Sports,0.07,0.0,0.0,0.0,0.07
,,,,Adventure,0.0,0.03,0.04,0.01,0.07
,,,,Sports,0.0,0.06,0.0,0.01,0.07
,,,,Misc,0.0,0.02,0.05,0.0,0.07
,,,,Simulation,0.0,0.0,0.07,0.0,0.07
,,,,Shooter,0.0,0.03,0.04,0.0,0.07
,,,,Adventure,0.07,0.0,0.0,0.0,0.07
,,,,Platform,0.0,0.02,0.05,0.0,0.07
,,,,Role-Playing,0.0,0.06,0.0,0.01,0.07
,,,,Misc,0.0,0.03,0.04,0.01,0.07
,,,,Adventure,0.07,0.0,0.0,0.0,0.07
,,,,Racing,0.0,0.02,0.05,0.0,0.07
,,,,Role-Playing,0.0,0.0,0.07,0.0,0.07
,,,,Action,0.07,0.0,0.0,0.0,0.07
,,,,Misc,0.0,0.0,0.06,0.01,0.07
,,,,Strategy,0.07,0.0,0.0,0.0,0.07
,,,,Misc,0.0,0.01,0.05,0.01,0.07
,,,,Strategy,0.07,0.0,0.0,0.0,0.07
,,,,Strategy,0.0,0.0,0.07,0.01,0.07
,,,,Shooter,0.0,0.03,0.04,0.01,0.07
,,,,Racing,0.0,0.02,0.04,0.01,0.07
,,,,Misc,0.07,0.0,0.0,0.0,0.07
,,,,Action,0.07,0.0,0.0,0.0,0.07
,,,,Shooter,0.0,0.01,0.06,0.0,0.07
,,,,Shooter,0.07,0.0,0.0,0.0,0.07
,,,,Strategy,0.0,0.0,0.07,0.0,0.07
,,,,Fighting,0.05,0.0,0.02,0.0,0.07
,,,,Role-Playing,0.04,0.02,0.01,0.01,0.07
,,,,Misc,0.07,0.0,0.0,0.0,0.07
,,,,Adventure,0.0,0.06,0.0,0.01,0.07
,,,,Racing,0.02,0.0,0.05,0.0,0.07
,,,,Fighting,0.07,0.0,0.0,0.0,0.07
,,,,Misc,0.07,0.0,0.0,0.0,0.07
,,,,Action,0.0,0.04,0.02,0.01,0.07
,,,,Platform,0.0,0.02,0.05,0.0,0.07
,,,,Sports,0.0,0.02,0.05,0.0,0.07
,,,,Adventure,0.0,0.02,0.05,0.01,0.07
,,,,Action,0.0,0.0,0.06,0.01,0.07
,,,,Action,0.07,0.0,0.0,0.0,0.07
,,,,Adventure,0.0,0.0,0.07,0.01,0.07
,,,,Action,0.0,0.02,0.05,0.0,0.07
,,,,Role-Playing,0.07,0.0,0.0,0.0,0.07
,,,,Misc,0.0,0.0,0.07,0.0,0.07
,,,,Sports,0.0,0.0,0.06,0.01,0.07
,,,,Racing,0.0,0.03,0.03,0.01,0.07
,,,,Racing,0.0,0.03,0.03,0.01,0.07
,,,,Sports,0.0,0.03,0.04,0.0,0.07
,,,,Shooter,0.0,0.04,0.01,0.01,0.07
,,,,Shooter,0.0,0.05,0.01,0.01,0.07
,,,,Sports,0.0,0.01,0.05,0.0,0.07
,,,,Action,0.0,0.03,0.04,0.0,0.07
,,,,Misc,0.0,0.01,0.05,0.0,0.07
,,,,Shooter,0.0,0.02,0.04,0.01,0.07
,,,,Puzzle,0.07,0.0,0.0,0.0,0.07
,,,,Sports,0.07,0.0,0.0,0.0,0.07
,,,,Action,0.0,0.03,0.03,0.01,0.07
,,,,Adventure,0.0,0.0,0.07,0.0,0.07
,,,,Action,0.07,0.0,0.0,0.0,0.07
,,,,Adventure,0.0,0.03,0.03,0.01,0.07
,,,,Misc,0.07,0.0,0.0,0.0,0.07
,,,,Action,0.0,0.03,0.03,0.01,0.07
,,,,Platform,0.0,0.06,0.0,0.01,0.07
,,,,Shooter,0.0,0.06,0.0,0.01,0.07
,,,,Adventure,0.07,0.0,0.0,0.0,0.07
,,,,Sports,0.0,0.02,0.05,0.0,0.07
,,,,Racing,0.0,0.0,0.07,0.01,0.07
,,,,Role-Playing,0.0,0.0,0.07,0.0,0.07
,,,,Role-Playing,0.07,0.0,0.0,0.0,0.07
,,,,Adventure,0.0,0.0,0.05,0.02,0.07
,,,,Action,0.0,0.0,0.07,0.0,0.07
,,,,Simulation,0.0,0.0,0.07,0.01,0.07
,,,,Misc,0.0,0.0,0.07,0.0,0.07
,,,,Shooter,0.0,0.01,0.06,0.01,0.07
,,,,Adventure,0.07,0.0,0.0,0.0,0.07
,,,,Misc,0.0,0.0,0.07,0.01,0.07
,,,,Role-Playing,0.0,0.05,0.01,0.01,0.07
,,,,Action,0.0,0.02,0.05,0.0,0.07
,,,,Strategy,0.0,0.03,0.03,0.01,0.07
,,,,Adventure,0.0,0.02,0.05,0.0,0.07
,,,,Action,0.07,0.0,0.0,0.0,0.07
,,,,Racing,0.0,0.02,0.05,0.0,0.07
,,,,Fighting,0.07,0.0,0.0,0.0,0.07
,,,,Adventure,0.07,0.0,0.0,0.0,0.07
,,,,Fighting,0.0,0.0,0.06,0.01,0.07
,,,,Misc,0.0,0.0,0.07,0.01,0.07
,,,,Platform,0.0,0.0,0.06,0.01,0.07
,,,,Sports,0.0,0.06,0.0,0.01,0.07
,,,,Sports,0.0,0.0,0.06,0.01,0.07
,,,,Shooter,0.0,0.03,0.04,0.0,0.07
,,,,Strategy,0.0,0.03,0.04,0.0,0.07
,,,,Role-Playing,0.07,0.0,0.0,0.0,0.07
,,,,Role-Playing,0.07,0.0,0.0,0.0,0.07
,,,,Shooter,0.0,0.01,0.05,0.01,0.07
,,,,Platform,0.07,0.0,0.0,0.0,0.07
,,,,Shooter,0.0,0.03,0.03,0.01,0.07
,,,,Action,0.0,0.03,0.03,0.01,0.07
,,,,Action,0.0,0.03,0.04,0.0,0.07
,,,,Misc,0.0,0.06,0.0,0.01,0.07
,,,,Sports,0.0,0.03,0.03,0.01,0.07
,,,,Sports,0.0,0.0,0.07,0.0,0.07
,,,,Simulation,0.03,0.03,0.0,0.0,0.07
,,,,Racing,0.0,0.01,0.05,0.01,0.07
,,,,Sports,0.07,0.0,0.0,0.0,0.07
,,,,Simulation,0.0,0.06,0.0,0.01,0.07
,,,,Platform,0.0,0.02,0.05,0.0,0.07
,,,,Action,0.0,0.02,0.05,0.0,0.07
,,,,Sports,0.07,0.0,0.0,0.0,0.07
,,,,Action,0.0,0.03,0.03,0.01,0.07
,,,,Simulation,0.0,0.04,0.01,0.01,0.07
,,,,Adventure,0.07,0.0,0.0,0.0,0.07
,,,,Platform,0.0,0.01,0.05,0.0,0.07
,,,,Sports,0.07,0.0,0.0,0.0,0.07
,,,,Racing,0.0,0.01,0.06,0.0,0.07
,,,,Strategy,0.0,0.01,0.06,0.0,0.07
,,,,Misc,0.0,0.02,0.05,0.0,0.07
,,,,Adventure,0.0,0.01,0.06,0.0,0.07
,,,,Fighting,0.02,0.01,0.04,0.0,0.07
,,,,Fighting,0.04,0.0,0.0,0.03,0.07
,,,,Sports,0.0,0.01,0.06,0.0,0.07
,,,,Sports,0.0,0.0,0.06,0.01,0.07
,,,,Action,0.0,0.02,0.05,0.0,0.07
,,,,Adventure,0.07,0.0,0.0,0.0,0.07
,,,,Strategy,0.0,0.04,0.01,0.01,0.07
,,,,Action,0.07,0.0,0.0,0.0,0.07
,,,,Action,0.0,0.05,0.0,0.01,0.07
,,,,Adventure,0.0,0.01,0.05,0.0,0.07
,,,,Simulation,0.0,0.01,0.06,0.01,0.07
,,,,Sports,0.0,0.01,0.05,0.0,0.07
,,,,Racing,0.03,0.03,0.0,0.01,0.07
,,,,Strategy,0.07,0.0,0.0,0.0,0.07
,,,,Simulation,0.0,0.04,0.01,0.01,0.07
,,,,Platform,0.0,0.01,0.05,0.0,0.07
,,,,Sports,0.0,0.0,0.06,0.01,0.07
,,,,Role-Playing,0.07,0.0,0.0,0.0,0.07
,,,,Misc,0.0,0.02,0.05,0.0,0.07
,,,,Fighting,0.04,0.03,0.0,0.0,0.07
,,,,Shooter,0.0,0.03,0.03,0.01,0.07
,,,,Adventure,0.0,0.02,0.05,0.0,0.07
,,,,Role-Playing,0.0,0.03,0.04,0.0,0.07
,,,,Misc,0.0,0.0,0.07,0.0,0.07
,,,,Platform,0.0,0.0,0.06,0.0,0.07
,,,,Shooter,0.07,0.0,0.0,0.0,0.07
,,,,Adventure,0.0,0.0,0.06,0.01,0.07
,,,,Fighting,0.02,0.02,0.01,0.01,0.07
,,,,Action,0.07,0.0,0.0,0.0,0.07
,,,,Action,0.07,0.0,0.0,0.0,0.07
,,,,Shooter,0.0,0.01,0.05,0.0,0.07
,,,,Shooter,0.0,0.0,0.06,0.0,0.07
,,,,Puzzle,0.0,0.0,0.06,0.01,0.07
,,,,Action,0.07,0.0,0.0,0.0,0.07
,,,,Action,0.0,0.03,0.03,0.01,0.07
,,,,Role-Playing,0.07,0.0,0.0,0.0,0.07
,,,,Simulation,0.0,0.0,0.06,0.0,0.07
,,,,Action,0.07,0.0,0.0,0.0,0.07
,,,,Adventure,0.07,0.0,0.0,0.0,0.07
,,,,Misc,0.07,0.0,0.0,0.0,0.07
,,,,Sports,0.0,0.0,0.06,0.0,0.07
,,,,Shooter,0.0,0.0,0.06,0.0,0.07
,,,,Action,0.0,0.0,0.06,0.0,0.07
,,,,Simulation,0.0,0.0,0.06,0.01,0.07
,,,,Shooter,0.0,0.03,0.04,0.0,0.07
,,,,Platform,0.0,0.01,0.05,0.0,0.07
,,,,Adventure,0.0,0.0,0.06,0.0,0.07
,,,,Misc,0.0,0.01,0.06,0.01,0.07
,,,,Racing,0.0,0.03,0.04,0.0,0.07
,,,,Misc,0.07,0.0,0.0,0.0,0.07
,,,,Action,0.0,0.01,0.05,0.0,0.07
,,,,Role-Playing,0.0,0.03,0.03,0.01,0.07
,,,,Misc,0.0,0.0,0.06,0.01,0.07
,,,,Shooter,0.0,0.0,0.06,0.01,0.07
,,,,Simulation,0.0,0.03,0.03,0.01,0.07
,,,,Action,0.07,0.0,0.0,0.0,0.07
,,,,Racing,0.0,0.03,0.03,0.01,0.07
,,,,Misc,0.0,0.03,0.03,0.01,0.07
,,,,Strategy,0.0,0.0,0.06,0.0,0.07
,,,,Misc,0.0,0.0,0.06,0.0,0.07
,,,,Shooter,0.0,0.03,0.03,0.01,0.07
,,,,Shooter,0.0,0.05,0.01,0.01,0.07
,,,,Action,0.0,0.02,0.04,0.01,0.07
,,,,Sports,0.07,0.0,0.0,0.0,0.07
,,,,Action,0.0,0.01,0.05,0.0,0.07
,,,,Platform,0.0,0.01,0.05,0.0,0.07
,,,,Action,0.0,0.03,0.04,0.0,0.07
,,,,Adventure,0.07,0.0,0.0,0.0,0.07
,,,,Fighting,0.0,0.02,0.04,0.01,0.07
,,,,Misc,0.0,0.01,0.05,0.01,0.07
,,,,Action,0.0,0.02,0.05,0.0,0.07
,,,,Strategy,0.07,0.0,0.0,0.0,0.07
,,,,Action,0.0,0.01,0.05,0.01,0.07
,,,,Action,0.0,0.02,0.04,0.01,0.07
,,,,Action,0.07,0.0,0.0,0.0,0.07
,,,,Simulation,0.0,0.03,0.04,0.0,0.07
,,,,Racing,0.07,0.0,0.0,0.0,0.07
,,,,Role-Playing,0.07,0.0,0.0,0.0,0.07
,,,,Action,0.05,0.01,0.02,0.0,0.07
,,,,Sports,0.0,0.01,0.05,0.01,0.07
,,,,Action,0.07,0.0,0.0,0.0,0.07
,,,,Strategy,0.0,0.06,0.0,0.01,0.07
,,,,Fighting,0.0,0.01,0.05,0.0,0.07
,,,,Role-Playing,0.07,0.0,0.0,0.0,0.07
,,,,Puzzle,0.07,0.0,0.0,0.0,0.07
,,,,Action,0.07,0.0,0.0,0.0,0.07
,,,,Role-Playing,0.0,0.02,0.04,0.01,0.07
,,,,Adventure,0.07,0.0,0.0,0.0,0.07
,,,,Misc,0.0,0.0,0.06,0.0,0.07
,,,,Action,0.0,0.0,0.06,0.01,0.07
,,,,Shooter,0.0,0.03,0.04,0.0,0.07
,,,,Action,0.0,0.0,0.06,0.01,0.07
,,,,Action,0.0,0.03,0.03,0.01,0.07
,,,,Racing,0.06,0.0,0.0,0.0,0.07
,,,,Strategy,0.0,0.0,0.06,0.0,0.07
,,,,Role-Playing,0.07,0.0,0.0,0.0,0.07
,,,,Adventure,0.06,0.0,0.0,0.0,0.07
,,,,Action,0.06,0.01,0.0,0.0,0.07
,,,,Action,0.03,0.0,0.04,0.0,0.07
,,,,Fighting,0.07,0.0,0.0,0.0,0.07
,,,,Action,0.06,0.0,0.0,0.0,0.07
,,,,Fighting,0.0,0.03,0.03,0.01,0.07
,,,,Adventure,0.0,0.03,0.03,0.01,0.07
,,,,Role-Playing,0.0,0.03,0.04,0.0,0.07
,,,,Role-Playing,0.07,0.0,0.0,0.0,0.07
,,,,Sports,0.0,0.01,0.05,0.0,0.07
,,,,Misc,0.0,0.01,0.05,0.0,0.07
,,,,Action,0.0,0.04,0.03,0.0,0.07
,,,,Action,0.0,0.03,0.03,0.01,0.07
,,,,Action,0.0,0.04,0.01,0.01,0.07
,,,,Adventure,0.0,0.02,0.05,0.01,0.07
,,,,Adventure,0.07,0.0,0.0,0.0,0.07
,,,,Sports,0.07,0.0,0.0,0.0,0.07
,,,,Action,0.07,0.0,0.0,0.0,0.07
,,,,Sports,0.0,0.06,0.0,0.01,0.07
,,,,Racing,0.0,0.06,0.0,0.01,0.07
,,,,Sports,0.07,0.0,0.0,0.0,0.07
,,,,Puzzle,0.0,0.02,0.05,0.0,0.07
,,,,Strategy,0.01,0.05,0.0,0.01,0.07
,,,,Sports,0.0,0.03,0.04,0.0,0.07
,,,,Action,0.0,0.06,0.0,0.01,0.07
,,,,Action,0.0,0.01,0.05,0.0,0.07
,,,,Misc,0.07,0.0,0.0,0.0,0.07
,,,,Action,0.0,0.06,0.0,0.01,0.07
,,,,Action,0.07,0.0,0.0,0.0,0.07
,,,,Strategy,0.0,0.01,0.05,0.0,0.07
,,,,Role-Playing,0.07,0.0,0.0,0.0,0.07
,,,,Sports,0.0,0.0,0.06,0.0,0.07
,,,,Role-Playing,0.05,0.0,0.02,0.0,0.07
,,,,Simulation,0.0,0.03,0.04,0.0,0.07
,,,,Action,0.07,0.0,0.0,0.0,0.07
,,,,Action,0.0,0.03,0.04,0.0,0.07
,,,,Action,0.0,0.01,0.05,0.01,0.07
,,,,Platform,0.0,0.0,0.06,0.0,0.07
,,,,Sports,0.0,0.01,0.05,0.0,0.07
,,,,Adventure,0.0,0.03,0.03,0.01,0.07
,,,,Role-Playing,0.07,0.0,0.0,0.0,0.07
,,,,Action,0.07,0.0,0.0,0.0,0.07
,,,,Sports,0.0,0.06,0.0,0.01,0.07
,,,,Fighting,0.0,0.0,0.06,0.0,0.07
,,,,Shooter,0.0,0.03,0.04,0.0,0.07
,,,,Adventure,0.05,0.01,0.01,0.0,0.07
,,,,Misc,0.0,0.0,0.06,0.0,0.07
,,,,Action,0.0,0.03,0.03,0.01,0.07
,,,,Action,0.0,0.0,0.06,0.0,0.07
,,,,Action,0.0,0.0,0.06,0.0,0.07
,,,,Puzzle,0.0,0.0,0.06,0.0,0.07
,,,,Sports,0.07,0.0,0.0,0.0,0.07
,,,,Shooter,0.0,0.0,0.05,0.01,0.07
,,,,Action,0.0,0.0,0.06,0.01,0.07
,,,,Misc,0.0,0.0,0.06,0.0,0.07
,,,,Action,0.0,0.01,0.05,0.0,0.07
,,,,Action,0.07,0.0,0.0,0.0,0.07
,,,,Action,0.07,0.0,0.0,0.0,0.07
,,,,Puzzle,0.0,0.06,0.0,0.01,0.07
,,,,Platform,0.0,0.0,0.06,0.0,0.07
,,,,Fighting,0.0,0.02,0.05,0.0,0.07
,,,,Sports,0.0,0.0,0.06,0.01,0.07
,,,,Fighting,0.0,0.03,0.03,0.01,0.07
,,,,Simulation,0.0,0.01,0.05,0.0,0.07
,,,,Role-Playing,0.0,0.01,0.05,0.01,0.07
,,,,Adventure,0.0,0.0,0.06,0.0,0.07
,,,,Role-Playing,0.05,0.0,0.02,0.0,0.07
,,,,Sports,0.0,0.02,0.05,0.0,0.07
,,,,Sports,0.0,0.03,0.03,0.01,0.07
,,,,Shooter,0.0,0.01,0.05,0.0,0.07
,,,,Simulation,0.0,0.01,0.05,0.0,0.07
,,,,Misc,0.07,0.0,0.0,0.0,0.07
,,,,Strategy,0.0,0.03,0.03,0.01,0.07
,,,,Racing,0.0,0.01,0.05,0.0,0.07
,,,,Strategy,0.0,0.05,0.01,0.01,0.07
,,,,Puzzle,0.0,0.0,0.06,0.01,0.07
,,,,Adventure,0.0,0.02,0.05,0.0,0.07
,,,,Role-Playing,0.07,0.0,0.0,0.0,0.07
,,,,Action,0.0,0.01,0.06,0.01,0.07
,,,,Puzzle,0.0,0.03,0.03,0.01,0.07
,,,,Adventure,0.0,0.06,0.0,0.01,0.07
,,,,Action,0.0,0.02,0.05,0.0,0.07
,,,,Misc,0.07,0.0,0.0,0.0,0.07
,,,,Action,0.07,0.0,0.0,0.0,0.07
,,,,Racing,0.0,0.01,0.05,0.0,0.07
,,,,Sports,0.0,0.0,0.06,0.0,0.07
,,,,Action,0.0,0.06,0.0,0.0,0.07
,,,,Misc,0.0,0.02,0.05,0.0,0.07
,,,,Sports,0.0,0.0,0.06,0.01,0.07
,,,,Action,0.0,0.02,0.05,0.0,0.07
,,,,Misc,0.0,0.02,0.04,0.01,0.07
,,,,Misc,0.0,0.03,0.04,0.0,0.07
,,,,Misc,0.0,0.0,0.06,0.0,0.07
,,,,Racing,0.06,0.0,0.0,0.0,0.07
,,,,Sports,0.07,0.0,0.0,0.0,0.07
,,,,Strategy,0.01,0.0,0.05,0.01,0.07
,,,,Strategy,0.0,0.05,0.0,0.01,0.07
,,,,Fighting,0.0,0.03,0.04,0.0,0.07
,,,,Role-Playing,0.0,0.0,0.06,0.01,0.07
,,,,Sports,0.0,0.03,0.04,0.0,0.07
,,,,Strategy,0.07,0.0,0.0,0.0,0.07
,,,,Action,0.0,0.01,0.05,0.01,0.07
,,,,Misc,0.07,0.0,0.0,0.0,0.07
,,,,Racing,0.0,0.01,0.05,0.0,0.07
,,,,Misc,0.0,0.0,0.06,0.01,0.07
,,,,Simulation,0.0,0.0,0.06,0.01,0.07
,,,,Fighting,0.0,0.03,0.03,0.01,0.07
,,,,Fighting,0.0,0.0,0.06,0.0,0.07
,,,,Action,0.0,0.02,0.04,0.0,0.07
,,,,Misc,0.0,0.02,0.05,0.0,0.07
,,,,Adventure,0.07,0.0,0.0,0.0,0.07
,,,,Platform,0.0,0.05,0.0,0.02,0.07
,,,,Role-Playing,0.07,0.0,0.0,0.0,0.07
,,,,Simulation,0.0,0.03,0.03,0.01,0.07
,,,,Role-Playing,0.07,0.0,0.0,0.0,0.07
,,,,Racing,0.0,0.06,0.0,0.01,0.07
,,,,Role-Playing,0.05,0.0,0.02,0.0,0.07
,,,,Sports,0.0,0.01,0.05,0.0,0.07
,,,,Strategy,0.0,0.01,0.05,0.0,0.07
,,,,Simulation,0.0,0.0,0.06,0.0,0.07
,,,,Platform,0.0,0.0,0.06,0.0,0.07
,,,,Platform,0.0,0.0,0.06,0.01,0.07
,,,,Action,0.0,0.0,0.06,0.0,0.07
,,,,Adventure,0.07,0.0,0.0,0.0,0.07
,,,,Role-Playing,0.06,0.0,0.0,0.0,0.07
,,,,Role-Playing,0.07,0.0,0.0,0.0,0.07
,,,,Misc,0.0,0.01,0.05,0.0,0.07
,,,,Misc,0.0,0.0,0.06,0.0,0.07
,,,,Adventure,0.07,0.0,0.0,0.0,0.07
,,,,Platform,0.0,0.02,0.04,0.0,0.07
,,,,Racing,0.0,0.05,0.0,0.02,0.07
,,,,Misc,0.0,0.0,0.06,0.0,0.07
,,,,Role-Playing,0.0,0.03,0.03,0.01,0.07
,,,,Misc,0.0,0.02,0.04,0.01,0.07
,,,,Racing,0.0,0.0,0.06,0.0,0.07
,,,,Action,0.02,0.04,0.0,0.0,0.07
,,,,Misc,0.07,0.0,0.0,0.0,0.07
,,,,Strategy,0.07,0.0,0.0,0.0,0.07
,,,,Simulation,0.0,0.0,0.06,0.01,0.07
,,,,Shooter,0.0,0.02,0.05,0.0,0.07
,,,,Action,0.0,0.0,0.06,0.0,0.07
,,,,Shooter,0.0,0.02,0.04,0.0,0.07
,,,,Misc,0.0,0.0,0.06,0.0,0.07
,,,,Action,0.0,0.02,0.05,0.0,0.07
,,,,Strategy,0.0,0.01,0.05,0.0,0.07
,,,,Simulation,0.07,0.0,0.0,0.0,0.07
,,,,Sports,0.0,0.06,0.0,0.01,0.07
,,,,Action,0.0,0.0,0.05,0.02,0.07
,,,,Shooter,0.0,0.02,0.05,0.0,0.07
,,,,Strategy,0.0,0.02,0.03,0.01,0.07
,,,,Action,0.07,0.0,0.0,0.0,0.07
,,,,Misc,0.0,0.0,0.06,0.0,0.07
,,,,Misc,0.0,0.0,0.06,0.0,0.07
,,,,Action,0.0,0.04,0.02,0.0,0.07
,,,,Adventure,0.07,0.0,0.0,0.0,0.07
,,,,Strategy,0.0,0.01,0.05,0.01,0.07
,,,,Misc,0.0,0.0,0.06,0.0,0.07
,,,,Simulation,0.0,0.0,0.06,0.0,0.07
,,,,Sports,0.07,0.0,0.0,0.0,0.07
,,,,Racing,0.0,0.02,0.04,0.0,0.07
,,,,Sports,0.0,0.01,0.05,0.0,0.07
,,,,Platform,0.0,0.01,0.04,0.01,0.07
,,,,Misc,0.07,0.0,0.0,0.0,0.07
,,,,Puzzle,0.0,0.05,0.0,0.01,0.06
,,,,Role-Playing,0.06,0.0,0.0,0.0,0.06
,,,,Racing,0.0,0.02,0.05,0.0,0.06
,,,,Strategy,0.06,0.0,0.0,0.0,0.06
,,,,Puzzle,0.0,0.06,0.0,0.01,0.06
,,,,Racing,0.0,0.0,0.06,0.0,0.06
,,,,Simulation,0.0,0.01,0.05,0.0,0.06
,,,,Misc,0.0,0.0,0.06,0.0,0.06
,,,,Role-Playing,0.0,0.0,0.06,0.01,0.06
,,,,Racing,0.0,0.01,0.05,0.0,0.06
,,,,Role-Playing,0.0,0.02,0.03,0.01,0.06
,,,,Fighting,0.0,0.01,0.05,0.0,0.06
,,,,Misc,0.0,0.01,0.05,0.0,0.06
,,,,Strategy,0.06,0.0,0.0,0.0,0.06
,,,,Simulation,0.0,0.02,0.05,0.0,0.06
,,,,Action,0.0,0.01,0.05,0.0,0.06
,,,,Shooter,0.02,0.0,0.04,0.0,0.06
,,,,Shooter,0.0,0.0,0.06,0.0,0.06
,,,,Simulation,0.0,0.0,0.06,0.0,0.06
,,,,Adventure,0.0,0.02,0.04,0.0,0.06
,,,,Action,0.0,0.04,0.02,0.01,0.06
,,,,Action,0.01,0.01,0.04,0.0,0.06
,,,,Misc,0.0,0.01,0.05,0.0,0.06
,,,,Adventure,0.0,0.01,0.05,0.0,0.06
,,,,Strategy,0.0,0.0,0.06,0.0,0.06
,,,,Adventure,0.06,0.0,0.0,0.0,0.06
,,,,Sports,0.0,0.02,0.05,0.0,0.06
,,,,Fighting,0.06,0.0,0.0,0.0,0.06
,,,,Adventure,0.06,0.0,0.0,0.0,0.06
,,,,Action,0.0,0.02,0.03,0.01,0.06
,,,,Action,0.0,0.01,0.05,0.0,0.06
,,,,Simulation,0.0,0.0,0.06,0.0,0.06
,,,,Simulation,0.06,0.0,0.0,0.0,0.06
,,,,Shooter,0.0,0.0,0.06,0.0,0.06
,,,,Puzzle,0.0,0.0,0.06,0.0,0.06
,,,,Sports,0.0,0.01,0.05,0.0,0.06
,,,,Adventure,0.0,0.06,0.0,0.01,0.06
,,,,Action,0.0,0.02,0.05,0.0,0.06
,,,,Sports,0.0,0.01,0.05,0.0,0.06
,,,,Simulation,0.0,0.0,0.06,0.0,0.06
,,,,Simulation,0.0,0.0,0.06,0.0,0.06
,,,,Platform,0.0,0.0,0.06,0.0,0.06
,,,,Action,0.06,0.0,0.0,0.0,0.06
,,,,Action,0.06,0.0,0.0,0.0,0.06
,,,,Simulation,0.0,0.0,0.06,0.0,0.06
,,,,Misc,0.06,0.0,0.0,0.0,0.06
,,,,Racing,0.0,0.02,0.03,0.01,0.06
,,,,Sports,0.0,0.0,0.06,0.0,0.06
,,,,Action,0.06,0.0,0.0,0.0,0.06
,,,,Misc,0.06,0.0,0.0,0.0,0.06
,,,,Fighting,0.02,0.01,0.03,0.0,0.06
,,,,Misc,0.0,0.0,0.06,0.0,0.06
,,,,Fighting,0.06,0.0,0.0,0.0,0.06
,,,,Fighting,0.06,0.0,0.0,0.0,0.06
,,,,Platform,0.0,0.06,0.0,0.0,0.06
,,,,Fighting,0.0,0.0,0.06,0.0,0.06
,,,,Adventure,0.06,0.0,0.0,0.0,0.06
,,,,Racing,0.0,0.02,0.04,0.0,0.06
,,,,Shooter,0.0,0.01,0.05,0.01,0.06
,,,,Adventure,0.0,0.0,0.06,0.0,0.06
,,,,Misc,0.06,0.0,0.0,0.0,0.06
,,,,Misc,0.06,0.0,0.0,0.0,0.06
,,,,Sports,0.0,0.05,0.0,0.01,0.06
,,,,Puzzle,0.06,0.0,0.0,0.0,0.06
,,,,Role-Playing,0.06,0.0,0.0,0.0,0.06
,,,,Simulation,0.0,0.0,0.06,0.0,0.06
,,,,Action,0.06,0.0,0.0,0.0,0.06
,,,,Action,0.06,0.0,0.0,0.0,0.06
,,,,Adventure,0.03,0.03,0.0,0.0,0.06
,,,,Sports,0.0,0.02,0.03,0.01,0.06
,,,,Platform,0.0,0.02,0.05,0.0,0.06
,,,,Role-Playing,0.06,0.0,0.0,0.0,0.06
,,,,Shooter,0.0,0.02,0.03,0.01,0.06
,,,,Action,0.0,0.05,0.0,0.01,0.06
,,,,Puzzle,0.0,0.0,0.06,0.0,0.06
,,,,Racing,0.0,0.01,0.05,0.0,0.06
,,,,Sports,0.06,0.0,0.0,0.0,0.06
,,,,Role-Playing,0.06,0.0,0.0,0.0,0.06
,,,,Strategy,0.0,0.06,0.0,0.01,0.06
,,,,Action,0.0,0.01,0.05,0.0,0.06
,,,,Simulation,0.06,0.0,0.0,0.0,0.06
,,,,Role-Playing,0.0,0.0,0.06,0.0,0.06
,,,,Action,0.0,0.03,0.02,0.01,0.06
,,,,Action,0.0,0.01,0.04,0.01,0.06
,,,,Fighting,0.01,0.0,0.05,0.0,0.06
,,,,Misc,0.0,0.0,0.06,0.01,0.06
,,,,Adventure,0.0,0.0,0.06,0.0,0.06
,,,,Racing,0.0,0.01,0.05,0.0,0.06
,,,,Action,0.0,0.06,0.0,0.01,0.06
,,,,Fighting,0.0,0.03,0.03,0.01,0.06
,,,,Action,0.06,0.0,0.0,0.0,0.06
,,,,Adventure,0.06,0.0,0.0,0.0,0.06
,,,,Simulation,0.06,0.0,0.0,0.0,0.06
,,,,Action,0.06,0.0,0.0,0.0,0.06
,,,,Shooter,0.0,0.0,0.06,0.0,0.06
,,,,Action,0.0,0.05,0.0,0.01,0.06
,,,,Misc,0.0,0.02,0.05,0.0,0.06
,,,,Role-Playing,0.06,0.0,0.0,0.0,0.06
,,,,Role-Playing,0.0,0.02,0.03,0.01,0.06
,,,,Action,0.0,0.02,0.05,0.0,0.06
,,,,Racing,0.0,0.02,0.03,0.01,0.06
,,,,Adventure,0.0,0.03,0.03,0.01,0.06
,,,,Puzzle,0.0,0.02,0.04,0.0,0.06
,,,,Misc,0.0,0.01,0.05,0.0,0.06
,,,,Role-Playing,0.0,0.04,0.01,0.01,0.06
,,,,Strategy,0.0,0.0,0.06,0.0,0.06
,,,,Sports,0.06,0.0,0.0,0.0,0.06
,,,,Shooter,0.06,0.0,0.0,0.0,0.06
,,,,Sports,0.0,0.01,0.05,0.0,0.06
,,,,Shooter,0.0,0.01,0.05,0.0,0.06
,,,,Shooter,0.0,0.02,0.04,0.0,0.06
,,,,Shooter,0.0,0.02,0.04,0.0,0.06
,,,,Misc,0.06,0.0,0.0,0.0,0.06
,,,,Misc,0.06,0.0,0.0,0.0,0.06
,,,,Fighting,0.06,0.0,0.0,0.0,0.06
,,,,Action,0.06,0.0,0.0,0.0,0.06
,,,,Strategy,0.0,0.04,0.01,0.01,0.06
,,,,Role-Playing,0.0,0.0,0.06,0.0,0.06
,,,,Adventure,0.06,0.0,0.0,0.0,0.06
,,,,Role-Playing,0.06,0.0,0.0,0.0,0.06
,,,,Puzzle,0.0,0.0,0.06,0.0,0.06
,,,,Action,0.0,0.0,0.06,0.0,0.06
,,,,Action,0.0,0.02,0.03,0.01,0.06
,,,,Role-Playing,0.0,0.0,0.06,0.0,0.06
,,,,Action,0.0,0.03,0.03,0.0,0.06
,,,,Action,0.0,0.02,0.04,0.0,0.06
,,,,Fighting,0.0,0.0,0.06,0.0,0.06
,,,,Misc,0.0,0.05,0.0,0.02,0.06
,,,,Simulation,0.0,0.02,0.04,0.0,0.06
,,,,Puzzle,0.06,0.0,0.0,0.0,0.06
,,,,Role-Playing,0.06,0.0,0.0,0.0,0.06
,,,,Fighting,0.06,0.0,0.0,0.0,0.06
,,,,Role-Playing,0.0,0.0,0.06,0.0,0.06
,,,,Strategy,0.0,0.01,0.05,0.0,0.06
,,,,Adventure,0.06,0.0,0.0,0.0,0.06
,,,,Action,0.0,0.0,0.05,0.01,0.06
,,,,Puzzle,0.0,0.0,0.06,0.0,0.06
,,,,Platform,0.0,0.02,0.04,0.0,0.06
,,,,Action,0.0,0.02,0.03,0.0,0.06
,,,,Racing,0.0,0.04,0.01,0.01,0.06
,,,,Action,0.0,0.01,0.05,0.0,0.06
,,,,Simulation,0.06,0.0,0.0,0.0,0.06
,,,,Shooter,0.0,0.0,0.06,0.0,0.06
,,,,Sports,0.0,0.01,0.05,0.0,0.06
,,,,Action,0.0,0.0,0.05,0.01,0.06
,,,,Action,0.06,0.0,0.0,0.0,0.06
,,,,Role-Playing,0.0,0.02,0.03,0.01,0.06
,,,,Simulation,0.0,0.02,0.03,0.0,0.06
,,,,Misc,0.0,0.0,0.06,0.0,0.06
,,,,Misc,0.0,0.0,0.06,0.0,0.06
,,,,Misc,0.06,0.0,0.0,0.0,0.06
,,,,Sports,0.0,0.02,0.03,0.0,0.06
,,,,Shooter,0.0,0.05,0.0,0.01,0.06
,,,,Strategy,0.0,0.01,0.05,0.0,0.06
,,,,Misc,0.06,0.0,0.0,0.0,0.06
,,,,Adventure,0.0,0.05,0.0,0.01,0.06
,,,,Misc,0.0,0.01,0.05,0.0,0.06
,,,,Misc,0.0,0.02,0.04,0.0,0.06
,,,,Racing,0.0,0.05,0.01,0.01,0.06
,,,,Adventure,0.0,0.05,0.0,0.01,0.06
,,,,Misc,0.0,0.02,0.03,0.01,0.06
,,,,Simulation,0.06,0.0,0.0,0.0,0.06
,,,,Simulation,0.06,0.0,0.0,0.0,0.06
,,,,Racing,0.0,0.02,0.03,0.01,0.06
,,,,Shooter,0.0,0.05,0.0,0.01,0.06
,,,,Simulation,0.0,0.0,0.06,0.0,0.06
,,,,Misc,0.06,0.0,0.0,0.0,0.06
,,,,Shooter,0.0,0.06,0.0,0.0,0.06
,,,,Sports,0.04,0.01,0.0,0.0,0.06
,,,,Shooter,0.0,0.02,0.03,0.01,0.06
,,,,Adventure,0.06,0.0,0.0,0.0,0.06
,,,,Adventure,0.0,0.05,0.0,0.01,0.06
,,,,Racing,0.0,0.05,0.0,0.01,0.06
,,,,Adventure,0.0,0.02,0.03,0.01,0.06
,,,,Fighting,0.0,0.02,0.03,0.01,0.06
,,,,Misc,0.0,0.02,0.03,0.01,0.06
,,,,Adventure,0.06,0.0,0.0,0.0,0.06
,,,,Adventure,0.06,0.0,0.0,0.0,0.06
,,,,Fighting,0.0,0.01,0.05,0.0,0.06
,,,,Sports,0.0,0.01,0.05,0.0,0.06
,,,,Action,0.0,0.02,0.03,0.01,0.06
,,,,Sports,0.0,0.02,0.03,0.0,0.06
,,,,Action,0.0,0.02,0.04,0.01,0.06
,,,,Racing,0.0,0.01,0.05,0.0,0.06
,,,,Puzzle,0.0,0.0,0.06,0.0,0.06
,,,,Action,0.06,0.0,0.0,0.0,0.06
,,,,Sports,0.0,0.02,0.03,0.01,0.06
,,,,Action,0.0,0.06,0.0,0.0,0.06
,,,,Adventure,0.01,0.0,0.04,0.01,0.06
,,,,Action,0.0,0.02,0.04,0.0,0.06
,,,,Puzzle,0.0,0.02,0.04,0.0,0.06
,,,,Puzzle,0.0,0.01,0.05,0.0,0.06
,,,,Fighting,0.06,0.0,0.0,0.0,0.06
,,,,Action,0.06,0.0,0.0,0.0,0.06
,,,,Shooter,0.01,0.0,0.04,0.0,0.06
,,,,Adventure,0.06,0.0,0.0,0.0,0.06
,,,,Action,0.01,0.05,0.0,0.01,0.06
,,,,Action,0.06,0.0,0.0,0.0,0.06
,,,,Adventure,0.06,0.0,0.0,0.0,0.06
,,,,Action,0.0,0.01,0.05,0.0,0.06
,,,,Sports,0.0,0.0,0.06,0.0,0.06
,,,,Racing,0.0,0.0,0.06,0.0,0.06
,,,,Simulation,0.0,0.0,0.06,0.0,0.06
,,,,Role-Playing,0.0,0.05,0.0,0.01,0.06
,,,,Misc,0.06,0.0,0.0,0.0,0.06
,,,,Simulation,0.0,0.0,0.06,0.0,0.06
,,,,Adventure,0.02,0.0,0.03,0.01,0.06
,,,,Strategy,0.06,0.0,0.0,0.0,0.06
,,,,Shooter,0.0,0.05,0.0,0.01,0.06
,,,,Sports,0.0,0.05,0.0,0.01,0.06
,,,,Platform,0.0,0.01,0.05,0.0,0.06
,,,,Shooter,0.0,0.0,0.05,0.0,0.06
,,,,Racing,0.0,0.0,0.06,0.0,0.06
,,,,Action,0.06,0.0,0.0,0.0,0.06
,,,,Adventure,0.0,0.01,0.05,0.0,0.06
,,,,Action,0.0,0.01,0.05,0.0,0.06
,,,,Shooter,0.0,0.0,0.05,0.01,0.06
,,,,Action,0.0,0.01,0.05,0.0,0.06
,,,,Action,0.0,0.02,0.03,0.01,0.06
,,,,Misc,0.06,0.0,0.0,0.0,0.06
,,,,Action,0.0,0.0,0.06,0.0,0.06
,,,,Role-Playing,0.0,0.05,0.0,0.01,0.06
,,,,Racing,0.06,0.0,0.0,0.0,0.06
,,,,Simulation,0.06,0.0,0.0,0.0,0.06
,,,,Adventure,0.0,0.01,0.05,0.0,0.06
,,,,Sports,0.0,0.02,0.04,0.0,0.06
,,,,Simulation,0.0,0.0,0.06,0.0,0.06
,,,,Role-Playing,0.0,0.0,0.05,0.01,0.06
,,,,Platform,0.0,0.01,0.05,0.0,0.06
,,,,Action,0.0,0.0,0.06,0.0,0.06
,,,,Strategy,0.06,0.0,0.0,0.0,0.06
,,,,Action,0.06,0.0,0.0,0.0,0.06
,,,,Action,0.0,0.01,0.05,0.0,0.06
,,,,Role-Playing,0.0,0.05,0.0,0.01,0.06
,,,,Sports,0.0,0.02,0.04,0.01,0.06
,,,,Action,0.0,0.02,0.04,0.01,0.06
,,,,Misc,0.0,0.0,0.05,0.0,0.06
,,,,Action,0.0,0.01,0.04,0.0,0.06
,,,,Sports,0.0,0.01,0.05,0.0,0.06
,,,,Puzzle,0.0,0.0,0.06,0.0,0.06
,,,,Action,0.06,0.0,0.0,0.0,0.06
,,,,Shooter,0.0,0.02,0.03,0.01,0.06
,,,,Role-Playing,0.06,0.0,0.0,0.0,0.06
,,,,Simulation,0.06,0.0,0.0,0.0,0.06
,,,,Role-Playing,0.03,0.02,0.01,0.01,0.06
,,,,Action,0.06,0.0,0.0,0.0,0.06
,,,,Shooter,0.0,0.01,0.05,0.0,0.06
,,,,Misc,0.0,0.0,0.05,0.0,0.06
,,,,Role-Playing,0.0,0.0,0.06,0.0,0.06
,,,,Action,0.06,0.0,0.0,0.0,0.06
,,,,Adventure,0.06,0.0,0.0,0.0,0.06
,,,,Shooter,0.0,0.01,0.05,0.0,0.06
,,,,Action,0.0,0.05,0.0,0.01,0.06
,,,,Action,0.06,0.0,0.0,0.0,0.06
,,,,Misc,0.0,0.02,0.03,0.01,0.06
,,,,Misc,0.06,0.0,0.0,0.0,0.06
,,,,Sports,0.0,0.02,0.03,0.0,0.06
,,,,Sports,0.0,0.0,0.06,0.0,0.06
,,,,Sports,0.0,0.05,0.0,0.01,0.06
,,,,Adventure,0.06,0.0,0.0,0.0,0.06
,,,,Racing,0.0,0.01,0.05,0.0,0.06
,,,,Sports,0.0,0.01,0.05,0.0,0.06
,,,,Sports,0.0,0.01,0.05,0.0,0.06
,,,,Sports,0.0,0.01,0.05,0.0,0.06
,,,,Racing,0.0,0.01,0.05,0.0,0.06
,,,,Racing,0.0,0.01,0.05,0.0,0.06
,,,,Misc,0.0,0.01,0.05,0.0,0.06
,,,,Fighting,0.06,0.0,0.0,0.0,0.06
,,,,Sports,0.0,0.01,0.05,0.0,0.06
,,,,Puzzle,0.0,0.01,0.05,0.0,0.06
,,,,Shooter,0.0,0.01,0.05,0.0,0.06
,,,,Racing,0.0,0.01,0.05,0.0,0.06
,,,,Puzzle,0.0,0.01,0.05,0.0,0.06
,,,,Action,0.0,0.0,0.06,0.0,0.06
,,,,Role-Playing,0.06,0.0,0.0,0.0,0.06
,,,,Action,0.0,0.01,0.05,0.01,0.06
,,,,Action,0.06,0.0,0.0,0.0,0.06
,,,,Racing,0.0,0.01,0.04,0.0,0.06
,,,,Racing,0.0,0.02,0.04,0.0,0.06
,,,,Shooter,0.0,0.04,0.01,0.01,0.06
,,,,Action,0.0,0.01,0.05,0.01,0.06
,,,,Fighting,0.0,0.0,0.06,0.0,0.06
,,,,Strategy,0.0,0.05,0.0,0.01,0.06
,,,,Fighting,0.0,0.01,0.04,0.01,0.06
,,,,Adventure,0.0,0.0,0.06,0.0,0.06
,,,,Misc,0.0,0.0,0.06,0.0,0.06
,,,,Sports,0.06,0.0,0.0,0.0,0.06
,,,,Shooter,0.0,0.02,0.03,0.01,0.06
,,,,Puzzle,0.0,0.0,0.06,0.0,0.06
,,,,Shooter,0.0,0.02,0.03,0.0,0.06
,,,,Puzzle,0.0,0.02,0.04,0.0,0.06
,,,,Racing,0.0,0.02,0.03,0.0,0.06
,,,,Sports,0.0,0.0,0.06,0.0,0.06
,,,,Action,0.0,0.0,0.05,0.0,0.06
,,,,Sports,0.06,0.0,0.0,0.0,0.06
,,,,Role-Playing,0.06,0.0,0.0,0.0,0.06
,,,,Racing,0.0,0.05,0.0,0.01,0.06
,,,,Strategy,0.0,0.02,0.03,0.01,0.06
,,,,Sports,0.0,0.0,0.06,0.0,0.06
,,,,Shooter,0.0,0.02,0.03,0.01,0.06
,,,,Shooter,0.0,0.02,0.03,0.01,0.06
,,,,Action,0.0,0.02,0.03,0.01,0.06
,,,,Sports,0.0,0.02,0.04,0.0,0.06
,,,,Action,0.0,0.01,0.04,0.01,0.06
,,,,Fighting,0.0,0.02,0.04,0.0,0.06
,,,,Platform,0.0,0.04,0.0,0.02,0.06
,,,,Strategy,0.0,0.05,0.0,0.01,0.06
,,,,Fighting,0.06,0.0,0.0,0.0,0.06
,,,,Misc,0.06,0.0,0.0,0.0,0.06
,,,,Adventure,0.0,0.0,0.06,0.0,0.06
,,,,Adventure,0.0,0.0,0.06,0.0,0.06
,,,,Simulation,0.0,0.0,0.06,0.0,0.06
,,,,Action,0.0,0.02,0.03,0.0,0.06
,,,,Fighting,0.0,0.0,0.06,0.0,0.06
,,,,Puzzle,0.0,0.0,0.05,0.01,0.06
,,,,Racing,0.0,0.02,0.04,0.0,0.06
,,,,Role-Playing,0.06,0.0,0.0,0.0,0.06
,,,,Misc,0.06,0.0,0.0,0.0,0.06
,,,,Action,0.0,0.05,0.0,0.0,0.06
,,,,Action,0.06,0.0,0.0,0.0,0.06
,,,,Misc,0.0,0.0,0.06,0.0,0.06
,,,,Sports,0.0,0.0,0.05,0.0,0.06
,,,,Sports,0.06,0.0,0.0,0.0,0.06
,,,,Platform,0.0,0.02,0.04,0.0,0.06
,,,,Puzzle,0.0,0.05,0.0,0.01,0.06
,,,,Misc,0.0,0.01,0.04,0.0,0.06
,,,,Role-Playing,0.06,0.0,0.0,0.0,0.06
,,,,Action,0.0,0.0,0.05,0.0,0.06
,,,,Action,0.0,0.03,0.02,0.01,0.06
,,,,Role-Playing,0.06,0.0,0.0,0.0,0.06
,,,,Misc,0.06,0.0,0.0,0.0,0.06
,,,,Strategy,0.0,0.0,0.05,0.0,0.06
,,,,Sports,0.06,0.0,0.0,0.0,0.06
,,,,Sports,0.0,0.02,0.03,0.0,0.06
,,,,Fighting,0.06,0.0,0.0,0.0,0.06
,,,,Action,0.0,0.03,0.02,0.0,0.06
,,,,Role-Playing,0.0,0.0,0.05,0.0,0.06
,,,,Action,0.0,0.0,0.05,0.0,0.06
,,,,Shooter,0.0,0.0,0.06,0.0,0.06
,,,,Action,0.0,0.01,0.05,0.01,0.06
,,,,Misc,0.0,0.04,0.0,0.02,0.06
,,,,Puzzle,0.0,0.02,0.03,0.0,0.06
,,,,Action,0.0,0.02,0.04,0.0,0.06
,,,,Sports,0.0,0.01,0.05,0.0,0.06
,,,,Action,0.0,0.01,0.05,0.0,0.06
,,,,Adventure,0.0,0.02,0.04,0.0,0.06
,,,,Adventure,0.0,0.0,0.05,0.0,0.06
,,,,Action,0.06,0.0,0.0,0.0,0.06
,,,,Adventure,0.06,0.0,0.0,0.0,0.06
,,,,Sports,0.0,0.01,0.05,0.0,0.06
,,,,Misc,0.0,0.05,0.0,0.0,0.06
,,,,Role-Playing,0.0,0.03,0.03,0.01,0.06
,,,,Simulation,0.06,0.0,0.0,0.0,0.06
,,,,Action,0.06,0.0,0.0,0.0,0.06
,,,,Action,0.0,0.02,0.03,0.01,0.06
,,,,Puzzle,0.0,0.05,0.0,0.01,0.06
,,,,Sports,0.0,0.01,0.04,0.0,0.06
,,,,Puzzle,0.0,0.0,0.05,0.0,0.06
,,,,Role-Playing,0.06,0.0,0.0,0.0,0.06
,,,,Action,0.0,0.0,0.05,0.0,0.06
,,,,Strategy,0.0,0.01,0.04,0.0,0.06
,,,,Sports,0.0,0.05,0.0,0.01,0.06
,,,,Puzzle,0.0,0.0,0.05,0.0,0.06
,,,,Fighting,0.02,0.0,0.03,0.01,0.06
,,,,Role-Playing,0.06,0.0,0.0,0.0,0.06
,,,,Role-Playing,0.0,0.0,0.05,0.0,0.06
,,,,Adventure,0.06,0.0,0.0,0.0,0.06
,,,,Shooter,0.0,0.02,0.03,0.01,0.06
,,,,Role-Playing,0.06,0.0,0.0,0.0,0.06
,,,,Puzzle,0.0,0.0,0.05,0.0,0.06
,,,,Misc,0.0,0.0,0.06,0.0,0.06
,,,,Action,0.0,0.0,0.05,0.0,0.06
,,,,Action,0.06,0.0,0.0,0.0,0.06
,,,,Action,0.06,0.0,0.0,0.0,0.06
,,,,Sports,0.0,0.02,0.03,0.01,0.06
,,,,Misc,0.06,0.0,0.0,0.0,0.06
,,,,Adventure,0.0,0.02,0.03,0.0,0.06
,,,,Simulation,0.0,0.0,0.05,0.0,0.06
,,,,Shooter,0.0,0.04,0.01,0.01,0.06
,,,,Sports,0.0,0.02,0.04,0.0,0.06
,,,,Action,0.0,0.01,0.04,0.0,0.06
,,,,Action,0.06,0.0,0.0,0.0,0.06
,,,,Action,0.0,0.0,0.05,0.0,0.06
,,,,Action,0.06,0.0,0.0,0.0,0.06
,,,,Strategy,0.06,0.0,0.0,0.0,0.06
,,,,Racing,0.0,0.02,0.03,0.01,0.06
,,,,Platform,0.0,0.0,0.05,0.0,0.06
,,,,Misc,0.06,0.0,0.0,0.0,0.06
,,,,Action,0.0,0.02,0.03,0.0,0.06
,,,,Fighting,0.0,0.02,0.03,0.0,0.06
,,,,Action,0.06,0.0,0.0,0.0,0.06
,,,,Adventure,0.06,0.0,0.0,0.0,0.06
,,,,Puzzle,0.0,0.0,0.06,0.0,0.06
,,,,Misc,0.06,0.0,0.0,0.0,0.06
,,,,Adventure,0.0,0.03,0.02,0.01,0.06
,,,,Shooter,0.0,0.0,0.05,0.0,0.06
,,,,Action,0.01,0.0,0.04,0.0,0.06
,,,,Shooter,0.0,0.0,0.05,0.0,0.06
,,,,Racing,0.0,0.02,0.04,0.0,0.06
,,,,Puzzle,0.0,0.05,0.0,0.01,0.06
,,,,Role-Playing,0.06,0.0,0.0,0.0,0.06
,,,,Shooter,0.0,0.02,0.03,0.01,0.06
,,,,Simulation,0.0,0.01,0.04,0.0,0.06
,,,,Sports,0.0,0.0,0.05,0.0,0.06
,,,,Misc,0.06,0.0,0.0,0.0,0.06
,,,,Simulation,0.06,0.0,0.0,0.0,0.06
,,,,Role-Playing,0.06,0.0,0.0,0.0,0.06
,,,,Action,0.0,0.01,0.05,0.0,0.06
,,,,Platform,0.06,0.0,0.0,0.0,0.06
,,,,Puzzle,0.0,0.0,0.05,0.0,0.06
,,,,Action,0.0,0.02,0.03,0.0,0.06
,,,,Action,0.0,0.05,0.0,0.01,0.06
,,,,Role-Playing,0.06,0.0,0.0,0.0,0.06
,,,,Adventure,0.0,0.01,0.04,0.0,0.06
,,,,Action,0.01,0.04,0.0,0.01,0.06
,,,,Fighting,0.06,0.0,0.0,0.0,0.06
,,,,Shooter,0.0,0.0,0.05,0.0,0.06
,,,,Misc,0.0,0.02,0.03,0.01,0.06
,,,,Fighting,0.06,0.0,0.0,0.0,0.06
,,,,Role-Playing,0.06,0.0,0.0,0.0,0.06
,,,,Adventure,0.06,0.0,0.0,0.0,0.06
,,,,Action,0.0,0.01,0.04,0.0,0.06
,,,,Platform,0.0,0.0,0.05,0.0,0.06
,,,,Shooter,0.0,0.02,0.03,0.01,0.06
,,,,Shooter,0.0,0.02,0.03,0.01,0.06
,,,,Role-Playing,0.0,0.0,0.05,0.0,0.06
,,,,Action,0.06,0.0,0.0,0.0,0.06
,,,,Adventure,0.0,0.0,0.05,0.0,0.06
,,,,Simulation,0.0,0.04,0.01,0.01,0.06
,,,,Platform,0.0,0.02,0.04,0.0,0.06
,,,,Action,0.0,0.01,0.04,0.0,0.06
,,,,Sports,0.0,0.0,0.05,0.0,0.06
,,,,Sports,0.0,0.0,0.05,0.0,0.06
,,,,Sports,0.0,0.01,0.04,0.0,0.06
,,,,Action,0.0,0.02,0.03,0.0,0.06
,,,,Adventure,0.06,0.0,0.0,0.0,0.06
,,,,Fighting,0.05,0.0,0.0,0.0,0.06
,,,,Puzzle,0.0,0.0,0.06,0.0,0.06
,,,,Action,0.0,0.0,0.05,0.0,0.06
,,,,Misc,0.06,0.0,0.0,0.0,0.06
,,,,Action,0.0,0.04,0.01,0.01,0.06
,,,,Sports,0.06,0.0,0.0,0.0,0.06
,,,,Action,0.0,0.0,0.05,0.0,0.06
,,,,Action,0.0,0.01,0.04,0.0,0.06
,,,,Action,0.0,0.05,0.0,0.01,0.06
,,,,Action,0.05,0.0,0.01,0.0,0.06
,,,,Misc,0.0,0.05,0.0,0.01,0.06
,,,,Simulation,0.0,0.0,0.05,0.0,0.06
,,,,Adventure,0.06,0.0,0.0,0.0,0.06
,,,,Racing,0.0,0.01,0.04,0.0,0.06
,,,,Platform,0.06,0.0,0.0,0.0,0.06
,,,,Role-Playing,0.0,0.02,0.03,0.01,0.06
,,,,Action,0.06,0.0,0.0,0.0,0.06
,,,,Sports,0.0,0.02,0.03,0.0,0.06
,,,,Role-Playing,0.0,0.02,0.04,0.0,0.06
,,,,Action,0.0,0.02,0.03,0.0,0.06
,,,,Fighting,0.06,0.0,0.0,0.0,0.06
,,,,Sports,0.06,0.0,0.0,0.0,0.06
,,,,Misc,0.0,0.03,0.03,0.01,0.06
,,,,Platform,0.0,0.05,0.0,0.01,0.06
,,,,Role-Playing,0.0,0.0,0.05,0.0,0.06
,,,,Action,0.0,0.02,0.04,0.0,0.06
,,,,Misc,0.06,0.0,0.0,0.0,0.06
,,,,Racing,0.0,0.0,0.05,0.01,0.06
,,,,Sports,0.06,0.0,0.0,0.0,0.06
,,,,Simulation,0.06,0.0,0.0,0.0,0.06
,,,,Action,0.0,0.01,0.04,0.0,0.06
,,,,Role-Playing,0.06,0.0,0.0,0.0,0.06
,,,,Action,0.0,0.01,0.04,0.0,0.06
,,,,Role-Playing,0.06,0.0,0.0,0.0,0.06
,,,,Fighting,0.06,0.0,0.0,0.0,0.06
,,,,Role-Playing,0.0,0.0,0.05,0.0,0.06
,,,,Role-Playing,0.0,0.04,0.01,0.01,0.06
,,,,Misc,0.06,0.0,0.0,0.0,0.06
,,,,Action,0.06,0.0,0.0,0.0,0.06
,,,,Fighting,0.06,0.0,0.0,0.0,0.06
,,,,Action,0.0,0.02,0.03,0.01,0.06
,,,,Action,0.06,0.0,0.0,0.0,0.06
,,,,Shooter,0.0,0.02,0.03,0.0,0.06
,,,,Fighting,0.0,0.02,0.03,0.0,0.06
,,,,Sports,0.0,0.01,0.04,0.0,0.06
,,,,Role-Playing,0.02,0.01,0.02,0.0,0.06
,,,,Sports,0.0,0.05,0.0,0.01,0.06
,,,,Role-Playing,0.0,0.01,0.04,0.0,0.06
,,,,Sports,0.0,0.01,0.04,0.0,0.06
,,,,Action,0.0,0.02,0.03,0.01,0.06
,,,,Action,0.0,0.05,0.0,0.01,0.06
,,,,Action,0.0,0.01,0.04,0.0,0.06
,,,,Strategy,0.0,0.05,0.0,0.01,0.06
,,,,Role-Playing,0.06,0.0,0.0,0.0,0.06
,,,,Role-Playing,0.0,0.0,0.05,0.0,0.06
,,,,Sports,0.06,0.0,0.0,0.0,0.06
,,,,Action,0.06,0.0,0.0,0.0,0.06
,,,,Shooter,0.0,0.0,0.05,0.0,0.06
,,,,Sports,0.0,0.0,0.05,0.0,0.06
,,,,Strategy,0.06,0.0,0.0,0.0,0.06
,,,,Adventure,0.0,0.02,0.03,0.0,0.06
,,,,Misc,0.0,0.02,0.03,0.01,0.06
,,,,Action,0.06,0.0,0.0,0.0,0.06
,,,,Racing,0.0,0.01,0.04,0.0,0.06
,,,,Adventure,0.0,0.04,0.01,0.01,0.06
,,,,Misc,0.06,0.0,0.0,0.0,0.06
,,,,Racing,0.0,0.02,0.03,0.01,0.06
,,,,Role-Playing,0.06,0.0,0.0,0.0,0.06
,,,,Platform,0.0,0.01,0.04,0.0,0.06
,,,,Shooter,0.0,0.01,0.04,0.0,0.06
,,,,Role-Playing,0.0,0.05,0.0,0.01,0.06
,,,,Role-Playing,0.02,0.0,0.03,0.01,0.06
,,,,Misc,0.0,0.01,0.04,0.0,0.06
,,,,Simulation,0.0,0.0,0.05,0.0,0.06
,,,,Adventure,0.06,0.0,0.0,0.0,0.06
,,,,Adventure,0.0,0.03,0.02,0.01,0.06
,,,,Action,0.06,0.0,0.0,0.0,0.06
,,,,Sports,0.0,0.0,0.05,0.0,0.06
,,,,Action,0.0,0.02,0.03,0.01,0.06
,,,,Puzzle,0.0,0.0,0.05,0.0,0.06
,,,,Platform,0.06,0.0,0.0,0.0,0.06
,,,,Adventure,0.06,0.0,0.0,0.0,0.06
,,,,Racing,0.0,0.05,0.0,0.01,0.06
,,,,Adventure,0.06,0.0,0.0,0.0,0.06
,,,,Racing,0.0,0.02,0.03,0.0,0.06
,,,,Adventure,0.0,0.05,0.0,0.01,0.06
,,,,Simulation,0.0,0.05,0.0,0.01,0.06
,,,,Adventure,0.06,0.0,0.0,0.0,0.06
,,,,Simulation,0.0,0.0,0.05,0.0,0.06
,,,,Sports,0.0,0.0,0.05,0.0,0.06
,,,,Simulation,0.05,0.0,0.0,0.0,0.06
,,,,Strategy,0.06,0.0,0.0,0.0,0.06
,,,,Misc,0.06,0.0,0.0,0.0,0.06
,,,,Racing,0.0,0.01,0.04,0.0,0.06
,,,,Sports,0.0,0.02,0.03,0.01,0.06
,,,,Sports,0.06,0.0,0.0,0.0,0.06
,,,,Adventure,0.06,0.0,0.0,0.0,0.06
,,,,Adventure,0.0,0.02,0.03,0.0,0.06
,,,,Sports,0.0,0.01,0.04,0.0,0.06
,,,,Racing,0.05,0.0,0.0,0.0,0.06
,,,,Puzzle,0.0,0.0,0.05,0.01,0.06
,,,,Action,0.0,0.01,0.04,0.0,0.06
,,,,Sports,0.0,0.05,0.0,0.01,0.06
,,,,Strategy,0.06,0.0,0.0,0.0,0.06
,,,,Puzzle,0.0,0.01,0.04,0.0,0.06
,,,,Role-Playing,0.06,0.0,0.0,0.0,0.06
,,,,Strategy,0.0,0.0,0.05,0.0,0.06
,,,,Fighting,0.06,0.0,0.0,0.0,0.06
,,,,Misc,0.0,0.02,0.03,0.01,0.06
,,,,Simulation,0.06,0.0,0.0,0.0,0.06
,,,,Sports,0.0,0.02,0.03,0.01,0.06
,,,,Action,0.0,0.0,0.05,0.0,0.06
,,,,Shooter,0.06,0.0,0.0,0.0,0.06
,,,,Simulation,0.0,0.0,0.05,0.0,0.06
,,,,Simulation,0.06,0.0,0.0,0.0,0.06
,,,,Shooter,0.0,0.01,0.04,0.0,0.06
,,,,Shooter,0.0,0.02,0.03,0.0,0.06
,,,,Platform,0.0,0.0,0.05,0.0,0.06
,,,,Sports,0.0,0.0,0.04,0.01,0.06
,,,,Fighting,0.0,0.02,0.03,0.0,0.06
,,,,Sports,0.0,0.05,0.0,0.01,0.06
,,,,Sports,0.0,0.01,0.04,0.0,0.06
,,,,Role-Playing,0.03,0.0,0.02,0.0,0.06
,,,,Platform,0.06,0.0,0.0,0.0,0.06
,,,,Racing,0.0,0.02,0.03,0.01,0.06
,,,,Strategy,0.06,0.0,0.0,0.0,0.06
,,,,Racing,0.0,0.01,0.04,0.0,0.06
,,,,Racing,0.0,0.01,0.04,0.0,0.06
,,,,Sports,0.06,0.0,0.0,0.0,0.06
,,,,Racing,0.0,0.02,0.03,0.0,0.06
,,,,Sports,0.0,0.02,0.04,0.0,0.06
,,,,Sports,0.0,0.0,0.05,0.0,0.06
,,,,Strategy,0.0,0.01,0.04,0.0,0.06
,,,,Shooter,0.0,0.01,0.04,0.0,0.06
,,,,Sports,0.06,0.0,0.0,0.0,0.06
,,,,Action,0.0,0.02,0.03,0.01,0.06
,,,,Role-Playing,0.06,0.0,0.0,0.0,0.06
,,,,Misc,0.0,0.0,0.05,0.0,0.06
,,,,Platform,0.0,0.0,0.05,0.0,0.06
,,,,Misc,0.0,0.0,0.05,0.0,0.06
,,,,Racing,0.0,0.02,0.03,0.01,0.06
,,,,Action,0.0,0.02,0.03,0.0,0.05
,,,,Adventure,0.05,0.0,0.0,0.0,0.05
,,,,Puzzle,0.0,0.04,0.0,0.01,0.05
,,,,Strategy,0.05,0.0,0.0,0.0,0.05
,,,,Action,0.0,0.0,0.05,0.0,0.05
,,,,Simulation,0.0,0.04,0.0,0.01,0.05
,,,,Strategy,0.0,0.01,0.04,0.0,0.05
,,,,Role-Playing,0.0,0.01,0.04,0.0,0.05
,,,,Shooter,0.0,0.04,0.0,0.01,0.05
,,,,Action,0.0,0.0,0.05,0.01,0.05
,,,,Action,0.0,0.02,0.03,0.01,0.05
,,,,Racing,0.0,0.01,0.04,0.0,0.05
,,,,Misc,0.0,0.0,0.05,0.0,0.05
,,,,Strategy,0.0,0.01,0.04,0.0,0.05
,,,,Action,0.05,0.0,0.0,0.0,0.05
,,,,Simulation,0.0,0.04,0.0,0.01,0.05
,,,,Action,0.0,0.01,0.04,0.0,0.05
,,,,Adventure,0.0,0.01,0.04,0.0,0.05
,,,,Misc,0.05,0.0,0.0,0.0,0.05
,,,,Sports,0.0,0.03,0.02,0.01,0.05
,,,,Puzzle,0.0,0.02,0.03,0.01,0.05
,,,,Action,0.0,0.0,0.05,0.0,0.05
,,,,Sports,0.0,0.02,0.03,0.0,0.05
,,,,Sports,0.0,0.02,0.03,0.0,0.05
,,,,Misc,0.0,0.05,0.0,0.01,0.05
,,,,Action,0.05,0.0,0.0,0.0,0.05
,,,,Sports,0.0,0.01,0.04,0.0,0.05
,,,,Puzzle,0.0,0.05,0.0,0.0,0.05
,,,,Role-Playing,0.0,0.01,0.04,0.0,0.05
,,,,Action,0.05,0.0,0.0,0.0,0.05
,,,,Action,0.0,0.04,0.01,0.01,0.05
,,,,Strategy,0.05,0.0,0.0,0.0,0.05
,,,,Misc,0.05,0.0,0.0,0.0,0.05
,,,,Role-Playing,0.0,0.02,0.03,0.01,0.05
,,,,Puzzle,0.0,0.03,0.02,0.01,0.05
,,,,Sports,0.0,0.01,0.04,0.0,0.05
,,,,Misc,0.05,0.0,0.0,0.0,0.05
,,,,Action,0.0,0.0,0.05,0.0,0.05
,,,,Action,0.04,0.0,0.01,0.0,0.05
,,,,Adventure,0.0,0.04,0.0,0.01,0.05
,,,,Simulation,0.0,0.01,0.04,0.0,0.05
,,,,Simulation,0.0,0.01,0.04,0.0,0.05
,,,,Action,0.0,0.02,0.03,0.01,0.05
,,,,Misc,0.0,0.0,0.05,0.0,0.05
,,,,Sports,0.0,0.01,0.04,0.0,0.05
,,,,Adventure,0.05,0.0,0.0,0.0,0.05
,,,,Strategy,0.0,0.0,0.05,0.0,0.05
,,,,Action,0.0,0.01,0.04,0.0,0.05
,,,,Sports,0.0,0.0,0.04,0.01,0.05
,,,,Action,0.05,0.0,0.0,0.0,0.05
,,,,Shooter,0.0,0.0,0.05,0.0,0.05
,,,,Racing,0.0,0.01,0.04,0.0,0.05
,,,,Shooter,0.0,0.01,0.04,0.0,0.05
,,,,Strategy,0.05,0.0,0.0,0.0,0.05
,,,,Action,0.05,0.0,0.0,0.0,0.05
,,,,Sports,0.0,0.02,0.03,0.01,0.05
,,,,Sports,0.0,0.02,0.03,0.0,0.05
,,,,Action,0.0,0.01,0.04,0.0,0.05
,,,,Misc,0.0,0.0,0.05,0.0,0.05
,,,,Puzzle,0.05,0.0,0.0,0.0,0.05
,,,,Sports,0.0,0.01,0.04,0.0,0.05
,,,,Simulation,0.0,0.02,0.03,0.01,0.05
,,,,Action,0.0,0.02,0.03,0.0,0.05
,,,,Strategy,0.0,0.0,0.05,0.0,0.05
,,,,Fighting,0.05,0.0,0.0,0.0,0.05
,,,,Shooter,0.0,0.02,0.03,0.01,0.05
,,,,Adventure,0.0,0.0,0.05,0.01,0.05
,,,,Sports,0.0,0.01,0.04,0.0,0.05
,,,,Misc,0.0,0.0,0.05,0.0,0.05
,,,,Adventure,0.0,0.0,0.05,0.0,0.05
,,,,Action,0.05,0.0,0.0,0.0,0.05
,,,,Misc,0.05,0.0,0.0,0.0,0.05
,,,,Sports,0.0,0.01,0.04,0.0,0.05
,,,,Role-Playing,0.0,0.01,0.04,0.0,0.05
,,,,Misc,0.0,0.0,0.05,0.0,0.05
,,,,Platform,0.05,0.0,0.0,0.0,0.05
,,,,Fighting,0.05,0.0,0.0,0.0,0.05
,,,,Adventure,0.0,0.01,0.04,0.0,0.05
,,,,Role-Playing,0.0,0.05,0.0,0.0,0.05
,,,,Role-Playing,0.0,0.01,0.04,0.0,0.05
,,,,Action,0.0,0.04,0.0,0.01,0.05
,,,,Platform,0.0,0.01,0.04,0.0,0.05
,,,,Adventure,0.05,0.0,0.0,0.0,0.05
,,,,Fighting,0.02,0.03,0.0,0.0,0.05
,,,,Puzzle,0.05,0.0,0.0,0.0,0.05
,,,,Platform,0.0,0.02,0.03,0.01,0.05
,,,,Puzzle,0.05,0.0,0.0,0.0,0.05
,,,,Simulation,0.0,0.0,0.05,0.0,0.05
,,,,Simulation,0.0,0.0,0.05,0.0,0.05
,,,,Sports,0.0,0.05,0.0,0.0,0.05
,,,,Sports,0.0,0.01,0.04,0.0,0.05
,,,,Sports,0.0,0.0,0.05,0.0,0.05
,,,,Action,0.05,0.0,0.0,0.0,0.05
,,,,Misc,0.05,0.0,0.0,0.0,0.05
,,,,Sports,0.0,0.02,0.03,0.01,0.05
,,,,Action,0.05,0.0,0.0,0.0,0.05
,,,,Action,0.05,0.0,0.0,0.0,0.05
,,,,Strategy,0.05,0.0,0.0,0.0,0.05
,,,,Racing,0.0,0.02,0.03,0.0,0.05
,,,,Role-Playing,0.0,0.04,0.0,0.01,0.05
,,,,Role-Playing,0.0,0.0,0.05,0.0,0.05
,,,,Racing,0.0,0.05,0.0,0.01,0.05
,,,,Sports,0.0,0.01,0.04,0.0,0.05
,,,,Racing,0.0,0.02,0.03,0.01,0.05
,,,,Action,0.01,0.04,0.0,0.01,0.05
,,,,Action,0.0,0.0,0.05,0.0,0.05
,,,,Role-Playing,0.05,0.0,0.0,0.0,0.05
,,,,Action,0.0,0.02,0.03,0.01,0.05
,,,,Platform,0.0,0.01,0.04,0.0,0.05
,,,,Action,0.0,0.03,0.01,0.01,0.05
,,,,Action,0.05,0.0,0.0,0.0,0.05
,,,,Misc,0.05,0.0,0.0,0.0,0.05
,,,,Adventure,0.05,0.0,0.0,0.0,0.05
,,,,Fighting,0.0,0.02,0.03,0.0,0.05
,,,,Action,0.05,0.0,0.0,0.0,0.05
,,,,Role-Playing,0.05,0.0,0.0,0.0,0.05
,,,,Platform,0.0,0.02,0.03,0.0,0.05
,,,,Sports,0.0,0.05,0.0,0.0,0.05
,,,,Action,0.05,0.0,0.0,0.0,0.05
,,,,Racing,0.05,0.0,0.0,0.0,0.05
,,,,Action,0.0,0.01,0.04,0.0,0.05
,,,,Shooter,0.0,0.05,0.0,0.01,0.05
,,,,Sports,0.0,0.02,0.03,0.0,0.05
,,,,Sports,0.0,0.01,0.04,0.0,0.05
,,,,Platform,0.05,0.0,0.0,0.0,0.05
,,,,Action,0.0,0.01,0.03,0.01,0.05
,,,,Shooter,0.05,0.0,0.0,0.0,0.05
,,,,Role-Playing,0.0,0.0,0.04,0.01,0.05
,,,,Role-Playing,0.05,0.0,0.0,0.0,0.05
,,,,Platform,0.0,0.01,0.04,0.0,0.05
,,,,Role-Playing,0.05,0.0,0.0,0.0,0.05
,,,,Shooter,0.0,0.05,0.0,0.01,0.05
,,,,Adventure,0.0,0.01,0.04,0.0,0.05
,,,,Strategy,0.05,0.0,0.0,0.0,0.05
,,,,Simulation,0.0,0.0,0.05,0.0,0.05
,,,,Misc,0.05,0.0,0.0,0.0,0.05
,,,,Puzzle,0.0,0.0,0.05,0.0,0.05
,,,,Action,0.0,0.0,0.05,0.01,0.05
,,,,Role-Playing,0.0,0.02,0.03,0.01,0.05
,,,,Role-Playing,0.05,0.0,0.0,0.0,0.05
,,,,Simulation,0.0,0.0,0.05,0.0,0.05
,,,,Simulation,0.0,0.04,0.0,0.01,0.05
,,,,Action,0.0,0.0,0.05,0.0,0.05
,,,,Sports,0.03,0.0,0.01,0.0,0.05
,,,,Fighting,0.0,0.0,0.05,0.0,0.05
,,,,Action,0.0,0.01,0.03,0.0,0.05
,,,,Action,0.0,0.0,0.05,0.0,0.05
,,,,Fighting,0.05,0.0,0.0,0.0,0.05
,,,,Shooter,0.02,0.0,0.02,0.01,0.05
,,,,Action,0.01,0.0,0.03,0.0,0.05
,,,,Misc,0.05,0.0,0.0,0.0,0.05
,,,,Platform,0.0,0.01,0.04,0.0,0.05
,,,,Puzzle,0.0,0.0,0.05,0.0,0.05
,,,,Action,0.05,0.0,0.0,0.0,0.05
,,,,Simulation,0.05,0.0,0.0,0.0,0.05
,,,,Puzzle,0.0,0.0,0.04,0.0,0.05
,,,,Adventure,0.0,0.05,0.0,0.0,0.05
,,,,Racing,0.0,0.02,0.03,0.01,0.05
,,,,Simulation,0.0,0.0,0.05,0.0,0.05
,,,,Sports,0.05,0.0,0.0,0.0,0.05
,,,,Action,0.0,0.0,0.05,0.0,0.05
,,,,Action,0.05,0.0,0.0,0.0,0.05
,,,,Simulation,0.0,0.0,0.05,0.0,0.05
,,,,Action,0.0,0.01,0.04,0.0,0.05
,,,,Action,0.0,0.02,0.03,0.01,0.05
,,,,Platform,0.0,0.01,0.04,0.0,0.05
,,,,Sports,0.05,0.0,0.0,0.0,0.05
,,,,Puzzle,0.0,0.0,0.04,0.0,0.05
,,,,Role-Playing,0.0,0.01,0.04,0.0,0.05
,,,,Action,0.0,0.0,0.05,0.0,0.05
,,,,Adventure,0.05,0.0,0.0,0.0,0.05
,,,,Racing,0.0,0.01,0.04,0.0,0.05
,,,,Action,0.0,0.0,0.05,0.0,0.05
,,,,Role-Playing,0.0,0.0,0.05,0.0,0.05
,,,,Puzzle,0.0,0.01,0.04,0.0,0.05
,,,,Racing,0.0,0.01,0.04,0.0,0.05
,,,,Platform,0.0,0.01,0.04,0.0,0.05
,,,,Fighting,0.0,0.0,0.05,0.0,0.05
,,,,Simulation,0.0,0.05,0.0,0.01,0.05
,,,,Role-Playing,0.01,0.01,0.03,0.01,0.05
,,,,Misc,0.0,0.01,0.04,0.0,0.05
,,,,Racing,0.0,0.02,0.03,0.01,0.05
,,,,Shooter,0.0,0.0,0.05,0.0,0.05
,,,,Role-Playing,0.0,0.02,0.02,0.01,0.05
,,,,Simulation,0.0,0.0,0.05,0.0,0.05
,,,,Puzzle,0.0,0.0,0.05,0.0,0.05
,,,,Puzzle,0.0,0.0,0.05,0.0,0.05
,,,,Action,0.0,0.02,0.03,0.0,0.05
,,,,Fighting,0.05,0.0,0.0,0.0,0.05
,,,,Adventure,0.0,0.02,0.03,0.01,0.05
,,,,Role-Playing,0.05,0.0,0.0,0.0,0.05
,,,,Sports,0.0,0.04,0.0,0.01,0.05
,,,,Shooter,0.0,0.02,0.02,0.01,0.05
,,,,Sports,0.0,0.0,0.05,0.0,0.05
,,,,Role-Playing,0.05,0.0,0.0,0.0,0.05
,,,,Fighting,0.0,0.0,0.05,0.0,0.05
,,,,Platform,0.0,0.01,0.03,0.01,0.05
,,,,Role-Playing,0.05,0.0,0.0,0.0,0.05
,,,,Shooter,0.0,0.01,0.03,0.0,0.05
,,,,Role-Playing,0.05,0.0,0.0,0.0,0.05
,,,,Simulation,0.0,0.04,0.0,0.01,0.05
,,,,Adventure,0.05,0.0,0.0,0.0,0.05
,,,,Fighting,0.0,0.04,0.01,0.0,0.05
,,,,Puzzle,0.05,0.0,0.0,0.0,0.05
,,,,Action,0.05,0.0,0.0,0.0,0.05
,,,,Sports,0.0,0.01,0.04,0.0,0.05
,,,,Role-Playing,0.0,0.01,0.04,0.0,0.05
,,,,Sports,0.05,0.0,0.0,0.0,0.05
,,,,Racing,0.0,0.04,0.0,0.01,0.05
,,,,Racing,0.0,0.02,0.03,0.0,0.05
,,,,Fighting,0.05,0.0,0.0,0.0,0.05
,,,,Strategy,0.0,0.04,0.0,0.01,0.05
,,,,Sports,0.0,0.0,0.05,0.0,0.05
,,,,Role-Playing,0.05,0.0,0.0,0.0,0.05
,,,,Action,0.0,0.0,0.05,0.0,0.05
,,,,Adventure,0.03,0.0,0.02,0.0,0.05
,,,,Adventure,0.05,0.0,0.0,0.0,0.05
,,,,Shooter,0.0,0.04,0.0,0.01,0.05
,,,,Misc,0.05,0.0,0.0,0.0,0.05
,,,,Sports,0.0,0.01,0.04,0.0,0.05
,,,,Simulation,0.0,0.0,0.05,0.0,0.05
,,,,Racing,0.0,0.02,0.03,0.01,0.05
,,,,Puzzle,0.0,0.04,0.01,0.01,0.05
,,,,Fighting,0.0,0.05,0.0,0.0,0.05
,,,,Adventure,0.05,0.0,0.0,0.0,0.05
,,,,Shooter,0.0,0.03,0.02,0.0,0.05
,,,,Misc,0.0,0.0,0.05,0.0,0.05
,,,,Misc,0.0,0.01,0.04,0.0,0.05
,,,,Sports,0.05,0.0,0.0,0.0,0.05
,,,,Adventure,0.0,0.05,0.0,0.0,0.05
,,,,Misc,0.0,0.0,0.05,0.0,0.05
,,,,Role-Playing,0.05,0.0,0.0,0.0,0.05
,,,,Adventure,0.0,0.01,0.04,0.0,0.05
,,,,Adventure,0.05,0.0,0.0,0.0,0.05
,,,,Misc,0.0,0.04,0.0,0.01,0.05
,,,,Simulation,0.01,0.01,0.03,0.0,0.05
,,,,Strategy,0.0,0.03,0.01,0.01,0.05
,,,,Puzzle,0.0,0.0,0.05,0.0,0.05
,,,,Sports,0.0,0.02,0.02,0.01,0.05
,,,,Action,0.0,0.02,0.03,0.0,0.05
,,,,Misc,0.0,0.0,0.05,0.0,0.05
,,,,Simulation,0.0,0.0,0.05,0.0,0.05
,,,,Adventure,0.0,0.0,0.05,0.0,0.05
,,,,Misc,0.05,0.0,0.0,0.0,0.05
,,,,Racing,0.0,0.02,0.03,0.0,0.05
,,,,Shooter,0.0,0.02,0.03,0.0,0.05
,,,,Shooter,0.05,0.0,0.0,0.0,0.05
,,,,Adventure,0.05,0.0,0.0,0.0,0.05
,,,,Misc,0.0,0.0,0.05,0.0,0.05
,,,,Role-Playing,0.04,0.01,0.0,0.0,0.05
,,,,Platform,0.0,0.0,0.05,0.0,0.05
,,,,Racing,0.0,0.01,0.03,0.0,0.05
,,,,Action,0.05,0.0,0.0,0.0,0.05
,,,,Adventure,0.0,0.0,0.05,0.0,0.05
,,,,Adventure,0.05,0.0,0.0,0.0,0.05
,,,,Misc,0.05,0.0,0.0,0.0,0.05
,,,,Misc,0.0,0.01,0.04,0.0,0.05
,,,,Racing,0.0,0.01,0.04,0.0,0.05
,,,,Racing,0.05,0.0,0.0,0.0,0.05
,,,,Role-Playing,0.05,0.0,0.0,0.0,0.05
,,,,Adventure,0.05,0.0,0.0,0.0,0.05
,,,,Action,0.05,0.0,0.0,0.0,0.05
,,,,Sports,0.0,0.0,0.05,0.0,0.05
,,,,Misc,0.0,0.04,0.0,0.01,0.05
,,,,Simulation,0.0,0.04,0.0,0.01,0.05
,,,,Role-Playing,0.0,0.0,0.05,0.0,0.05
,,,,Adventure,0.0,0.01,0.04,0.0,0.05
,,,,Shooter,0.0,0.02,0.03,0.0,0.05
,,,,Misc,0.05,0.0,0.0,0.0,0.05
,,,,Puzzle,0.0,0.01,0.04,0.0,0.05
,,,,Adventure,0.05,0.0,0.0,0.0,0.05
,,,,Role-Playing,0.05,0.0,0.0,0.0,0.05
,,,,Action,0.05,0.0,0.0,0.0,0.05
,,,,Fighting,0.05,0.0,0.0,0.0,0.05
,,,,Role-Playing,0.0,0.03,0.01,0.01,0.05
,,,,Racing,0.0,0.02,0.02,0.01,0.05
,,,,Fighting,0.05,0.0,0.0,0.0,0.05
,,,,Simulation,0.0,0.0,0.04,0.0,0.05
,,,,Racing,0.0,0.0,0.05,0.0,0.05
,,,,Platform,0.0,0.03,0.01,0.01,0.05
,,,,Action,0.0,0.01,0.04,0.0,0.05
,,,,Shooter,0.05,0.0,0.0,0.0,0.05
,,,,Action,0.0,0.04,0.0,0.01,0.05
,,,,Action,0.0,0.01,0.04,0.0,0.05
,,,,Strategy,0.05,0.0,0.0,0.0,0.05
,,,,Platform,0.0,0.01,0.04,0.0,0.05
,,,,Sports,0.0,0.01,0.04,0.0,0.05
,,,,Sports,0.0,0.04,0.0,0.01,0.05
,,,,Racing,0.01,0.01,0.02,0.0,0.05
,,,,Platform,0.0,0.01,0.04,0.0,0.05
,,,,Role-Playing,0.05,0.0,0.0,0.0,0.05
,,,,Sports,0.0,0.01,0.04,0.0,0.05
,,,,Role-Playing,0.0,0.01,0.04,0.0,0.05
,,,,Fighting,0.0,0.01,0.04,0.0,0.05
,,,,Fighting,0.0,0.01,0.04,0.0,0.05
,,,,Platform,0.0,0.01,0.04,0.0,0.05
,,,,Misc,0.05,0.0,0.0,0.0,0.05
,,,,Misc,0.05,0.0,0.0,0.0,0.05
,,,,Sports,0.05,0.0,0.0,0.0,0.05
,,,,Role-Playing,0.0,0.01,0.04,0.0,0.05
,,,,Sports,0.05,0.0,0.0,0.0,0.05
,,,,Sports,0.0,0.04,0.0,0.01,0.05
,,,,Adventure,0.05,0.0,0.0,0.0,0.05
,,,,Action,0.0,0.02,0.02,0.0,0.05
,,,,Action,0.0,0.02,0.03,0.0,0.05
,,,,Sports,0.05,0.0,0.0,0.0,0.05
,,,,Racing,0.0,0.04,0.0,0.01,0.05
,,,,Action,0.05,0.0,0.0,0.0,0.05
,,,,Action,0.0,0.01,0.04,0.0,0.05
,,,,Adventure,0.0,0.0,0.04,0.0,0.05
,,,,Role-Playing,0.05,0.0,0.0,0.0,0.05
,,,,Fighting,0.0,0.0,0.05,0.0,0.05
,,,,Sports,0.0,0.01,0.04,0.0,0.05
,,,,Shooter,0.0,0.04,0.0,0.01,0.05
,,,,Adventure,0.05,0.0,0.0,0.0,0.05
,,,,Platform,0.0,0.0,0.05,0.0,0.05
,,,,Puzzle,0.0,0.01,0.04,0.0,0.05
,,,,Action,0.05,0.0,0.0,0.0,0.05
,,,,Strategy,0.0,0.03,0.01,0.01,0.05
,,,,Adventure,0.05,0.0,0.0,0.0,0.05
,,,,Misc,0.05,0.0,0.0,0.0,0.05
,,,,Adventure,0.05,0.0,0.0,0.0,0.05
,,,,Puzzle,0.0,0.04,0.0,0.01,0.05
,,,,Adventure,0.0,0.02,0.03,0.0,0.05
,,,,Misc,0.0,0.0,0.05,0.0,0.05
,,,,Puzzle,0.0,0.01,0.04,0.0,0.05
,,,,Sports,0.05,0.0,0.0,0.0,0.05
,,,,Action,0.0,0.02,0.03,0.0,0.05
,,,,Adventure,0.05,0.0,0.0,0.0,0.05
,,,,Platform,0.0,0.01,0.04,0.0,0.05
,,,,Racing,0.0,0.04,0.0,0.01,0.05
,,,,Sports,0.0,0.0,0.05,0.0,0.05
,,,,Platform,0.0,0.01,0.03,0.0,0.05
,,,,Sports,0.0,0.0,0.05,0.0,0.05
,,,,Action,0.05,0.0,0.0,0.0,0.05
,,,,Strategy,0.0,0.04,0.0,0.01,0.05
,,,,Sports,0.0,0.02,0.02,0.0,0.05
,,,,Adventure,0.05,0.0,0.0,0.0,0.05
,,,,Action,0.0,0.01,0.04,0.0,0.05
,,,,Action,0.0,0.0,0.04,0.0,0.05
,,,,Adventure,0.05,0.0,0.0,0.0,0.05
,,,,Role-Playing,0.05,0.0,0.0,0.0,0.05
,,,,Misc,0.0,0.01,0.04,0.0,0.05
,,,,Fighting,0.05,0.0,0.0,0.0,0.05
,,,,Misc,0.05,0.0,0.0,0.0,0.05
,,,,Platform,0.0,0.02,0.02,0.01,0.05
,,,,Strategy,0.0,0.04,0.0,0.01,0.05
,,,,Role-Playing,0.05,0.0,0.0,0.0,0.05
,,,,Puzzle,0.05,0.0,0.0,0.0,0.05
,,,,Sports,0.0,0.04,0.0,0.01,0.05
,,,,Shooter,0.05,0.0,0.0,0.0,0.05
,,,,Action,0.0,0.01,0.04,0.0,0.05
,,,,Misc,0.0,0.0,0.05,0.0,0.05
,,,,Racing,0.0,0.02,0.02,0.0,0.05
,,,,Sports,0.0,0.02,0.03,0.0,0.05
,,,,Simulation,0.05,0.0,0.0,0.0,0.05
,,,,Strategy,0.04,0.01,0.0,0.0,0.05
,,,,Racing,0.0,0.02,0.02,0.01,0.05
,,,,Simulation,0.0,0.02,0.02,0.01,0.05
,,,,Platform,0.0,0.02,0.02,0.01,0.05
,,,,Shooter,0.0,0.03,0.01,0.01,0.05
,,,,Adventure,0.05,0.0,0.0,0.0,0.05
,,,,Misc,0.0,0.0,0.05,0.0,0.05
,,,,Misc,0.0,0.0,0.04,0.0,0.05
,,,,Shooter,0.0,0.01,0.04,0.0,0.05
,,,,Simulation,0.05,0.0,0.0,0.0,0.05
,,,,Misc,0.05,0.0,0.0,0.0,0.05
,,,,Action,0.05,0.0,0.0,0.0,0.05
,,,,Action,0.0,0.03,0.02,0.01,0.05
,,,,Misc,0.0,0.05,0.0,0.0,0.05
,,,,Racing,0.0,0.0,0.04,0.0,0.05
,,,,Action,0.0,0.01,0.03,0.0,0.05
,,,,Misc,0.05,0.0,0.0,0.0,0.05
,,,,Action,0.0,0.0,0.04,0.0,0.05
,,,,Role-Playing,0.05,0.0,0.0,0.0,0.05
,,,,Sports,0.0,0.01,0.04,0.0,0.05
,,,,Misc,0.0,0.0,0.05,0.0,0.05
,,,,Misc,0.0,0.01,0.03,0.0,0.05
,,,,Sports,0.0,0.02,0.02,0.01,0.05
,,,,Misc,0.0,0.01,0.03,0.0,0.05
,,,,Sports,0.0,0.02,0.03,0.0,0.05
,,,,Adventure,0.05,0.0,0.0,0.0,0.05
,,,,Adventure,0.05,0.0,0.0,0.0,0.05
,,,,Misc,0.05,0.0,0.0,0.0,0.05
,,,,Strategy,0.05,0.0,0.0,0.0,0.05
,,,,Simulation,0.0,0.0,0.05,0.0,0.05
,,,,Puzzle,0.0,0.01,0.03,0.0,0.05
,,,,Fighting,0.0,0.0,0.05,0.0,0.05
,,,,Action,0.0,0.02,0.02,0.01,0.05
,,,,Puzzle,0.0,0.01,0.03,0.0,0.05
,,,,Racing,0.0,0.02,0.02,0.01,0.05
,,,,Shooter,0.0,0.0,0.04,0.0,0.05
,,,,Sports,0.05,0.0,0.0,0.0,0.05
,,,,Adventure,0.05,0.0,0.0,0.0,0.05
,,,,Action,0.0,0.02,0.03,0.0,0.05
,,,,Shooter,0.05,0.0,0.0,0.0,0.05
,,,,Misc,0.0,0.01,0.04,0.0,0.05
,,,,Shooter,0.05,0.0,0.0,0.0,0.05
,,,,Misc,0.05,0.0,0.0,0.0,0.05
,,,,Sports,0.0,0.02,0.02,0.0,0.05
,,,,Sports,0.05,0.0,0.0,0.0,0.05
,,,,Platform,0.0,0.02,0.03,0.0,0.05
,,,,Puzzle,0.0,0.0,0.04,0.0,0.05
,,,,Role-Playing,0.0,0.0,0.04,0.01,0.05
,,,,Racing,0.0,0.04,0.0,0.01,0.05
,,,,Action,0.05,0.0,0.0,0.0,0.05
,,,,Shooter,0.0,0.01,0.03,0.0,0.05
,,,,Strategy,0.0,0.04,0.0,0.01,0.05
,,,,Strategy,0.0,0.04,0.0,0.01,0.05
,,,,Adventure,0.05,0.0,0.0,0.0,0.05
,,,,Platform,0.0,0.0,0.04,0.0,0.05
,,,,Sports,0.0,0.01,0.03,0.01,0.05
,,,,Role-Playing,0.01,0.0,0.04,0.0,0.05
,,,,Role-Playing,0.0,0.02,0.02,0.01,0.05
,,,,Adventure,0.05,0.0,0.0,0.0,0.05
,,,,Sports,0.0,0.02,0.02,0.01,0.05
,,,,Action,0.0,0.01,0.03,0.0,0.05
,,,,Role-Playing,0.05,0.0,0.0,0.0,0.05
,,,,Misc,0.05,0.0,0.0,0.0,0.05
,,,,Strategy,0.03,0.01,0.01,0.0,0.05
,,,,Sports,0.05,0.0,0.0,0.0,0.05
,,,,Fighting,0.05,0.0,0.0,0.0,0.05
,,,,Fighting,0.05,0.0,0.0,0.0,0.05
,,,,Action,0.0,0.01,0.04,0.0,0.05
,,,,Adventure,0.05,0.0,0.0,0.0,0.05
,,,,Platform,0.0,0.02,0.02,0.01,0.05
,,,,Sports,0.0,0.01,0.04,0.0,0.05
,,,,Racing,0.0,0.01,0.03,0.0,0.05
,,,,Misc,0.0,0.01,0.04,0.0,0.05
,,,,Shooter,0.0,0.04,0.0,0.01,0.05
,,,,Platform,0.0,0.02,0.03,0.0,0.05
,,,,Action,0.0,0.0,0.04,0.0,0.05
,,,,Adventure,0.05,0.0,0.0,0.0,0.05
,,,,Role-Playing,0.05,0.0,0.0,0.0,0.05
,,,,Puzzle,0.05,0.0,0.0,0.0,0.05
,,,,Puzzle,0.0,0.0,0.04,0.0,0.05
,,,,Sports,0.0,0.01,0.03,0.0,0.05
,,,,Racing,0.0,0.01,0.04,0.0,0.05
,,,,Action,0.0,0.0,0.04,0.0,0.05
,,,,Role-Playing,0.05,0.0,0.0,0.0,0.05
,,,,Platform,0.05,0.0,0.0,0.0,0.05
,,,,Sports,0.0,0.02,0.02,0.01,0.05
,,,,Action,0.0,0.01,0.04,0.0,0.05
,,,,Sports,0.0,0.0,0.04,0.0,0.05
,,,,Sports,0.0,0.01,0.04,0.0,0.05
,,,,Racing,0.0,0.01,0.04,0.0,0.05
,,,,Action,0.05,0.0,0.0,0.0,0.05
,,,,Role-Playing,0.05,0.0,0.0,0.0,0.05
,,,,Simulation,0.0,0.04,0.0,0.01,0.05
,,,,Puzzle,0.0,0.02,0.03,0.0,0.05
,,,,Sports,0.05,0.0,0.0,0.0,0.05
,,,,Strategy,0.0,0.02,0.03,0.0,0.05
,,,,Adventure,0.05,0.0,0.0,0.0,0.05
,,,,Sports,0.0,0.04,0.0,0.01,0.05
,,,,Misc,0.05,0.0,0.0,0.0,0.05
,,,,Racing,0.0,0.01,0.04,0.0,0.05
,,,,Misc,0.05,0.0,0.0,0.0,0.05
,,,,Role-Playing,0.05,0.0,0.0,0.0,0.05
,,,,Sports,0.0,0.01,0.04,0.0,0.05
,,,,Sports,0.0,0.02,0.03,0.0,0.05
,,,,Sports,0.01,0.01,0.01,0.01,0.05
,,,,Adventure,0.05,0.0,0.0,0.0,0.05
,,,,Action,0.05,0.0,0.0,0.0,0.05
,,,,Role-Playing,0.0,0.01,0.04,0.0,0.05
,,,,Action,0.0,0.04,0.0,0.01,0.05
,,,,Shooter,0.0,0.0,0.04,0.0,0.05
,,,,Simulation,0.0,0.03,0.01,0.01,0.05
,,,,Role-Playing,0.0,0.01,0.04,0.0,0.05
,,,,Simulation,0.0,0.0,0.04,0.0,0.05
,,,,Shooter,0.05,0.0,0.0,0.0,0.05
,,,,Role-Playing,0.05,0.0,0.0,0.0,0.05
,,,,Puzzle,0.0,0.01,0.03,0.0,0.05
,,,,Adventure,0.0,0.0,0.04,0.0,0.05
,,,,Adventure,0.0,0.0,0.04,0.0,0.05
,,,,Sports,0.0,0.01,0.03,0.0,0.05
,,,,Action,0.05,0.0,0.0,0.0,0.05
,,,,Shooter,0.0,0.0,0.04,0.0,0.05
,,,,Strategy,0.0,0.04,0.0,0.0,0.05
,,,,Sports,0.0,0.04,0.0,0.01,0.05
,,,,Sports,0.0,0.0,0.04,0.0,0.05
,,,,Strategy,0.0,0.04,0.0,0.01,0.05
,,,,Misc,0.0,0.0,0.04,0.0,0.05
,,,,Misc,0.0,0.0,0.04,0.0,0.05
,,,,Action,0.05,0.0,0.0,0.0,0.05
,,,,Fighting,0.0,0.01,0.03,0.0,0.05
,,,,Simulation,0.0,0.04,0.0,0.01,0.05
,,,,Sports,0.0,0.02,0.02,0.01,0.05
,,,,Racing,0.0,0.01,0.03,0.0,0.05
,,,,Role-Playing,0.0,0.0,0.04,0.0,0.05
,,,,Fighting,0.0,0.01,0.04,0.0,0.05
,,,,Role-Playing,0.05,0.0,0.0,0.0,0.05
,,,,Racing,0.0,0.04,0.0,0.01,0.05
,,,,Shooter,0.0,0.01,0.04,0.0,0.05
,,,,Adventure,0.05,0.0,0.0,0.0,0.05
,,,,Strategy,0.0,0.02,0.03,0.0,0.05
,,,,Adventure,0.05,0.0,0.0,0.0,0.05
,,,,Adventure,0.05,0.0,0.0,0.0,0.05
,,,,Action,0.05,0.0,0.0,0.0,0.05
,,,,Platform,0.0,0.01,0.04,0.0,0.05
,,,,Adventure,0.0,0.0,0.04,0.0,0.05
,,,,Sports,0.0,0.04,0.0,0.01,0.05
,,,,Simulation,0.0,0.0,0.04,0.0,0.05
,,,,Misc,0.0,0.0,0.04,0.0,0.05
,,,,Misc,0.0,0.03,0.01,0.01,0.05
,,,,Shooter,0.0,0.01,0.04,0.0,0.05
,,,,Adventure,0.05,0.0,0.0,0.0,0.05
,,,,Racing,0.0,0.0,0.04,0.0,0.05
,,,,Sports,0.0,0.0,0.04,0.0,0.05
,,,,Simulation,0.0,0.04,0.0,0.01,0.05
,,,,Role-Playing,0.05,0.0,0.0,0.0,0.05
,,,,Shooter,0.0,0.02,0.03,0.0,0.05
,,,,Role-Playing,0.0,0.02,0.03,0.0,0.05
,,,,Puzzle,0.0,0.0,0.04,0.0,0.05
,,,,Sports,0.0,0.0,0.04,0.0,0.05
,,,,Simulation,0.01,0.01,0.03,0.0,0.05
,,,,Adventure,0.05,0.0,0.0,0.0,0.05
,,,,Action,0.0,0.04,0.0,0.0,0.05
,,,,Strategy,0.0,0.04,0.0,0.01,0.05
,,,,Action,0.0,0.01,0.03,0.0,0.05
,,,,Racing,0.0,0.04,0.0,0.0,0.05
,,,,Strategy,0.05,0.0,0.0,0.0,0.05
,,,,Role-Playing,0.05,0.0,0.0,0.0,0.05
,,,,Racing,0.0,0.0,0.04,0.0,0.05
,,,,Misc,0.0,0.0,0.04,0.0,0.05
,,,,Puzzle,0.0,0.0,0.04,0.0,0.05
,,,,Adventure,0.0,0.0,0.04,0.01,0.05
,,,,Shooter,0.0,0.02,0.03,0.0,0.05
,,,,Role-Playing,0.0,0.0,0.04,0.0,0.05
,,,,Action,0.05,0.0,0.0,0.0,0.05
,,,,Adventure,0.0,0.02,0.03,0.0,0.05
,,,,Fighting,0.0,0.01,0.04,0.0,0.05
,,,,Simulation,0.0,0.0,0.04,0.0,0.05
,,,,Adventure,0.0,0.0,0.04,0.0,0.05
,,,,Action,0.0,0.04,0.0,0.0,0.05
,,,,Misc,0.0,0.0,0.04,0.0,0.05
,,,,Racing,0.0,0.0,0.04,0.0,0.05
,,,,Shooter,0.0,0.01,0.04,0.0,0.05
,,,,Sports,0.0,0.03,0.0,0.01,0.05
,,,,Strategy,0.0,0.01,0.03,0.0,0.05
,,,,Sports,0.01,0.0,0.04,0.0,0.05
,,,,Adventure,0.05,0.0,0.0,0.0,0.05
,,,,Action,0.0,0.01,0.03,0.0,0.05
,,,,Shooter,0.05,0.0,0.0,0.0,0.05
,,,,Puzzle,0.05,0.0,0.0,0.0,0.05
,,,,Misc,0.05,0.0,0.0,0.0,0.05
,,,,Misc,0.0,0.02,0.02,0.01,0.05
,,,,Puzzle,0.0,0.01,0.04,0.0,0.05
,,,,Action,0.0,0.04,0.0,0.01,0.05
,,,,Sports,0.0,0.0,0.04,0.0,0.05
,,,,Racing,0.0,0.02,0.02,0.01,0.05
,,,,Adventure,0.0,0.0,0.04,0.0,0.05
,,,,Puzzle,0.0,0.0,0.04,0.0,0.05
,,,,Adventure,0.01,0.0,0.03,0.01,0.05
,,,,Adventure,0.0,0.04,0.0,0.01,0.05
,,,,Adventure,0.05,0.0,0.0,0.0,0.05
,,,,Misc,0.05,0.0,0.0,0.0,0.05
,,,,Misc,0.0,0.0,0.04,0.0,0.05
,,,,Racing,0.0,0.0,0.04,0.0,0.05
,,,,Adventure,0.05,0.0,0.0,0.0,0.05
,,,,Misc,0.0,0.01,0.03,0.0,0.05
,,,,Platform,0.0,0.0,0.04,0.0,0.05
,,,,Racing,0.0,0.02,0.03,0.0,0.05
,,,,Shooter,0.0,0.0,0.04,0.0,0.05
,,,,Racing,0.0,0.01,0.04,0.0,0.05
,,,,Puzzle,0.0,0.0,0.04,0.0,0.05
,,,,Action,0.0,0.01,0.04,0.0,0.05
,,,,Racing,0.0,0.01,0.04,0.0,0.05
,,,,Action,0.05,0.0,0.0,0.0,0.05
,,,,Sports,0.0,0.04,0.0,0.0,0.05
,,,,Sports,0.0,0.01,0.03,0.0,0.05
,,,,Action,0.05,0.0,0.0,0.0,0.05
,,,,Platform,0.0,0.01,0.03,0.0,0.05
,,,,Adventure,0.0,0.0,0.04,0.0,0.05
,,,,Racing,0.0,0.0,0.04,0.0,0.05
,,,,Sports,0.0,0.0,0.04,0.0,0.05
,,,,Action,0.05,0.0,0.0,0.0,0.05
,,,,Misc,0.0,0.04,0.0,0.01,0.05
,,,,Adventure,0.05,0.0,0.0,0.0,0.05
,,,,Adventure,0.0,0.0,0.04,0.0,0.05
,,,,Shooter,0.0,0.0,0.04,0.0,0.05
,,,,Adventure,0.05,0.0,0.0,0.0,0.05
,,,,Racing,0.05,0.0,0.0,0.0,0.05
,,,,Simulation,0.0,0.04,0.0,0.01,0.05
,,,,Adventure,0.0,0.02,0.03,0.0,0.05
,,,,Shooter,0.0,0.0,0.04,0.0,0.05
,,,,Shooter,0.0,0.03,0.01,0.01,0.05
,,,,Role-Playing,0.05,0.0,0.0,0.0,0.05
,,,,Role-Playing,0.05,0.0,0.0,0.0,0.05
,,,,Role-Playing,0.05,0.0,0.0,0.0,0.05
,,,,Misc,0.0,0.02,0.03,0.0,0.05
,,,,Action,0.05,0.0,0.0,0.0,0.05
,,,,Shooter,0.0,0.0,0.04,0.0,0.05
,,,,Strategy,0.0,0.01,0.03,0.0,0.05
,,,,Role-Playing,0.05,0.0,0.0,0.0,0.05
,,,,Fighting,0.05,0.0,0.0,0.0,0.05
,,,,Fighting,0.05,0.0,0.0,0.0,0.05
,,,,Action,0.0,0.01,0.03,0.0,0.05
,,,,Misc,0.0,0.0,0.04,0.0,0.05
,,,,Misc,0.0,0.04,0.0,0.0,0.05
,,,,Misc,0.0,0.01,0.03,0.0,0.05
,,,,Puzzle,0.0,0.02,0.03,0.0,0.05
,,,,Sports,0.05,0.0,0.0,0.0,0.05
,,,,Shooter,0.0,0.01,0.03,0.0,0.05
,,,,Action,0.0,0.0,0.04,0.0,0.05
,,,,Misc,0.05,0.0,0.0,0.0,0.05
,,,,Action,0.05,0.0,0.0,0.0,0.05
,,,,Adventure,0.0,0.01,0.03,0.0,0.05
,,,,Strategy,0.0,0.04,0.0,0.01,0.05
,,,,Misc,0.0,0.0,0.04,0.0,0.05
,,,,Action,0.0,0.04,0.0,0.01,0.05
,,,,Platform,0.0,0.01,0.03,0.0,0.05
,,,,Sports,0.0,0.0,0.04,0.0,0.05
,,,,Misc,0.05,0.0,0.0,0.0,0.05
,,,,Racing,0.05,0.0,0.0,0.0,0.05
,,,,Platform,0.0,0.0,0.04,0.01,0.05
,,,,Shooter,0.0,0.04,0.0,0.0,0.05
,,,,Platform,0.0,0.03,0.0,0.01,0.05
,,,,Misc,0.0,0.01,0.03,0.0,0.05
,,,,Adventure,0.0,0.04,0.0,0.01,0.05
,,,,Strategy,0.0,0.01,0.03,0.0,0.05
,,,,Action,0.0,0.04,0.0,0.0,0.05
,,,,Adventure,0.0,0.04,0.0,0.01,0.05
,,,,Sports,0.0,0.02,0.03,0.0,0.05
,,,,Puzzle,0.0,0.0,0.04,0.0,0.05
,,,,Adventure,0.05,0.0,0.0,0.0,0.05
,,,,Shooter,0.0,0.01,0.03,0.0,0.05
,,,,Adventure,0.05,0.0,0.0,0.0,0.05
,,,,Role-Playing,0.05,0.0,0.0,0.0,0.05
,,,,Shooter,0.0,0.01,0.03,0.0,0.05
,,,,Shooter,0.0,0.04,0.0,0.0,0.05
,,,,Racing,0.0,0.02,0.02,0.01,0.05
,,,,Misc,0.04,0.0,0.0,0.0,0.05
,,,,Puzzle,0.0,0.02,0.03,0.0,0.04
,,,,Puzzle,0.0,0.04,0.0,0.01,0.04
,,,,Simulation,0.0,0.0,0.04,0.0,0.04
,,,,Simulation,0.0,0.0,0.04,0.0,0.04
,,,,Action,0.0,0.0,0.04,0.0,0.04
,,,,Simulation,0.04,0.0,0.0,0.0,0.04
,,,,Role-Playing,0.04,0.0,0.0,0.0,0.04
,,,,Fighting,0.04,0.0,0.0,0.0,0.04
,,,,Fighting,0.0,0.02,0.02,0.01,0.04
,,,,Sports,0.0,0.0,0.04,0.0,0.04
,,,,Misc,0.04,0.0,0.0,0.0,0.04
,,,,Role-Playing,0.04,0.0,0.0,0.0,0.04
,,,,Adventure,0.0,0.04,0.0,0.01,0.04
,,,,Misc,0.0,0.0,0.04,0.0,0.04
,,,,Platform,0.0,0.0,0.04,0.0,0.04
,,,,Sports,0.0,0.02,0.02,0.01,0.04
,,,,Misc,0.04,0.0,0.0,0.0,0.04
,,,,Adventure,0.04,0.0,0.0,0.0,0.04
,,,,Fighting,0.04,0.0,0.0,0.0,0.04
,,,,Misc,0.04,0.0,0.0,0.0,0.04
,,,,Role-Playing,0.04,0.0,0.0,0.0,0.04
,,,,Misc,0.0,0.01,0.03,0.0,0.04
,,,,Action,0.04,0.0,0.0,0.0,0.04
,,,,Platform,0.0,0.01,0.03,0.0,0.04
,,,,Strategy,0.0,0.02,0.02,0.01,0.04
,,,,Action,0.0,0.02,0.02,0.0,0.04
,,,,Sports,0.0,0.0,0.04,0.0,0.04
,,,,Misc,0.0,0.0,0.04,0.0,0.04
,,,,Action,0.04,0.0,0.0,0.0,0.04
,,,,Shooter,0.0,0.0,0.04,0.0,0.04
,,,,Action,0.0,0.03,0.0,0.01,0.04
,,,,Role-Playing,0.04,0.0,0.0,0.0,0.04
,,,,Racing,0.0,0.0,0.04,0.0,0.04
,,,,Shooter,0.0,0.01,0.03,0.0,0.04
,,,,Misc,0.04,0.0,0.0,0.0,0.04
,,,,Action,0.0,0.02,0.02,0.0,0.04
,,,,Strategy,0.03,0.0,0.01,0.0,0.04
,,,,Action,0.0,0.02,0.02,0.0,0.04
,,,,Misc,0.04,0.0,0.0,0.0,0.04
,,,,Sports,0.0,0.04,0.0,0.01,0.04
,,,,Role-Playing,0.0,0.01,0.03,0.0,0.04
,,,,Strategy,0.0,0.04,0.0,0.0,0.04
,,,,Action,0.0,0.0,0.04,0.0,0.04
,,,,Simulation,0.04,0.0,0.0,0.0,0.04
,,,,Strategy,0.04,0.0,0.0,0.0,0.04
,,,,Misc,0.04,0.0,0.0,0.0,0.04
,,,,Shooter,0.0,0.04,0.0,0.01,0.04
,,,,Sports,0.0,0.01,0.03,0.0,0.04
,,,,Shooter,0.0,0.01,0.03,0.0,0.04
,,,,Misc,0.0,0.04,0.0,0.01,0.04
,,,,Action,0.0,0.0,0.04,0.0,0.04
,,,,Simulation,0.0,0.04,0.0,0.01,0.04
,,,,Sports,0.0,0.0,0.04,0.0,0.04
,,,,Racing,0.0,0.01,0.03,0.0,0.04
,,,,Puzzle,0.04,0.0,0.0,0.0,0.04
,,,,Racing,0.0,0.04,0.0,0.01,0.04
,,,,Role-Playing,0.04,0.0,0.0,0.0,0.04
,,,,Misc,0.0,0.01,0.03,0.0,0.04
,,,,Misc,0.04,0.0,0.0,0.0,0.04
,,,,Misc,0.0,0.02,0.02,0.0,0.04
,,,,Action,0.04,0.0,0.0,0.0,0.04
,,,,Fighting,0.04,0.0,0.0,0.0,0.04
,,,,Action,0.0,0.0,0.04,0.0,0.04
,,,,Sports,0.0,0.0,0.04,0.0,0.04
,,,,Misc,0.0,0.0,0.04,0.0,0.04
,,,,Action,0.0,0.0,0.04,0.0,0.04
,,,,Adventure,0.04,0.0,0.0,0.0,0.04
,,,,Action,0.04,0.0,0.0,0.0,0.04
,,,,Action,0.0,0.01,0.03,0.0,0.04
,,,,Adventure,0.04,0.0,0.0,0.0,0.04
,,,,Misc,0.04,0.0,0.0,0.0,0.04
,,,,Puzzle,0.04,0.0,0.0,0.0,0.04
,,,,Platform,0.04,0.0,0.0,0.0,0.04
,,,,Racing,0.0,0.01,0.03,0.0,0.04
,,,,Shooter,0.0,0.02,0.02,0.01,0.04
,,,,Action,0.0,0.02,0.02,0.01,0.04
,,,,Sports,0.0,0.0,0.04,0.0,0.04
,,,,Platform,0.0,0.01,0.03,0.0,0.04
,,,,Action,0.04,0.0,0.0,0.0,0.04
,,,,Misc,0.04,0.0,0.0,0.0,0.04
,,,,Racing,0.0,0.0,0.04,0.0,0.04
,,,,Shooter,0.0,0.01,0.03,0.0,0.04
,,,,Simulation,0.0,0.0,0.04,0.0,0.04
,,,,Platform,0.0,0.0,0.04,0.0,0.04
,,,,Racing,0.0,0.04,0.0,0.01,0.04
,,,,Adventure,0.04,0.0,0.0,0.0,0.04
,,,,Action,0.0,0.01,0.03,0.0,0.04
,,,,Action,0.0,0.01,0.03,0.0,0.04
,,,,Strategy,0.0,0.01,0.03,0.0,0.04
,,,,Adventure,0.0,0.0,0.04,0.0,0.04
,,,,Adventure,0.04,0.0,0.0,0.0,0.04
,,,,Shooter,0.0,0.02,0.02,0.01,0.04
,,,,Platform,0.04,0.0,0.0,0.0,0.04
,,,,Sports,0.0,0.04,0.0,0.01,0.04
,,,,Role-Playing,0.0,0.01,0.03,0.0,0.04
,,,,Puzzle,0.0,0.0,0.04,0.0,0.04
,,,,Shooter,0.0,0.0,0.04,0.0,0.04
,,,,Shooter,0.0,0.01,0.03,0.0,0.04
,,,,Action,0.0,0.02,0.01,0.01,0.04
,,,,Misc,0.0,0.01,0.03,0.0,0.04
,,,,Fighting,0.04,0.0,0.0,0.0,0.04
,,,,Action,0.04,0.0,0.0,0.0,0.04
,,,,Fighting,0.0,0.0,0.04,0.0,0.04
,,,,Role-Playing,0.04,0.0,0.0,0.0,0.04
,,,,Action,0.04,0.0,0.0,0.0,0.04
,,,,Adventure,0.04,0.0,0.0,0.0,0.04
,,,,Adventure,0.04,0.0,0.0,0.0,0.04
,,,,Adventure,0.04,0.0,0.0,0.0,0.04
,,,,Misc,0.04,0.0,0.0,0.0,0.04
,,,,Adventure,0.0,0.03,0.01,0.0,0.04
,,,,Racing,0.0,0.04,0.0,0.01,0.04
,,,,Action,0.04,0.0,0.0,0.0,0.04
,,,,Platform,0.04,0.0,0.0,0.0,0.04
,,,,Sports,0.0,0.04,0.0,0.0,0.04
,,,,Adventure,0.04,0.0,0.0,0.0,0.04
,,,,Simulation,0.04,0.0,0.0,0.0,0.04
,,,,Role-Playing,0.04,0.0,0.0,0.0,0.04
,,,,Action,0.0,0.02,0.02,0.0,0.04
,,,,Sports,0.0,0.01,0.03,0.0,0.04
,,,,Misc,0.0,0.01,0.03,0.0,0.04
,,,,Adventure,0.0,0.02,0.02,0.01,0.04
,,,,Platform,0.0,0.0,0.04,0.0,0.04
,,,,Action,0.0,0.02,0.02,0.01,0.04
,,,,Adventure,0.04,0.0,0.0,0.0,0.04
,,,,Sports,0.0,0.04,0.0,0.0,0.04
,,,,Racing,0.0,0.01,0.03,0.0,0.04
,,,,Fighting,0.04,0.0,0.0,0.0,0.04
,,,,Fighting,0.04,0.0,0.0,0.0,0.04
,,,,Adventure,0.04,0.0,0.0,0.0,0.04
,,,,Sports,0.0,0.04,0.0,0.0,0.04
,,,,Action,0.04,0.0,0.0,0.0,0.04
,,,,Misc,0.02,0.0,0.02,0.0,0.04
,,,,Platform,0.0,0.04,0.0,0.0,0.04
,,,,Sports,0.0,0.01,0.03,0.0,0.04
,,,,Sports,0.0,0.02,0.02,0.0,0.04
,,,,Simulation,0.04,0.0,0.0,0.0,0.04
,,,,Action,0.0,0.0,0.04,0.0,0.04
,,,,Action,0.0,0.0,0.04,0.0,0.04
,,,,Action,0.0,0.01,0.03,0.0,0.04
,,,,Shooter,0.0,0.0,0.04,0.0,0.04
,,,,Action,0.04,0.0,0.0,0.0,0.04
,,,,Adventure,0.0,0.0,0.04,0.0,0.04
,,,,Action,0.0,0.02,0.02,0.01,0.04
,,,,Misc,0.04,0.0,0.0,0.0,0.04
,,,,Adventure,0.04,0.0,0.0,0.0,0.04
,,,,Action,0.04,0.0,0.0,0.0,0.04
,,,,Puzzle,0.0,0.0,0.04,0.0,0.04
,,,,Action,0.0,0.01,0.03,0.0,0.04
,,,,Racing,0.0,0.01,0.03,0.0,0.04
,,,,Action,0.04,0.0,0.0,0.0,0.04
,,,,Simulation,0.0,0.02,0.02,0.0,0.04
,,,,Action,0.04,0.0,0.0,0.0,0.04
,,,,Action,0.0,0.04,0.0,0.0,0.04
,,,,Shooter,0.0,0.0,0.04,0.0,0.04
,,,,Fighting,0.04,0.0,0.0,0.0,0.04
,,,,Platform,0.0,0.01,0.03,0.0,0.04
,,,,Shooter,0.0,0.0,0.04,0.0,0.04
,,,,Simulation,0.04,0.0,0.0,0.0,0.04
,,,,Sports,0.04,0.0,0.0,0.0,0.04
,,,,Simulation,0.0,0.0,0.04,0.0,0.04
,,,,Sports,0.0,0.02,0.02,0.0,0.04
,,,,Misc,0.04,0.0,0.0,0.0,0.04
,,,,Puzzle,0.04,0.0,0.0,0.0,0.04
,,,,Simulation,0.0,0.02,0.01,0.01,0.04
,,,,Misc,0.04,0.0,0.0,0.0,0.04
,,,,Fighting,0.0,0.01,0.03,0.0,0.04
,,,,Puzzle,0.0,0.01,0.03,0.0,0.04
,,,,Action,0.04,0.0,0.0,0.0,0.04
,,,,Sports,0.0,0.01,0.03,0.0,0.04
,,,,Simulation,0.0,0.02,0.01,0.01,0.04
,,,,Strategy,0.0,0.03,0.0,0.01,0.04
,,,,Adventure,0.04,0.0,0.0,0.0,0.04
,,,,Shooter,0.0,0.0,0.04,0.0,0.04
,,,,Sports,0.0,0.01,0.03,0.0,0.04
,,,,Action,0.0,0.0,0.04,0.0,0.04
,,,,Misc,0.04,0.0,0.0,0.0,0.04
,,,,Role-Playing,0.04,0.0,0.0,0.0,0.04
,,,,Strategy,0.0,0.04,0.0,0.01,0.04
,,,,Adventure,0.0,0.02,0.01,0.01,0.04
,,,,Action,0.0,0.04,0.0,0.0,0.04
,,,,Strategy,0.0,0.03,0.0,0.01,0.04
,,,,Platform,0.0,0.0,0.04,0.0,0.04
,,,,Misc,0.0,0.0,0.04,0.0,0.04
,,,,Role-Playing,0.0,0.03,0.0,0.01,0.04
,,,,Sports,0.0,0.01,0.03,0.0,0.04
,,,,Action,0.0,0.02,0.01,0.01,0.04
,,,,Adventure,0.04,0.0,0.0,0.0,0.04
,,,,Misc,0.04,0.0,0.0,0.0,0.04
,,,,Simulation,0.0,0.0,0.04,0.0,0.04
,,,,Puzzle,0.0,0.04,0.0,0.01,0.04
,,,,Adventure,0.0,0.04,0.0,0.01,0.04
,,,,Shooter,0.0,0.01,0.03,0.0,0.04
,,,,Action,0.04,0.0,0.0,0.0,0.04
,,,,Fighting,0.0,0.0,0.03,0.0,0.04
,,,,Action,0.0,0.04,0.0,0.01,0.04
,,,,Misc,0.0,0.0,0.04,0.0,0.04
,,,,Fighting,0.04,0.0,0.0,0.0,0.04
,,,,Action,0.0,0.02,0.02,0.0,0.04
,,,,Fighting,0.0,0.01,0.03,0.0,0.04
,,,,Action,0.04,0.0,0.0,0.0,0.04
,,,,Action,0.0,0.0,0.03,0.0,0.04
,,,,Simulation,0.04,0.0,0.0,0.0,0.04
,,,,Role-Playing,0.04,0.0,0.0,0.0,0.04
,,,,Racing,0.0,0.0,0.04,0.0,0.04
,,,,Action,0.04,0.0,0.0,0.0,0.04
,,,,Strategy,0.0,0.03,0.0,0.01,0.04
,,,,Role-Playing,0.0,0.0,0.04,0.0,0.04
,,,,Misc,0.04,0.0,0.0,0.0,0.04
,,,,Action,0.0,0.0,0.04,0.0,0.04
,,,,Sports,0.0,0.03,0.0,0.01,0.04
,,,,Puzzle,0.0,0.0,0.04,0.0,0.04
,,,,Strategy,0.0,0.03,0.0,0.01,0.04
,,,,Racing,0.0,0.03,0.0,0.01,0.04
,,,,Adventure,0.04,0.0,0.0,0.0,0.04
,,,,Misc,0.0,0.02,0.02,0.01,0.04
,,,,Racing,0.0,0.03,0.0,0.01,0.04
,,,,Puzzle,0.0,0.0,0.04,0.0,0.04
,,,,Sports,0.04,0.0,0.0,0.0,0.04
,,,,Sports,0.0,0.0,0.04,0.0,0.04
,,,,Adventure,0.04,0.0,0.0,0.0,0.04
,,,,Role-Playing,0.04,0.0,0.0,0.0,0.04
,,,,Racing,0.0,0.01,0.03,0.0,0.04
,,,,Puzzle,0.0,0.03,0.01,0.0,0.04
,,,,Fighting,0.02,0.0,0.01,0.0,0.04
,,,,Strategy,0.0,0.04,0.0,0.0,0.04
,,,,Action,0.0,0.0,0.04,0.0,0.04
,,,,Simulation,0.04,0.0,0.0,0.0,0.04
,,,,Adventure,0.04,0.0,0.0,0.0,0.04
,,,,Adventure,0.0,0.03,0.01,0.0,0.04
,,,,Misc,0.0,0.04,0.0,0.01,0.04
,,,,Misc,0.0,0.0,0.04,0.0,0.04
,,,,Sports,0.0,0.02,0.02,0.01,0.04
,,,,Adventure,0.04,0.0,0.0,0.0,0.04
,,,,Shooter,0.0,0.03,0.0,0.01,0.04
,,,,Simulation,0.0,0.0,0.04,0.0,0.04
,,,,Racing,0.0,0.0,0.03,0.0,0.04
,,,,Simulation,0.0,0.01,0.03,0.0,0.04
,,,,Adventure,0.04,0.0,0.0,0.0,0.04
,,,,Role-Playing,0.04,0.0,0.0,0.0,0.04
,,,,Strategy,0.0,0.02,0.01,0.01,0.04
,,,,Fighting,0.0,0.0,0.04,0.0,0.04
,,,,Shooter,0.0,0.02,0.02,0.01,0.04
,,,,Sports,0.04,0.0,0.0,0.0,0.04
,,,,Sports,0.04,0.0,0.0,0.0,0.04
,,,,Action,0.0,0.01,0.03,0.0,0.04
,,,,Adventure,0.04,0.0,0.0,0.0,0.04
,,,,Misc,0.0,0.0,0.03,0.0,0.04
,,,,Puzzle,0.04,0.0,0.0,0.0,0.04
,,,,Fighting,0.0,0.01,0.03,0.0,0.04
,,,,Strategy,0.0,0.02,0.01,0.01,0.04
,,,,Strategy,0.0,0.03,0.01,0.01,0.04
,,,,Shooter,0.0,0.02,0.02,0.0,0.04
,,,,Role-Playing,0.04,0.0,0.0,0.0,0.04
,,,,Puzzle,0.0,0.0,0.04,0.0,0.04
,,,,Sports,0.0,0.02,0.02,0.0,0.04
,,,,Sports,0.0,0.0,0.04,0.0,0.04
,,,,Strategy,0.0,0.03,0.0,0.01,0.04
,,,,Sports,0.0,0.0,0.04,0.0,0.04
,,,,Sports,0.04,0.0,0.0,0.0,0.04
,,,,Action,0.04,0.0,0.0,0.0,0.04
,,,,Shooter,0.0,0.0,0.03,0.0,0.04
,,,,Racing,0.0,0.01,0.03,0.01,0.04
,,,,Adventure,0.04,0.0,0.0,0.0,0.04
,,,,Sports,0.04,0.0,0.0,0.0,0.04
,,,,Action,0.04,0.0,0.0,0.0,0.04
,,,,Action,0.0,0.02,0.02,0.01,0.04
,,,,Shooter,0.0,0.0,0.04,0.0,0.04
,,,,Sports,0.0,0.03,0.0,0.01,0.04
,,,,Adventure,0.04,0.0,0.0,0.0,0.04
,,,,Role-Playing,0.04,0.0,0.0,0.0,0.04
,,,,Strategy,0.0,0.01,0.03,0.0,0.04
,,,,Racing,0.0,0.03,0.0,0.01,0.04
,,,,Action,0.04,0.0,0.0,0.0,0.04
,,,,Sports,0.0,0.01,0.03,0.0,0.04
,,,,Role-Playing,0.04,0.0,0.0,0.0,0.04
,,,,Racing,0.0,0.0,0.04,0.0,0.04
,,,,Shooter,0.04,0.0,0.0,0.0,0.04
,,,,Action,0.0,0.04,0.0,0.0,0.04
,,,,Sports,0.0,0.0,0.04,0.0,0.04
,,,,Action,0.0,0.03,0.0,0.01,0.04
,,,,Sports,0.0,0.01,0.03,0.0,0.04
,,,,Action,0.04,0.0,0.0,0.0,0.04
,,,,Racing,0.04,0.0,0.0,0.0,0.04
,,,,Sports,0.0,0.0,0.03,0.0,0.04
,,,,Misc,0.0,0.0,0.04,0.0,0.04
,,,,Strategy,0.04,0.0,0.0,0.0,0.04
,,,,Racing,0.0,0.01,0.03,0.0,0.04
,,,,Strategy,0.0,0.01,0.03,0.0,0.04
,,,,Racing,0.0,0.01,0.03,0.0,0.04
,,,,Platform,0.0,0.01,0.03,0.0,0.04
,,,,Platform,0.0,0.01,0.03,0.0,0.04
,,,,Fighting,0.0,0.01,0.03,0.0,0.04
,,,,Action,0.04,0.0,0.0,0.0,0.04
,,,,Action,0.04,0.0,0.0,0.0,0.04
,,,,Platform,0.0,0.01,0.03,0.0,0.04
,,,,Role-Playing,0.04,0.0,0.0,0.0,0.04
,,,,Puzzle,0.0,0.02,0.01,0.0,0.04
,,,,Strategy,0.0,0.01,0.03,0.0,0.04
,,,,Action,0.0,0.03,0.0,0.01,0.04
,,,,Sports,0.04,0.0,0.0,0.0,0.04
,,,,Action,0.01,0.0,0.03,0.0,0.04
,,,,Sports,0.0,0.0,0.04,0.0,0.04
,,,,Shooter,0.0,0.02,0.02,0.0,0.04
,,,,Misc,0.0,0.0,0.04,0.0,0.04
,,,,Racing,0.0,0.0,0.04,0.0,0.04
,,,,Role-Playing,0.04,0.0,0.0,0.0,0.04
,,,,Action,0.0,0.03,0.0,0.01,0.04
,,,,Sports,0.04,0.0,0.0,0.0,0.04
,,,,Adventure,0.04,0.0,0.0,0.0,0.04
,,,,Puzzle,0.0,0.0,0.04,0.0,0.04
,,,,Fighting,0.0,0.01,0.03,0.0,0.04
,,,,Adventure,0.04,0.0,0.0,0.0,0.04
,,,,Shooter,0.04,0.0,0.0,0.0,0.04
,,,,Racing,0.0,0.02,0.02,0.01,0.04
,,,,Misc,0.04,0.0,0.0,0.0,0.04
,,,,Adventure,0.04,0.0,0.0,0.0,0.04
,,,,Role-Playing,0.04,0.0,0.0,0.0,0.04
,,,,Action,0.0,0.04,0.0,0.0,0.04
,,,,Adventure,0.04,0.0,0.0,0.0,0.04
,,,,Strategy,0.0,0.03,0.0,0.01,0.04
,,,,Sports,0.0,0.01,0.03,0.0,0.04
,,,,Simulation,0.0,0.0,0.04,0.0,0.04
,,,,Role-Playing,0.04,0.0,0.0,0.0,0.04
,,,,Action,0.0,0.02,0.02,0.01,0.04
,,,,Misc,0.0,0.0,0.04,0.0,0.04
,,,,Adventure,0.04,0.0,0.0,0.0,0.04
,,,,Strategy,0.0,0.0,0.03,0.01,0.04
,,,,Sports,0.0,0.02,0.02,0.01,0.04
,,,,Fighting,0.04,0.0,0.0,0.0,0.04
,,,,Misc,0.04,0.0,0.0,0.0,0.04
,,,,Platform,0.0,0.01,0.03,0.0,0.04
,,,,Role-Playing,0.0,0.03,0.0,0.01,0.04
,,,,Strategy,0.0,0.0,0.03,0.0,0.04
,,,,Fighting,0.0,0.0,0.04,0.0,0.04
,,,,Fighting,0.04,0.0,0.0,0.0,0.04
,,,,Misc,0.0,0.04,0.0,0.0,0.04
,,,,Role-Playing,0.04,0.0,0.0,0.0,0.04
,,,,Adventure,0.04,0.0,0.0,0.0,0.04
,,,,Adventure,0.0,0.03,0.0,0.01,0.04
,,,,Adventure,0.04,0.0,0.0,0.0,0.04
,,,,Sports,0.0,0.0,0.03,0.0,0.04
,,,,Strategy,0.0,0.03,0.0,0.01,0.04
,,,,Action,0.0,0.01,0.03,0.0,0.04
,,,,Puzzle,0.04,0.0,0.0,0.0,0.04
,,,,Action,0.0,0.0,0.04,0.0,0.04
,,,,Shooter,0.0,0.0,0.03,0.0,0.04
,,,,Strategy,0.04,0.0,0.0,0.0,0.04
,,,,Puzzle,0.0,0.0,0.04,0.0,0.04
,,,,Misc,0.04,0.0,0.0,0.0,0.04
,,,,Simulation,0.04,0.0,0.0,0.0,0.04
,,,,Misc,0.0,0.01,0.03,0.0,0.04
,,,,Adventure,0.04,0.0,0.0,0.0,0.04
,,,,Adventure,0.04,0.0,0.0,0.0,0.04
,,,,Action,0.0,0.03,0.0,0.01,0.04
,,,,Fighting,0.04,0.0,0.0,0.0,0.04
,,,,Action,0.04,0.0,0.0,0.0,0.04
,,,,Fighting,0.02,0.0,0.02,0.0,0.04
,,,,Sports,0.0,0.0,0.04,0.0,0.04
,,,,Shooter,0.0,0.0,0.03,0.0,0.04
,,,,Role-Playing,0.04,0.0,0.0,0.0,0.04
,,,,Adventure,0.04,0.0,0.0,0.0,0.04
,,,,Adventure,0.04,0.0,0.0,0.0,0.04
,,,,Fighting,0.0,0.01,0.02,0.0,0.04
,,,,Action,0.0,0.01,0.02,0.0,0.04
,,,,Adventure,0.04,0.0,0.0,0.0,0.04
,,,,Puzzle,0.0,0.0,0.04,0.0,0.04
,,,,Racing,0.0,0.01,0.03,0.0,0.04
,,,,Adventure,0.04,0.0,0.0,0.0,0.04
,,,,Racing,0.0,0.03,0.0,0.0,0.04
,,,,Action,0.0,0.0,0.04,0.0,0.04
,,,,Sports,0.0,0.02,0.02,0.0,0.04
,,,,Strategy,0.0,0.01,0.02,0.0,0.04
,,,,Action,0.0,0.03,0.01,0.0,0.04
,,,,Fighting,0.04,0.0,0.0,0.0,0.04
,,,,Action,0.0,0.01,0.02,0.0,0.04
,,,,Sports,0.0,0.01,0.03,0.0,0.04
,,,,Shooter,0.0,0.0,0.04,0.0,0.04
,,,,Action,0.04,0.0,0.0,0.0,0.04
,,,,Role-Playing,0.0,0.03,0.0,0.01,0.04
,,,,Action,0.04,0.0,0.0,0.0,0.04
,,,,Simulation,0.0,0.03,0.01,0.01,0.04
,,,,Racing,0.0,0.03,0.0,0.01,0.04
,,,,Adventure,0.0,0.01,0.03,0.0,0.04
,,,,Simulation,0.0,0.04,0.0,0.0,0.04
,,,,Misc,0.04,0.0,0.0,0.0,0.04
,,,,Action,0.04,0.0,0.0,0.0,0.04
,,,,Simulation,0.0,0.01,0.02,0.0,0.04
,,,,Misc,0.04,0.0,0.0,0.0,0.04
,,,,Adventure,0.04,0.0,0.0,0.0,0.04
,,,,Fighting,0.0,0.01,0.03,0.0,0.04
,,,,Misc,0.0,0.01,0.02,0.0,0.04
,,,,Misc,0.0,0.01,0.02,0.0,0.04
,,,,Adventure,0.04,0.0,0.0,0.0,0.04
,,,,Sports,0.0,0.01,0.02,0.0,0.04
,,,,Sports,0.0,0.01,0.02,0.0,0.04
,,,,Strategy,0.03,0.0,0.01,0.0,0.04
,,,,Action,0.0,0.02,0.01,0.01,0.04
,,,,Sports,0.0,0.02,0.01,0.01,0.04
,,,,Sports,0.0,0.0,0.03,0.0,0.04
,,,,Strategy,0.0,0.02,0.01,0.01,0.04
,,,,Role-Playing,0.04,0.0,0.0,0.0,0.04
,,,,Role-Playing,0.04,0.0,0.0,0.0,0.04
,,,,Adventure,0.0,0.01,0.02,0.0,0.04
,,,,Simulation,0.0,0.03,0.01,0.01,0.04
,,,,Puzzle,0.0,0.0,0.03,0.0,0.04
,,,,Adventure,0.0,0.01,0.03,0.0,0.04
,,,,Strategy,0.0,0.01,0.02,0.0,0.04
,,,,Action,0.04,0.0,0.0,0.0,0.04
,,,,Puzzle,0.0,0.01,0.03,0.0,0.04
,,,,Simulation,0.04,0.0,0.0,0.0,0.04
,,,,Role-Playing,0.04,0.0,0.0,0.0,0.04
,,,,Role-Playing,0.04,0.0,0.0,0.0,0.04
,,,,Racing,0.0,0.01,0.03,0.0,0.04
,,,,Puzzle,0.0,0.01,0.02,0.0,0.04
,,,,Puzzle,0.0,0.04,0.0,0.0,0.04
,,,,Misc,0.04,0.0,0.0,0.0,0.04
,,,,Strategy,0.0,0.03,0.0,0.01,0.04
,,,,Racing,0.04,0.0,0.0,0.0,0.04
,,,,Action,0.0,0.0,0.03,0.0,0.04
,,,,Misc,0.0,0.04,0.0,0.0,0.04
,,,,Action,0.04,0.0,0.0,0.0,0.04
,,,,Action,0.0,0.03,0.0,0.01,0.04
,,,,Fighting,0.0,0.01,0.03,0.0,0.04
,,,,Misc,0.0,0.0,0.04,0.0,0.04
,,,,Sports,0.0,0.0,0.04,0.0,0.04
,,,,Action,0.0,0.01,0.02,0.0,0.04
,,,,Action,0.0,0.04,0.0,0.0,0.04
,,,,Racing,0.0,0.0,0.04,0.0,0.04
,,,,Sports,0.0,0.03,0.0,0.01,0.04
,,,,Adventure,0.04,0.0,0.0,0.0,0.04
,,,,Racing,0.0,0.02,0.0,0.01,0.04
,,,,Shooter,0.0,0.02,0.01,0.01,0.04
,,,,Misc,0.02,0.0,0.01,0.0,0.04
,,,,Action,0.04,0.0,0.0,0.0,0.04
,,,,Action,0.04,0.0,0.0,0.0,0.04
,,,,Racing,0.0,0.01,0.03,0.0,0.04
,,,,Misc,0.0,0.0,0.03,0.0,0.04
,,,,Misc,0.0,0.03,0.0,0.0,0.04
,,,,Misc,0.04,0.0,0.0,0.0,0.04
,,,,Racing,0.0,0.03,0.0,0.01,0.04
,,,,Racing,0.0,0.01,0.02,0.01,0.04
,,,,Puzzle,0.04,0.0,0.0,0.0,0.04
,,,,Strategy,0.0,0.0,0.04,0.0,0.04
,,,,Platform,0.0,0.01,0.02,0.0,0.04
,,,,Adventure,0.0,0.0,0.04,0.0,0.04
,,,,Action,0.04,0.0,0.0,0.0,0.04
,,,,Adventure,0.0,0.01,0.02,0.0,0.04
,,,,Shooter,0.0,0.01,0.02,0.0,0.04
,,,,Action,0.04,0.0,0.0,0.0,0.04
,,,,Sports,0.04,0.0,0.0,0.0,0.04
,,,,Puzzle,0.0,0.02,0.02,0.0,0.04
,,,,Action,0.0,0.03,0.0,0.01,0.04
,,,,Action,0.0,0.03,0.0,0.01,0.04
,,,,Strategy,0.0,0.01,0.02,0.0,0.04
,,,,Shooter,0.0,0.01,0.02,0.0,0.04
,,,,Misc,0.0,0.0,0.04,0.0,0.04
,,,,Sports,0.0,0.01,0.02,0.0,0.04
,,,,Action,0.0,0.04,0.0,0.0,0.04
,,,,Adventure,0.0,0.03,0.0,0.01,0.04
,,,,Simulation,0.0,0.01,0.02,0.0,0.04
,,,,Action,0.0,0.01,0.03,0.0,0.04
,,,,Fighting,0.04,0.0,0.0,0.0,0.04
,,,,Misc,0.0,0.01,0.02,0.0,0.04
,,,,Strategy,0.0,0.04,0.0,0.0,0.04
,,,,Action,0.0,0.01,0.03,0.0,0.04
,,,,Action,0.0,0.0,0.03,0.0,0.04
,,,,Misc,0.0,0.01,0.02,0.0,0.04
,,,,Action,0.04,0.0,0.0,0.0,0.04
,,,,Action,0.0,0.01,0.03,0.0,0.04
,,,,Action,0.04,0.0,0.0,0.0,0.04
,,,,Sports,0.0,0.04,0.0,0.0,0.04
,,,,Adventure,0.0,0.01,0.02,0.0,0.04
,,,,Misc,0.04,0.0,0.0,0.0,0.04
,,,,Shooter,0.0,0.01,0.03,0.0,0.04
,,,,Strategy,0.04,0.0,0.0,0.0,0.04
,,,,Adventure,0.04,0.0,0.0,0.0,0.04
,,,,Sports,0.04,0.0,0.0,0.0,0.04
,,,,Simulation,0.0,0.04,0.0,0.0,0.04
,,,,Adventure,0.04,0.0,0.0,0.0,0.04
,,,,Adventure,0.04,0.0,0.0,0.0,0.04
,,,,Simulation,0.0,0.0,0.03,0.0,0.04
,,,,Sports,0.0,0.01,0.03,0.0,0.04
,,,,Shooter,0.0,0.0,0.03,0.0,0.04
,,,,Misc,0.04,0.0,0.0,0.0,0.04
,,,,Sports,0.04,0.0,0.0,0.0,0.04
,,,,Adventure,0.04,0.0,0.0,0.0,0.04
,,,,Racing,0.0,0.0,0.03,0.0,0.04
,,,,Adventure,0.04,0.0,0.0,0.0,0.04
,,,,Sports,0.0,0.0,0.03,0.0,0.04
,,,,Shooter,0.0,0.0,0.03,0.0,0.04
,,,,Misc,0.0,0.0,0.03,0.0,0.04
,,,,Action,0.0,0.0,0.03,0.0,0.04
,,,,Role-Playing,0.0,0.01,0.02,0.0,0.04
,,,,Strategy,0.0,0.03,0.0,0.01,0.04
,,,,Role-Playing,0.04,0.0,0.0,0.0,0.04
,,,,Racing,0.0,0.01,0.03,0.0,0.04
,,,,Racing,0.0,0.0,0.03,0.0,0.04
,,,,Shooter,0.0,0.0,0.03,0.0,0.04
,,,,Adventure,0.0,0.0,0.03,0.0,0.04
,,,,Role-Playing,0.04,0.0,0.0,0.0,0.04
,,,,Action,0.0,0.03,0.01,0.0,0.04
,,,,Action,0.0,0.03,0.0,0.0,0.04
,,,,Role-Playing,0.0,0.01,0.03,0.01,0.04
,,,,Sports,0.0,0.01,0.02,0.0,0.04
,,,,Simulation,0.0,0.0,0.03,0.0,0.04
,,,,Adventure,0.04,0.0,0.0,0.0,0.04
,,,,Action,0.0,0.01,0.02,0.0,0.04
,,,,Shooter,0.0,0.01,0.03,0.0,0.04
,,,,Adventure,0.04,0.0,0.0,0.0,0.04
,,,,Shooter,0.0,0.03,0.0,0.0,0.04
,,,,Misc,0.04,0.0,0.0,0.0,0.04
,,,,Puzzle,0.0,0.0,0.03,0.0,0.04
,,,,Action,0.0,0.01,0.03,0.0,0.04
,,,,Role-Playing,0.04,0.0,0.0,0.0,0.04
,,,,Racing,0.04,0.0,0.0,0.0,0.04
,,,,Shooter,0.0,0.0,0.03,0.0,0.04
,,,,Platform,0.0,0.01,0.03,0.0,0.04
,,,,Sports,0.0,0.03,0.0,0.01,0.04
,,,,Fighting,0.04,0.0,0.0,0.0,0.04
,,,,Strategy,0.04,0.0,0.0,0.0,0.04
,,,,Role-Playing,0.0,0.01,0.02,0.0,0.04
,,,,Action,0.04,0.0,0.0,0.0,0.04
,,,,Puzzle,0.0,0.01,0.02,0.0,0.04
,,,,Adventure,0.04,0.0,0.0,0.0,0.04
,,,,Role-Playing,0.04,0.0,0.0,0.0,0.04
,,,,Adventure,0.04,0.0,0.0,0.0,0.04
,,,,Action,0.0,0.01,0.03,0.0,0.04
,,,,Platform,0.0,0.03,0.0,0.01,0.04
,,,,Misc,0.04,0.0,0.0,0.0,0.04
,,,,Misc,0.04,0.0,0.0,0.0,0.04
,,,,Strategy,0.0,0.03,0.0,0.0,0.04
,,,,Platform,0.0,0.01,0.03,0.0,0.04
,,,,Action,0.0,0.0,0.03,0.01,0.04
,,,,Adventure,0.04,0.0,0.0,0.0,0.04
,,,,Strategy,0.04,0.0,0.0,0.0,0.04
,,,,Role-Playing,0.04,0.0,0.0,0.0,0.04
,,,,Fighting,0.0,0.01,0.02,0.0,0.04
,,,,Adventure,0.0,0.03,0.0,0.0,0.04
,,,,Adventure,0.04,0.0,0.0,0.0,0.04
,,,,Role-Playing,0.0,0.01,0.02,0.0,0.04
,,,,Sports,0.0,0.03,0.0,0.01,0.04
,,,,Shooter,0.0,0.02,0.01,0.0,0.04
,,,,Misc,0.0,0.01,0.02,0.0,0.04
,,,,Puzzle,0.0,0.0,0.03,0.0,0.04
,,,,Racing,0.04,0.0,0.0,0.0,0.04
,,,,Shooter,0.0,0.01,0.02,0.0,0.04
,,,,Misc,0.04,0.0,0.0,0.0,0.04
,,,,Racing,0.0,0.01,0.03,0.0,0.04
,,,,Strategy,0.0,0.02,0.01,0.0,0.04
,,,,Fighting,0.04,0.0,0.0,0.0,0.04
,,,,Action,0.0,0.01,0.03,0.0,0.04
,,,,Puzzle,0.0,0.01,0.02,0.0,0.04
,,,,Adventure,0.04,0.0,0.0,0.0,0.04
,,,,Action,0.0,0.01,0.02,0.01,0.04
,,,,Puzzle,0.0,0.0,0.03,0.0,0.04
,,,,Action,0.0,0.01,0.03,0.0,0.04
,,,,Role-Playing,0.04,0.0,0.0,0.0,0.04
,,,,Shooter,0.0,0.01,0.03,0.0,0.04
,,,,Puzzle,0.0,0.03,0.0,0.01,0.04
,,,,Misc,0.04,0.0,0.0,0.0,0.04
,,,,Adventure,0.04,0.0,0.0,0.0,0.04
,,,,Strategy,0.04,0.0,0.0,0.0,0.04
,,,,Adventure,0.04,0.0,0.0,0.0,0.04
,,,,Puzzle,0.0,0.0,0.03,0.0,0.04
,,,,Adventure,0.04,0.0,0.0,0.0,0.04
,,,,Strategy,0.0,0.03,0.0,0.01,0.04
,,,,Sports,0.0,0.01,0.03,0.0,0.04
,,,,Sports,0.04,0.0,0.0,0.0,0.04
,,,,Shooter,0.0,0.03,0.0,0.01,0.04
,,,,Sports,0.04,0.0,0.0,0.0,0.04
,,,,Shooter,0.0,0.01,0.02,0.0,0.04
,,,,Role-Playing,0.04,0.0,0.0,0.0,0.04
,,,,Adventure,0.04,0.0,0.0,0.0,0.04
,,,,Misc,0.0,0.01,0.02,0.0,0.04
,,,,Action,0.04,0.0,0.0,0.0,0.04
,,,,Strategy,0.0,0.03,0.0,0.01,0.04
,,,,Misc,0.0,0.01,0.02,0.0,0.04
,,,,Simulation,0.0,0.0,0.03,0.0,0.04
,,,,Sports,0.0,0.01,0.03,0.0,0.04
,,,,Shooter,0.0,0.01,0.03,0.0,0.04
,,,,Sports,0.0,0.0,0.03,0.0,0.04
,,,,Sports,0.04,0.0,0.0,0.0,0.04
,,,,Adventure,0.0,0.01,0.03,0.0,0.04
,,,,Strategy,0.0,0.03,0.0,0.01,0.04
,,,,Strategy,0.04,0.0,0.0,0.0,0.04
,,,,Misc,0.04,0.0,0.0,0.0,0.04
,,,,Action,0.0,0.03,0.0,0.01,0.04
,,,,Shooter,0.04,0.0,0.0,0.0,0.04
,,,,Misc,0.0,0.02,0.01,0.0,0.04
,,,,Misc,0.0,0.0,0.03,0.0,0.04
,,,,Action,0.0,0.01,0.03,0.0,0.04
,,,,Action,0.0,0.03,0.0,0.0,0.04
,,,,Role-Playing,0.04,0.0,0.0,0.0,0.04
,,,,Fighting,0.0,0.0,0.03,0.0,0.04
,,,,Sports,0.0,0.03,0.0,0.01,0.04
,,,,Role-Playing,0.0,0.01,0.02,0.0,0.04
,,,,Role-Playing,0.0,0.03,0.0,0.01,0.04
,,,,Misc,0.0,0.0,0.03,0.0,0.04
,,,,Role-Playing,0.0,0.03,0.0,0.01,0.04
,,,,Action,0.0,0.02,0.01,0.0,0.04
,,,,Strategy,0.04,0.0,0.0,0.0,0.04
,,,,Simulation,0.0,0.03,0.0,0.01,0.04
,,,,Role-Playing,0.04,0.0,0.0,0.0,0.04
,,,,Strategy,0.0,0.03,0.0,0.0,0.04
,,,,Role-Playing,0.04,0.0,0.0,0.0,0.04
,,,,Misc,0.0,0.0,0.03,0.0,0.04
,,,,Action,0.04,0.0,0.0,0.0,0.04
,,,,Simulation,0.0,0.0,0.03,0.0,0.04
,,,,Action,0.0,0.0,0.03,0.0,0.04
,,,,Role-Playing,0.04,0.0,0.0,0.0,0.04
,,,,Strategy,0.0,0.03,0.0,0.01,0.04
,,,,Adventure,0.04,0.0,0.0,0.0,0.04
,,,,Puzzle,0.0,0.03,0.0,0.0,0.04
,,,,Platform,0.0,0.01,0.03,0.0,0.04
,,,,Misc,0.0,0.01,0.03,0.0,0.04
,,,,Puzzle,0.0,0.03,0.0,0.0,0.04
,,,,Misc,0.0,0.0,0.03,0.0,0.04
,,,,Role-Playing,0.0,0.0,0.04,0.0,0.04
,,,,Role-Playing,0.0,0.02,0.01,0.01,0.04
,,,,Role-Playing,0.0,0.0,0.03,0.0,0.04
,,,,Action,0.0,0.01,0.02,0.01,0.04
,,,,Action,0.0,0.03,0.0,0.0,0.04
,,,,Racing,0.0,0.0,0.03,0.0,0.04
,,,,Strategy,0.0,0.03,0.0,0.01,0.04
,,,,Strategy,0.0,0.03,0.0,0.01,0.04
,,,,Racing,0.0,0.01,0.02,0.0,0.04
,,,,Role-Playing,0.0,0.01,0.03,0.0,0.04
,,,,Sports,0.0,0.0,0.03,0.01,0.04
,,,,Puzzle,0.0,0.0,0.03,0.0,0.04
,,,,Action,0.0,0.03,0.0,0.01,0.04
,,,,Action,0.0,0.03,0.0,0.01,0.04
,,,,Action,0.0,0.03,0.0,0.01,0.04
,,,,Adventure,0.04,0.0,0.0,0.0,0.04
,,,,Shooter,0.0,0.01,0.03,0.0,0.04
,,,,Action,0.04,0.0,0.0,0.0,0.04
,,,,Misc,0.0,0.01,0.02,0.0,0.04
,,,,Shooter,0.0,0.03,0.0,0.01,0.04
,,,,Shooter,0.0,0.0,0.03,0.0,0.04
,,,,Adventure,0.04,0.0,0.0,0.0,0.04
,,,,Adventure,0.0,0.02,0.01,0.01,0.04
,,,,Platform,0.04,0.0,0.0,0.0,0.04
,,,,Adventure,0.04,0.0,0.0,0.0,0.04
,,,,Role-Playing,0.0,0.03,0.0,0.0,0.04
,,,,Action,0.04,0.0,0.0,0.0,0.04
,,,,Role-Playing,0.04,0.0,0.0,0.0,0.04
,,,,Sports,0.0,0.0,0.03,0.0,0.03
,,,,Strategy,0.03,0.0,0.0,0.0,0.03
,,,,Simulation,0.0,0.01,0.02,0.0,0.03
,,,,Sports,0.0,0.03,0.0,0.0,0.03
,,,,Racing,0.03,0.0,0.0,0.0,0.03
,,,,Action,0.0,0.01,0.02,0.0,0.03
,,,,Action,0.0,0.03,0.0,0.0,0.03
,,,,Action,0.0,0.01,0.03,0.0,0.03
,,,,Action,0.03,0.0,0.0,0.0,0.03
,,,,Shooter,0.0,0.0,0.03,0.0,0.03
,,,,Misc,0.03,0.0,0.0,0.0,0.03
,,,,Misc,0.03,0.0,0.0,0.0,0.03
,,,,Strategy,0.0,0.03,0.0,0.01,0.03
,,,,Misc,0.0,0.03,0.0,0.0,0.03
,,,,Action,0.0,0.03,0.0,0.01,0.03
,,,,Racing,0.0,0.01,0.03,0.0,0.03
,,,,Adventure,0.01,0.0,0.02,0.0,0.03
,,,,Misc,0.03,0.0,0.0,0.0,0.03
,,,,Sports,0.0,0.01,0.03,0.0,0.03
,,,,Role-Playing,0.03,0.0,0.0,0.0,0.03
,,,,Puzzle,0.03,0.0,0.0,0.0,0.03
,,,,Action,0.0,0.01,0.02,0.0,0.03
,,,,Shooter,0.03,0.0,0.0,0.0,0.03
,,,,Action,0.0,0.0,0.03,0.0,0.03
,,,,Action,0.0,0.01,0.02,0.0,0.03
,,,,Simulation,0.0,0.03,0.0,0.01,0.03
,,,,Simulation,0.03,0.0,0.0,0.0,0.03
,,,,Sports,0.0,0.03,0.0,0.01,0.03
,,,,Action,0.03,0.0,0.0,0.0,0.03
,,,,Adventure,0.03,0.0,0.0,0.0,0.03
,,,,Action,0.03,0.0,0.0,0.0,0.03
,,,,Fighting,0.0,0.01,0.02,0.0,0.03
,,,,Puzzle,0.0,0.03,0.0,0.0,0.03
,,,,Racing,0.0,0.0,0.03,0.0,0.03
,,,,Adventure,0.0,0.03,0.0,0.01,0.03
,,,,Racing,0.0,0.01,0.03,0.0,0.03
,,,,Misc,0.03,0.0,0.0,0.0,0.03
,,,,Racing,0.0,0.0,0.03,0.0,0.03
,,,,Action,0.0,0.01,0.02,0.0,0.03
,,,,Shooter,0.0,0.01,0.02,0.0,0.03
,,,,Shooter,0.0,0.0,0.03,0.01,0.03
,,,,Misc,0.0,0.01,0.02,0.0,0.03
,,,,Misc,0.0,0.03,0.0,0.0,0.03
,,,,Role-Playing,0.03,0.0,0.0,0.0,0.03
,,,,Sports,0.0,0.03,0.0,0.0,0.03
,,,,Misc,0.03,0.0,0.0,0.0,0.03
,,,,Sports,0.0,0.0,0.03,0.0,0.03
,,,,Role-Playing,0.03,0.0,0.0,0.0,0.03
,,,,Shooter,0.0,0.03,0.0,0.01,0.03
,,,,Racing,0.03,0.0,0.0,0.0,0.03
,,,,Sports,0.0,0.01,0.02,0.0,0.03
,,,,Sports,0.0,0.01,0.03,0.0,0.03
,,,,Platform,0.0,0.0,0.03,0.0,0.03
,,,,Action,0.03,0.0,0.0,0.0,0.03
,,,,Strategy,0.0,0.01,0.02,0.0,0.03
,,,,Adventure,0.03,0.0,0.0,0.0,0.03
,,,,Action,0.03,0.0,0.0,0.0,0.03
,,,,Action,0.0,0.01,0.02,0.0,0.03
,,,,Action,0.0,0.03,0.0,0.0,0.03
,,,,Adventure,0.03,0.0,0.0,0.0,0.03
,,,,Adventure,0.03,0.0,0.0,0.0,0.03
,,,,Strategy,0.0,0.03,0.0,0.01,0.03
,,,,Platform,0.0,0.01,0.02,0.0,0.03
,,,,Adventure,0.03,0.0,0.0,0.0,0.03
,,,,Strategy,0.0,0.03,0.0,0.01,0.03
,,,,Misc,0.03,0.0,0.0,0.0,0.03
,,,,Racing,0.0,0.01,0.03,0.0,0.03
,,,,Puzzle,0.0,0.0,0.03,0.0,0.03
,,,,Racing,0.0,0.0,0.03,0.0,0.03
,,,,Simulation,0.0,0.0,0.03,0.0,0.03
,,,,Action,0.0,0.0,0.03,0.0,0.03
,,,,Racing,0.0,0.01,0.02,0.0,0.03
,,,,Shooter,0.0,0.01,0.03,0.0,0.03
,,,,Role-Playing,0.03,0.0,0.0,0.0,0.03
,,,,Strategy,0.03,0.0,0.0,0.0,0.03
,,,,Role-Playing,0.03,0.0,0.0,0.0,0.03
,,,,Misc,0.0,0.03,0.0,0.0,0.03
,,,,Action,0.03,0.0,0.0,0.0,0.03
,,,,Shooter,0.0,0.01,0.02,0.0,0.03
,,,,Role-Playing,0.0,0.0,0.03,0.0,0.03
,,,,Misc,0.03,0.0,0.0,0.0,0.03
,,,,Shooter,0.0,0.01,0.03,0.0,0.03
,,,,Sports,0.03,0.0,0.0,0.0,0.03
,,,,Puzzle,0.0,0.0,0.03,0.0,0.03
,,,,Sports,0.03,0.0,0.0,0.0,0.03
,,,,Racing,0.0,0.01,0.02,0.01,0.03
,,,,Misc,0.03,0.0,0.0,0.0,0.03
,,,,Puzzle,0.0,0.02,0.01,0.01,0.03
,,,,Action,0.0,0.01,0.02,0.0,0.03
,,,,Action,0.0,0.01,0.02,0.0,0.03
,,,,Role-Playing,0.0,0.01,0.02,0.0,0.03
,,,,Simulation,0.03,0.0,0.0,0.0,0.03
,,,,Action,0.0,0.01,0.02,0.0,0.03
,,,,Strategy,0.03,0.0,0.0,0.0,0.03
,,,,Misc,0.02,0.0,0.01,0.0,0.03
,,,,Sports,0.0,0.01,0.03,0.0,0.03
,,,,Strategy,0.03,0.0,0.0,0.0,0.03
,,,,Sports,0.0,0.01,0.02,0.0,0.03
,,,,Adventure,0.0,0.01,0.02,0.0,0.03
,,,,Adventure,0.03,0.0,0.0,0.0,0.03
,,,,Role-Playing,0.03,0.0,0.0,0.0,0.03
,,,,Fighting,0.03,0.0,0.0,0.0,0.03
,,,,Platform,0.0,0.01,0.02,0.0,0.03
,,,,Sports,0.03,0.0,0.0,0.0,0.03
,,,,Adventure,0.03,0.0,0.0,0.0,0.03
,,,,Role-Playing,0.03,0.0,0.0,0.0,0.03
,,,,Shooter,0.0,0.03,0.0,0.01,0.03
,,,,Racing,0.0,0.01,0.03,0.0,0.03
,,,,Racing,0.0,0.0,0.03,0.0,0.03
,,,,Action,0.03,0.0,0.0,0.0,0.03
,,,,Sports,0.03,0.0,0.0,0.0,0.03
,,,,Role-Playing,0.03,0.0,0.0,0.0,0.03
,,,,Action,0.0,0.01,0.02,0.0,0.03
,,,,Racing,0.0,0.03,0.0,0.01,0.03
,,,,Action,0.03,0.0,0.0,0.0,0.03
,,,,Adventure,0.03,0.0,0.0,0.0,0.03
,,,,Action,0.0,0.03,0.0,0.01,0.03
,,,,Action,0.0,0.03,0.0,0.0,0.03
,,,,Sports,0.0,0.01,0.02,0.0,0.03
,,,,Misc,0.03,0.0,0.0,0.0,0.03
,,,,Role-Playing,0.03,0.0,0.0,0.0,0.03
,,,,Shooter,0.0,0.03,0.0,0.01,0.03
,,,,Simulation,0.03,0.0,0.0,0.0,0.03
,,,,Action,0.0,0.0,0.03,0.0,0.03
,,,,Adventure,0.0,0.01,0.02,0.0,0.03
,,,,Shooter,0.0,0.01,0.03,0.0,0.03
,,,,Platform,0.0,0.01,0.02,0.0,0.03
,,,,Platform,0.03,0.0,0.0,0.0,0.03
,,,,Adventure,0.03,0.0,0.0,0.0,0.03
,,,,Fighting,0.03,0.0,0.0,0.0,0.03
,,,,Sports,0.0,0.03,0.0,0.0,0.03
,,,,Role-Playing,0.03,0.0,0.0,0.0,0.03
,,,,Role-Playing,0.03,0.0,0.0,0.0,0.03
,,,,Adventure,0.0,0.01,0.02,0.0,0.03
,,,,Adventure,0.0,0.0,0.03,0.0,0.03
,,,,Racing,0.0,0.0,0.03,0.01,0.03
,,,,Adventure,0.03,0.0,0.0,0.0,0.03
,,,,Simulation,0.0,0.03,0.0,0.01,0.03
,,,,Adventure,0.0,0.0,0.03,0.0,0.03
,,,,Sports,0.0,0.01,0.02,0.0,0.03
,,,,Action,0.0,0.03,0.0,0.0,0.03
,,,,Simulation,0.03,0.0,0.0,0.0,0.03
,,,,Misc,0.03,0.0,0.0,0.0,0.03
,,,,Adventure,0.03,0.0,0.0,0.0,0.03
,,,,Racing,0.0,0.0,0.03,0.0,0.03
,,,,Racing,0.0,0.03,0.0,0.0,0.03
,,,,Action,0.0,0.03,0.0,0.0,0.03
,,,,Shooter,0.0,0.01,0.02,0.0,0.03
,,,,Fighting,0.0,0.0,0.03,0.0,0.03
,,,,Action,0.03,0.0,0.0,0.0,0.03
,,,,Action,0.03,0.0,0.0,0.0,0.03
,,,,Action,0.0,0.03,0.0,0.0,0.03
,,,,Action,0.0,0.01,0.02,0.0,0.03
,,,,Sports,0.0,0.01,0.02,0.0,0.03
,,,,Puzzle,0.0,0.0,0.03,0.0,0.03
,,,,Adventure,0.0,0.03,0.0,0.01,0.03
,,,,Misc,0.0,0.0,0.03,0.0,0.03
,,,,Racing,0.0,0.0,0.03,0.0,0.03
,,,,Platform,0.0,0.01,0.02,0.0,0.03
,,,,Platform,0.0,0.0,0.03,0.0,0.03
,,,,Simulation,0.03,0.0,0.0,0.0,0.03
,,,,Role-Playing,0.03,0.0,0.0,0.0,0.03
,,,,Strategy,0.03,0.0,0.0,0.0,0.03
,,,,Racing,0.0,0.03,0.0,0.01,0.03
,,,,Racing,0.0,0.01,0.02,0.0,0.03
,,,,Racing,0.0,0.0,0.03,0.0,0.03
,,,,Strategy,0.0,0.03,0.0,0.01,0.03
,,,,Strategy,0.0,0.03,0.0,0.01,0.03
,,,,Adventure,0.0,0.01,0.02,0.0,0.03
,,,,Puzzle,0.0,0.02,0.01,0.01,0.03
,,,,Misc,0.03,0.0,0.0,0.0,0.03
,,,,Sports,0.03,0.0,0.0,0.0,0.03
,,,,Sports,0.03,0.0,0.0,0.0,0.03
,,,,Puzzle,0.0,0.01,0.03,0.0,0.03
,,,,Misc,0.0,0.0,0.03,0.0,0.03
,,,,Role-Playing,0.03,0.0,0.0,0.0,0.03
,,,,Action,0.0,0.03,0.0,0.0,0.03
,,,,Role-Playing,0.03,0.0,0.0,0.0,0.03
,,,,Action,0.03,0.0,0.0,0.0,0.03
,,,,Simulation,0.0,0.01,0.02,0.0,0.03
,,,,Sports,0.0,0.01,0.03,0.0,0.03
,,,,Simulation,0.03,0.0,0.0,0.0,0.03
,,,,Simulation,0.03,0.0,0.0,0.0,0.03
,,,,Misc,0.0,0.03,0.0,0.01,0.03
,,,,Adventure,0.0,0.0,0.03,0.0,0.03
,,,,Adventure,0.0,0.03,0.0,0.01,0.03
,,,,Puzzle,0.0,0.0,0.03,0.0,0.03
,,,,Action,0.0,0.01,0.03,0.0,0.03
,,,,Strategy,0.03,0.0,0.0,0.0,0.03
,,,,Strategy,0.03,0.0,0.0,0.0,0.03
,,,,Action,0.0,0.01,0.02,0.0,0.03
,,,,Adventure,0.0,0.0,0.03,0.0,0.03
,,,,Simulation,0.0,0.0,0.03,0.0,0.03
,,,,Role-Playing,0.03,0.0,0.0,0.0,0.03
,,,,Action,0.0,0.01,0.02,0.0,0.03
,,,,Role-Playing,0.0,0.0,0.03,0.0,0.03
,,,,Fighting,0.03,0.0,0.0,0.0,0.03
,,,,Misc,0.03,0.0,0.0,0.0,0.03
,,,,Misc,0.03,0.0,0.0,0.0,0.03
,,,,Adventure,0.03,0.0,0.0,0.0,0.03
,,,,Sports,0.0,0.01,0.02,0.0,0.03
,,,,Strategy,0.0,0.02,0.01,0.01,0.03
,,,,Simulation,0.0,0.0,0.03,0.0,0.03
,,,,Action,0.01,0.01,0.02,0.0,0.03
,,,,Simulation,0.0,0.01,0.02,0.0,0.03
,,,,Misc,0.0,0.0,0.03,0.0,0.03
,,,,Adventure,0.03,0.0,0.0,0.0,0.03
,,,,Platform,0.03,0.0,0.0,0.0,0.03
,,,,Platform,0.0,0.0,0.03,0.0,0.03
,,,,Platform,0.0,0.01,0.02,0.0,0.03
,,,,Adventure,0.0,0.02,0.0,0.01,0.03
,,,,Adventure,0.0,0.03,0.0,0.0,0.03
,,,,Misc,0.03,0.0,0.0,0.0,0.03
,,,,Action,0.0,0.0,0.03,0.0,0.03
,,,,Simulation,0.0,0.0,0.03,0.0,0.03
,,,,Fighting,0.03,0.0,0.0,0.0,0.03
,,,,Simulation,0.03,0.0,0.0,0.0,0.03
,,,,Misc,0.0,0.0,0.03,0.0,0.03
,,,,Action,0.03,0.0,0.0,0.0,0.03
,,,,Misc,0.03,0.0,0.0,0.0,0.03
,,,,Misc,0.0,0.0,0.03,0.0,0.03
,,,,Action,0.0,0.03,0.0,0.0,0.03
,,,,Role-Playing,0.03,0.0,0.0,0.0,0.03
,,,,Racing,0.0,0.0,0.03,0.0,0.03
,,,,Misc,0.0,0.0,0.03,0.0,0.03
,,,,Platform,0.0,0.01,0.02,0.0,0.03
,,,,Adventure,0.03,0.0,0.0,0.0,0.03
,,,,Adventure,0.03,0.0,0.0,0.0,0.03
,,,,Adventure,0.0,0.01,0.02,0.0,0.03
,,,,Role-Playing,0.0,0.03,0.0,0.01,0.03
,,,,Misc,0.0,0.03,0.0,0.0,0.03
,,,,Misc,0.0,0.03,0.0,0.0,0.03
,,,,Adventure,0.0,0.03,0.0,0.0,0.03
,,,,Misc,0.03,0.0,0.0,0.0,0.03
,,,,Sports,0.0,0.0,0.03,0.0,0.03
,,,,Adventure,0.03,0.0,0.0,0.0,0.03
,,,,Role-Playing,0.03,0.0,0.0,0.0,0.03
,,,,Simulation,0.0,0.03,0.0,0.01,0.03
,,,,Role-Playing,0.03,0.0,0.0,0.0,0.03
,,,,Adventure,0.03,0.0,0.0,0.0,0.03
,,,,Sports,0.02,0.0,0.01,0.0,0.03
,,,,Simulation,0.03,0.0,0.0,0.0,0.03
,,,,Role-Playing,0.03,0.0,0.0,0.0,0.03
,,,,Misc,0.02,0.0,0.01,0.0,0.03
,,,,Racing,0.0,0.0,0.03,0.0,0.03
,,,,Simulation,0.03,0.0,0.0,0.0,0.03
,,,,Role-Playing,0.03,0.0,0.0,0.0,0.03
,,,,Misc,0.0,0.02,0.0,0.01,0.03
,,,,Adventure,0.03,0.0,0.0,0.0,0.03
,,,,Sports,0.03,0.0,0.0,0.0,0.03
,,,,Role-Playing,0.03,0.0,0.0,0.0,0.03
,,,,Misc,0.0,0.02,0.0,0.01,0.03
,,,,Action,0.03,0.0,0.0,0.0,0.03
,,,,Action,0.0,0.01,0.02,0.0,0.03
,,,,Adventure,0.0,0.03,0.0,0.0,0.03
,,,,Misc,0.0,0.02,0.01,0.0,0.03
,,,,Platform,0.0,0.01,0.02,0.0,0.03
,,,,Action,0.0,0.01,0.02,0.0,0.03
,,,,Misc,0.03,0.0,0.0,0.0,0.03
,,,,Adventure,0.03,0.0,0.0,0.0,0.03
,,,,Action,0.01,0.02,0.0,0.0,0.03
,,,,Action,0.03,0.0,0.0,0.0,0.03
,,,,Action,0.0,0.01,0.02,0.0,0.03
,,,,Role-Playing,0.0,0.0,0.03,0.0,0.03
,,,,Role-Playing,0.0,0.0,0.03,0.0,0.03
,,,,Shooter,0.03,0.0,0.0,0.0,0.03
,,,,Racing,0.0,0.01,0.02,0.0,0.03
,,,,Fighting,0.03,0.0,0.0,0.0,0.03
,,,,Simulation,0.0,0.03,0.0,0.01,0.03
,,,,Adventure,0.03,0.0,0.0,0.0,0.03
,,,,Strategy,0.03,0.0,0.0,0.0,0.03
,,,,Fighting,0.0,0.02,0.01,0.0,0.03
,,,,Racing,0.0,0.01,0.02,0.0,0.03
,,,,Platform,0.0,0.02,0.0,0.01,0.03
,,,,Platform,0.0,0.01,0.02,0.0,0.03
,,,,Adventure,0.03,0.0,0.0,0.0,0.03
,,,,Fighting,0.03,0.0,0.0,0.0,0.03
,,,,Sports,0.03,0.0,0.0,0.0,0.03
,,,,Role-Playing,0.03,0.0,0.0,0.0,0.03
,,,,Action,0.03,0.0,0.0,0.0,0.03
,,,,Adventure,0.03,0.0,0.0,0.0,0.03
,,,,Role-Playing,0.03,0.0,0.0,0.0,0.03
,,,,Puzzle,0.0,0.03,0.0,0.0,0.03
,,,,Strategy,0.0,0.03,0.0,0.01,0.03
,,,,Action,0.03,0.0,0.0,0.0,0.03
,,,,Strategy,0.0,0.03,0.0,0.0,0.03
,,,,Misc,0.0,0.0,0.03,0.0,0.03
,,,,Adventure,0.03,0.0,0.0,0.0,0.03
,,,,Misc,0.0,0.01,0.02,0.0,0.03
,,,,Adventure,0.03,0.0,0.0,0.0,0.03
,,,,Platform,0.0,0.03,0.0,0.01,0.03
,,,,Adventure,0.03,0.0,0.0,0.0,0.03
,,,,Role-Playing,0.03,0.0,0.0,0.0,0.03
,,,,Action,0.0,0.03,0.0,0.0,0.03
,,,,Adventure,0.03,0.0,0.0,0.0,0.03
,,,,Platform,0.0,0.01,0.02,0.0,0.03
,,,,Platform,0.03,0.0,0.0,0.0,0.03
,,,,Action,0.0,0.01,0.01,0.0,0.03
,,,,Shooter,0.03,0.0,0.0,0.0,0.03
,,,,Role-Playing,0.0,0.0,0.03,0.0,0.03
,,,,Puzzle,0.0,0.01,0.02,0.0,0.03
,,,,Role-Playing,0.03,0.0,0.0,0.0,0.03
,,,,Action,0.0,0.0,0.03,0.0,0.03
,,,,Adventure,0.03,0.0,0.0,0.0,0.03
,,,,Adventure,0.0,0.0,0.03,0.0,0.03
,,,,Fighting,0.03,0.0,0.0,0.0,0.03
,,,,Simulation,0.0,0.02,0.0,0.01,0.03
,,,,Adventure,0.03,0.0,0.0,0.0,0.03
,,,,Simulation,0.0,0.0,0.03,0.0,0.03
,,,,Sports,0.0,0.03,0.0,0.01,0.03
,,,,Strategy,0.0,0.03,0.0,0.0,0.03
,,,,Fighting,0.03,0.0,0.0,0.0,0.03
,,,,Racing,0.0,0.03,0.0,0.0,0.03
,,,,Sports,0.0,0.02,0.0,0.0,0.03
,,,,Adventure,0.03,0.0,0.0,0.0,0.03
,,,,Action,0.0,0.03,0.0,0.01,0.03
,,,,Sports,0.03,0.0,0.0,0.0,0.03
,,,,Strategy,0.0,0.02,0.0,0.01,0.03
,,,,Misc,0.03,0.0,0.0,0.0,0.03
,,,,Action,0.0,0.0,0.03,0.0,0.03
,,,,Role-Playing,0.0,0.0,0.02,0.0,0.03
,,,,Role-Playing,0.0,0.01,0.02,0.0,0.03
,,,,Puzzle,0.0,0.0,0.03,0.0,0.03
,,,,Strategy,0.0,0.02,0.0,0.01,0.03
,,,,Action,0.03,0.0,0.0,0.0,0.03
,,,,Action,0.03,0.0,0.0,0.0,0.03
,,,,Action,0.0,0.01,0.02,0.0,0.03
,,,,Adventure,0.03,0.0,0.0,0.0,0.03
,,,,Sports,0.0,0.0,0.02,0.01,0.03
,,,,Action,0.03,0.0,0.0,0.0,0.03
,,,,Adventure,0.03,0.0,0.0,0.0,0.03
,,,,Fighting,0.03,0.0,0.0,0.0,0.03
,,,,Sports,0.0,0.01,0.02,0.0,0.03
,,,,Racing,0.0,0.01,0.02,0.0,0.03
,,,,Adventure,0.03,0.0,0.0,0.0,0.03
,,,,Action,0.0,0.0,0.03,0.0,0.03
,,,,Adventure,0.03,0.0,0.0,0.0,0.03
,,,,Role-Playing,0.03,0.0,0.0,0.0,0.03
,,,,Role-Playing,0.03,0.0,0.0,0.0,0.03
,,,,Action,0.03,0.0,0.0,0.0,0.03
,,,,Action,0.03,0.0,0.0,0.0,0.03
,,,,Action,0.0,0.03,0.0,0.0,0.03
,,,,Role-Playing,0.03,0.0,0.0,0.0,0.03
,,,,Action,0.03,0.0,0.0,0.0,0.03
,,,,Action,0.03,0.0,0.0,0.0,0.03
,,,,Adventure,0.03,0.0,0.0,0.0,0.03
,,,,Misc,0.03,0.0,0.0,0.0,0.03
,,,,Adventure,0.03,0.0,0.0,0.0,0.03
,,,,Simulation,0.03,0.0,0.0,0.0,0.03
,,,,Shooter,0.0,0.01,0.01,0.0,0.03
,,,,Sports,0.0,0.01,0.02,0.0,0.03
,,,,Action,0.03,0.0,0.0,0.0,0.03
,,,,Misc,0.03,0.0,0.0,0.0,0.03
,,,,Puzzle,0.0,0.0,0.03,0.0,0.03
,,,,Racing,0.0,0.01,0.02,0.0,0.03
,,,,Misc,0.0,0.03,0.0,0.0,0.03
,,,,Misc,0.0,0.03,0.0,0.0,0.03
,,,,Adventure,0.03,0.0,0.0,0.0,0.03
,,,,Adventure,0.03,0.0,0.0,0.0,0.03
,,,,Simulation,0.0,0.01,0.01,0.0,0.03
,,,,Action,0.0,0.0,0.03,0.0,0.03
,,,,Racing,0.0,0.01,0.02,0.0,0.03
,,,,Puzzle,0.0,0.0,0.03,0.0,0.03
,,,,Adventure,0.03,0.0,0.0,0.0,0.03
,,,,Action,0.0,0.01,0.02,0.0,0.03
,,,,Role-Playing,0.03,0.0,0.0,0.0,0.03
,,,,Fighting,0.03,0.0,0.0,0.0,0.03
,,,,Strategy,0.0,0.02,0.0,0.01,0.03
,,,,Role-Playing,0.0,0.01,0.01,0.0,0.03
,,,,Role-Playing,0.01,0.0,0.02,0.0,0.03
,,,,Sports,0.03,0.0,0.0,0.0,0.03
,,,,Role-Playing,0.0,0.03,0.0,0.0,0.03
,,,,Adventure,0.03,0.0,0.0,0.0,0.03
,,,,Simulation,0.03,0.0,0.0,0.0,0.03
,,,,Misc,0.03,0.0,0.0,0.0,0.03
,,,,Shooter,0.0,0.01,0.02,0.0,0.03
,,,,Adventure,0.03,0.0,0.0,0.0,0.03
,,,,Shooter,0.0,0.01,0.02,0.0,0.03
,,,,Platform,0.0,0.01,0.02,0.0,0.03
,,,,Platform,0.03,0.0,0.0,0.0,0.03
,,,,Sports,0.03,0.0,0.0,0.0,0.03
,,,,Action,0.0,0.03,0.0,0.0,0.03
,,,,Action,0.0,0.02,0.0,0.01,0.03
,,,,Action,0.0,0.01,0.01,0.0,0.03
,,,,Action,0.0,0.02,0.01,0.0,0.03
,,,,Shooter,0.0,0.0,0.03,0.0,0.03
,,,,Puzzle,0.0,0.01,0.02,0.0,0.03
,,,,Racing,0.0,0.01,0.02,0.0,0.03
,,,,Misc,0.03,0.0,0.0,0.0,0.03
,,,,Misc,0.0,0.01,0.02,0.0,0.03
,,,,Role-Playing,0.03,0.0,0.0,0.0,0.03
,,,,Adventure,0.03,0.0,0.0,0.0,0.03
,,,,Racing,0.0,0.01,0.02,0.0,0.03
,,,,Fighting,0.03,0.0,0.0,0.0,0.03
,,,,Platform,0.0,0.01,0.02,0.0,0.03
,,,,Action,0.0,0.01,0.02,0.0,0.03
,,,,Sports,0.0,0.01,0.02,0.0,0.03
,,,,Adventure,0.03,0.0,0.0,0.0,0.03
,,,,Role-Playing,0.0,0.01,0.02,0.0,0.03
,,,,Platform,0.0,0.0,0.03,0.0,0.03
,,,,Fighting,0.03,0.0,0.0,0.0,0.03
,,,,Action,0.03,0.0,0.0,0.0,0.03
,,,,Racing,0.0,0.02,0.0,0.01,0.03
,,,,Misc,0.03,0.0,0.0,0.0,0.03
,,,,Misc,0.03,0.0,0.0,0.0,0.03
,,,,Puzzle,0.0,0.01,0.02,0.0,0.03
,,,,Action,0.0,0.0,0.03,0.0,0.03
,,,,Misc,0.02,0.0,0.01,0.0,0.03
,,,,Adventure,0.03,0.0,0.0,0.0,0.03
,,,,Simulation,0.0,0.02,0.0,0.01,0.03
,,,,Misc,0.03,0.0,0.0,0.0,0.03
,,,,Adventure,0.03,0.0,0.0,0.0,0.03
,,,,Misc,0.0,0.0,0.03,0.0,0.03
,,,,Adventure,0.03,0.0,0.0,0.0,0.03
,,,,Strategy,0.03,0.0,0.0,0.0,0.03
,,,,Adventure,0.03,0.0,0.0,0.0,0.03
,,,,Strategy,0.03,0.0,0.0,0.0,0.03
,,,,Strategy,0.0,0.01,0.02,0.0,0.03
,,,,Shooter,0.0,0.02,0.0,0.01,0.03
,,,,Strategy,0.03,0.0,0.0,0.0,0.03
,,,,Shooter,0.0,0.01,0.02,0.0,0.03
,,,,Simulation,0.0,0.01,0.01,0.0,0.03
,,,,Strategy,0.0,0.01,0.02,0.0,0.03
,,,,Action,0.03,0.0,0.0,0.0,0.03
,,,,Fighting,0.03,0.0,0.0,0.0,0.03
,,,,Fighting,0.0,0.01,0.02,0.0,0.03
,,,,Adventure,0.0,0.03,0.0,0.0,0.03
,,,,Adventure,0.0,0.0,0.03,0.0,0.03
,,,,Platform,0.0,0.02,0.0,0.01,0.03
,,,,Simulation,0.03,0.0,0.0,0.0,0.03
,,,,Shooter,0.0,0.01,0.02,0.0,0.03
,,,,Action,0.0,0.0,0.03,0.0,0.03
,,,,Racing,0.0,0.03,0.0,0.0,0.03
,,,,Adventure,0.03,0.0,0.0,0.0,0.03
,,,,Action,0.0,0.0,0.03,0.0,0.03
,,,,Puzzle,0.0,0.01,0.02,0.0,0.03
,,,,Role-Playing,0.03,0.0,0.0,0.0,0.03
,,,,Strategy,0.0,0.01,0.02,0.0,0.03
,,,,Sports,0.0,0.01,0.02,0.0,0.03
,,,,Strategy,0.0,0.01,0.02,0.0,0.03
,,,,Simulation,0.03,0.0,0.0,0.0,0.03
,,,,Strategy,0.03,0.0,0.0,0.0,0.03
,,,,Strategy,0.0,0.02,0.0,0.01,0.03
,,,,Action,0.0,0.01,0.02,0.0,0.03
,,,,Platform,0.0,0.01,0.02,0.0,0.03
,,,,Role-Playing,0.0,0.02,0.0,0.01,0.03
,,,,Sports,0.0,0.01,0.02,0.0,0.03
,,,,Action,0.0,0.03,0.0,0.0,0.03
,,,,Misc,0.03,0.0,0.0,0.0,0.03
,,,,Action,0.0,0.01,0.01,0.0,0.03
,,,,Role-Playing,0.03,0.0,0.0,0.0,0.03
,,,,Action,0.03,0.0,0.0,0.0,0.03
,,,,Racing,0.0,0.0,0.03,0.0,0.03
,,,,Sports,0.0,0.02,0.0,0.01,0.03
,,,,Platform,0.0,0.01,0.02,0.0,0.03
,,,,Strategy,0.0,0.01,0.01,0.0,0.03
,,,,Action,0.0,0.01,0.02,0.0,0.03
,,,,Sports,0.0,0.03,0.0,0.0,0.03
,,,,Role-Playing,0.03,0.0,0.0,0.0,0.03
,,,,Simulation,0.03,0.0,0.0,0.0,0.03
,,,,Racing,0.0,0.0,0.03,0.0,0.03
,,,,Role-Playing,0.03,0.0,0.0,0.0,0.03
,,,,Action,0.0,0.01,0.02,0.0,0.03
,,,,Misc,0.03,0.0,0.0,0.0,0.03
,,,,Strategy,0.0,0.02,0.0,0.01,0.03
,,,,Adventure,0.0,0.0,0.03,0.0,0.03
,,,,Sports,0.0,0.01,0.02,0.0,0.03
,,,,Adventure,0.0,0.03,0.0,0.0,0.03
,,,,Misc,0.03,0.0,0.0,0.0,0.03
,,,,Action,0.03,0.0,0.0,0.0,0.03
,,,,Adventure,0.0,0.02,0.0,0.0,0.03
,,,,Simulation,0.0,0.02,0.0,0.01,0.03
,,,,Action,0.0,0.0,0.02,0.0,0.03
,,,,Misc,0.03,0.0,0.0,0.0,0.03
,,,,Adventure,0.03,0.0,0.0,0.0,0.03
,,,,Sports,0.0,0.0,0.03,0.0,0.03
,,,,Adventure,0.0,0.03,0.0,0.0,0.03
,,,,Action,0.03,0.0,0.0,0.0,0.03
,,,,Puzzle,0.0,0.03,0.0,0.0,0.03
,,,,Action,0.0,0.0,0.03,0.0,0.03
,,,,Action,0.0,0.02,0.0,0.0,0.03
,,,,Action,0.03,0.0,0.0,0.0,0.03
,,,,Misc,0.0,0.02,0.0,0.0,0.03
,,,,Action,0.03,0.0,0.0,0.0,0.03
,,,,Misc,0.03,0.0,0.0,0.0,0.03
,,,,Misc,0.0,0.02,0.0,0.01,0.03
,,,,Misc,0.0,0.0,0.03,0.0,0.03
,,,,Shooter,0.0,0.01,0.01,0.0,0.03
,,,,Shooter,0.0,0.01,0.01,0.0,0.03
,,,,Action,0.03,0.0,0.0,0.0,0.03
,,,,Misc,0.03,0.0,0.0,0.0,0.03
,,,,Adventure,0.0,0.0,0.03,0.0,0.03
,,,,Platform,0.0,0.01,0.02,0.0,0.03
,,,,Sports,0.0,0.02,0.0,0.01,0.03
,,,,Action,0.0,0.01,0.02,0.0,0.03
,,,,Strategy,0.03,0.0,0.0,0.0,0.03
,,,,Role-Playing,0.0,0.01,0.02,0.0,0.03
,,,,Racing,0.0,0.01,0.02,0.0,0.03
,,,,Simulation,0.03,0.0,0.0,0.0,0.03
,,,,Adventure,0.03,0.0,0.0,0.0,0.03
,,,,Racing,0.0,0.01,0.01,0.0,0.03
,,,,Shooter,0.0,0.0,0.02,0.0,0.03
,,,,Action,0.0,0.01,0.02,0.0,0.03
,,,,Adventure,0.03,0.0,0.0,0.0,0.03
,,,,Simulation,0.0,0.0,0.03,0.0,0.03
,,,,Strategy,0.0,0.01,0.02,0.0,0.03
,,,,Sports,0.03,0.0,0.0,0.0,0.03
,,,,Misc,0.03,0.0,0.0,0.0,0.03
,,,,Adventure,0.03,0.0,0.0,0.0,0.03
,,,,Action,0.0,0.0,0.03,0.0,0.03
,,,,Role-Playing,0.03,0.0,0.0,0.0,0.03
,,,,Action,0.0,0.01,0.01,0.0,0.03
,,,,Role-Playing,0.03,0.0,0.0,0.0,0.03
,,,,Racing,0.0,0.0,0.03,0.0,0.03
,,,,Adventure,0.03,0.0,0.0,0.0,0.03
,,,,Action,0.0,0.01,0.02,0.0,0.03
,,,,Action,0.03,0.0,0.0,0.0,0.03
,,,,Adventure,0.03,0.0,0.0,0.0,0.03
,,,,Role-Playing,0.03,0.0,0.0,0.0,0.03
,,,,Misc,0.03,0.0,0.0,0.0,0.03
,,,,Action,0.0,0.03,0.0,0.0,0.03
,,,,Misc,0.0,0.0,0.03,0.0,0.03
,,,,Sports,0.0,0.0,0.02,0.0,0.03
,,,,Racing,0.0,0.01,0.02,0.0,0.03
,,,,Misc,0.0,0.01,0.01,0.0,0.03
,,,,Role-Playing,0.03,0.0,0.0,0.0,0.03
,,,,Shooter,0.03,0.0,0.0,0.0,0.03
,,,,Strategy,0.03,0.0,0.0,0.0,0.03
,,,,Sports,0.03,0.0,0.0,0.0,0.03
,,,,Action,0.0,0.01,0.01,0.0,0.03
,,,,Racing,0.0,0.01,0.02,0.0,0.03
,,,,Strategy,0.03,0.0,0.0,0.0,0.03
,,,,Strategy,0.03,0.0,0.0,0.0,0.03
,,,,Adventure,0.0,0.03,0.0,0.0,0.03
,,,,Misc,0.0,0.02,0.0,0.0,0.03
,,,,Fighting,0.03,0.0,0.0,0.0,0.03
,,,,Puzzle,0.0,0.0,0.03,0.0,0.03
,,,,Strategy,0.0,0.03,0.0,0.0,0.03
,,,,Role-Playing,0.0,0.0,0.03,0.0,0.03
,,,,Adventure,0.03,0.0,0.0,0.0,0.03
,,,,Adventure,0.0,0.01,0.02,0.0,0.03
,,,,Misc,0.0,0.03,0.0,0.0,0.03
,,,,Adventure,0.03,0.0,0.0,0.0,0.03
,,,,Racing,0.0,0.01,0.02,0.0,0.03
,,,,Puzzle,0.0,0.02,0.0,0.01,0.03
,,,,Platform,0.0,0.03,0.0,0.0,0.03
,,,,Action,0.03,0.0,0.0,0.0,0.03
,,,,Action,0.0,0.0,0.03,0.0,0.03
,,,,Adventure,0.0,0.02,0.0,0.0,0.03
,,,,Adventure,0.03,0.0,0.0,0.0,0.03
,,,,Adventure,0.03,0.0,0.0,0.0,0.03
,,,,Fighting,0.03,0.0,0.0,0.0,0.03
,,,,Puzzle,0.0,0.0,0.03,0.0,0.03
,,,,Adventure,0.03,0.0,0.0,0.0,0.03
,,,,Sports,0.0,0.02,0.0,0.0,0.03
,,,,Role-Playing,0.0,0.02,0.0,0.0,0.03
,,,,Misc,0.0,0.02,0.0,0.0,0.03
,,,,Shooter,0.0,0.02,0.0,0.0,0.03
,,,,Adventure,0.0,0.01,0.02,0.0,0.03
,,,,Misc,0.0,0.02,0.0,0.01,0.03
,,,,Adventure,0.03,0.0,0.0,0.0,0.03
,,,,Action,0.0,0.01,0.02,0.0,0.03
,,,,Action,0.0,0.01,0.02,0.0,0.03
,,,,Action,0.03,0.0,0.0,0.0,0.03
,,,,Action,0.03,0.0,0.0,0.0,0.03
,,,,Action,0.0,0.02,0.0,0.0,0.03
,,,,Fighting,0.03,0.0,0.0,0.0,0.03
,,,,Action,0.03,0.0,0.0,0.0,0.03
,,,,Racing,0.0,0.03,0.0,0.0,0.03
,,,,Fighting,0.0,0.01,0.02,0.0,0.03
,,,,Sports,0.0,0.01,0.02,0.0,0.03
,,,,Puzzle,0.0,0.0,0.03,0.0,0.03
,,,,Strategy,0.0,0.02,0.0,0.0,0.03
,,,,Adventure,0.03,0.0,0.0,0.0,0.03
,,,,Adventure,0.03,0.0,0.0,0.0,0.03
,,,,Adventure,0.03,0.0,0.0,0.0,0.03
,,,,Adventure,0.03,0.0,0.0,0.0,0.03
,,,,Role-Playing,0.03,0.0,0.0,0.0,0.03
,,,,Fighting,0.0,0.01,0.02,0.0,0.03
,,,,Strategy,0.03,0.0,0.0,0.0,0.03
,,,,Action,0.03,0.0,0.0,0.0,0.03
,,,,Misc,0.0,0.02,0.0,0.01,0.03
,,,,Action,0.0,0.0,0.02,0.01,0.03
,,,,Action,0.0,0.02,0.0,0.0,0.03
,,,,Role-Playing,0.03,0.0,0.0,0.0,0.03
,,,,Platform,0.0,0.01,0.02,0.0,0.03
,,,,Adventure,0.0,0.0,0.03,0.0,0.03
,,,,Action,0.03,0.0,0.0,0.0,0.03
,,,,Simulation,0.03,0.0,0.0,0.0,0.03
,,,,Action,0.03,0.0,0.0,0.0,0.03
,,,,Strategy,0.0,0.02,0.0,0.0,0.03
,,,,Adventure,0.0,0.0,0.03,0.0,0.03
,,,,Misc,0.0,0.02,0.0,0.0,0.03
,,,,Fighting,0.03,0.0,0.0,0.0,0.03
,,,,Action,0.03,0.0,0.0,0.0,0.03
,,,,Action,0.03,0.0,0.0,0.0,0.03
,,,,Role-Playing,0.03,0.0,0.0,0.0,0.03
,,,,Action,0.0,0.02,0.0,0.0,0.03
,,,,Action,0.0,0.01,0.02,0.0,0.03
,,,,Puzzle,0.0,0.0,0.02,0.0,0.03
,,,,Simulation,0.0,0.03,0.0,0.0,0.03
,,,,Action,0.03,0.0,0.0,0.0,0.03
,,,,Simulation,0.0,0.0,0.03,0.0,0.03
,,,,Role-Playing,0.0,0.02,0.0,0.01,0.03
,,,,Action,0.0,0.02,0.0,0.0,0.03
,,,,Racing,0.0,0.02,0.0,0.0,0.03
,,,,Action,0.03,0.0,0.0,0.0,0.03
,,,,Sports,0.0,0.01,0.02,0.0,0.03
,,,,Adventure,0.03,0.0,0.0,0.0,0.03
,,,,Adventure,0.03,0.0,0.0,0.0,0.03
,,,,Role-Playing,0.03,0.0,0.0,0.0,0.03
,,,,Simulation,0.0,0.02,0.0,0.01,0.03
,,,,Misc,0.0,0.01,0.02,0.0,0.03
,,,,Shooter,0.0,0.01,0.02,0.0,0.03
,,,,Racing,0.0,0.01,0.01,0.0,0.03
,,,,Misc,0.03,0.0,0.0,0.0,0.03
,,,,Simulation,0.0,0.0,0.03,0.0,0.03
,,,,Misc,0.0,0.01,0.02,0.0,0.03
,,,,Sports,0.0,0.01,0.02,0.0,0.03
,,,,Action,0.03,0.0,0.0,0.0,0.03
,,,,Action,0.0,0.01,0.01,0.0,0.03
,,,,Adventure,0.03,0.0,0.0,0.0,0.03
,,,,Strategy,0.03,0.0,0.0,0.0,0.03
,,,,Strategy,0.0,0.02,0.0,0.0,0.03
,,,,Shooter,0.0,0.02,0.0,0.0,0.03
,,,,Racing,0.0,0.01,0.02,0.0,0.03
,,,,Sports,0.0,0.01,0.02,0.0,0.03
,,,,Racing,0.0,0.01,0.02,0.0,0.03
,,,,Puzzle,0.0,0.02,0.0,0.0,0.03
,,,,Misc,0.03,0.0,0.0,0.0,0.03
,,,,Simulation,0.0,0.02,0.0,0.0,0.03
,,,,Role-Playing,0.0,0.02,0.0,0.01,0.03
,,,,Shooter,0.0,0.01,0.02,0.0,0.03
,,,,Sports,0.0,0.01,0.02,0.0,0.03
,,,,Simulation,0.0,0.02,0.0,0.0,0.03
,,,,Adventure,0.0,0.0,0.03,0.0,0.03
,,,,Adventure,0.03,0.0,0.0,0.0,0.03
,,,,Action,0.03,0.0,0.0,0.0,0.03
,,,,Role-Playing,0.03,0.0,0.0,0.0,0.03
,,,,Platform,0.0,0.01,0.02,0.0,0.03
,,,,Sports,0.0,0.02,0.0,0.0,0.03
,,,,Role-Playing,0.03,0.0,0.0,0.0,0.03
,,,,Role-Playing,0.03,0.0,0.0,0.0,0.03
,,,,Shooter,0.03,0.0,0.0,0.0,0.03
,,,,Action,0.0,0.02,0.0,0.0,0.03
,,,,Strategy,0.0,0.02,0.0,0.01,0.03
,,,,Fighting,0.03,0.0,0.0,0.0,0.03
,,,,Misc,0.03,0.0,0.0,0.0,0.03
,,,,Action,0.03,0.0,0.0,0.0,0.03
,,,,Action,0.0,0.0,0.02,0.0,0.03
,,,,Action,0.03,0.0,0.0,0.0,0.03
,,,,Simulation,0.0,0.01,0.01,0.0,0.03
,,,,Shooter,0.01,0.0,0.01,0.0,0.03
,,,,Fighting,0.03,0.0,0.0,0.0,0.03
,,,,Action,0.0,0.02,0.0,0.0,0.03
,,,,Platform,0.0,0.0,0.02,0.0,0.03
,,,,Adventure,0.0,0.0,0.02,0.01,0.03
,,,,Racing,0.0,0.03,0.0,0.0,0.03
,,,,Sports,0.03,0.0,0.0,0.0,0.03
,,,,Action,0.0,0.0,0.02,0.01,0.03
,,,,Fighting,0.03,0.0,0.0,0.0,0.03
,,,,Racing,0.0,0.01,0.02,0.0,0.03
,,,,Sports,0.0,0.0,0.02,0.0,0.03
,,,,Racing,0.0,0.0,0.02,0.0,0.03
,,,,Puzzle,0.0,0.01,0.02,0.0,0.03
,,,,Adventure,0.03,0.0,0.0,0.0,0.03
,,,,Shooter,0.0,0.0,0.02,0.0,0.03
,,,,Adventure,0.03,0.0,0.0,0.0,0.03
,,,,Fighting,0.03,0.0,0.0,0.0,0.03
,,,,Simulation,0.0,0.01,0.01,0.0,0.03
,,,,Action,0.0,0.01,0.02,0.0,0.03
,,,,Adventure,0.03,0.0,0.0,0.0,0.03
,,,,Action,0.03,0.0,0.0,0.0,0.03
,,,,Adventure,0.03,0.0,0.0,0.0,0.03
,,,,Action,0.0,0.0,0.02,0.0,0.03
,,,,Action,0.0,0.01,0.02,0.0,0.03
,,,,Strategy,0.0,0.02,0.0,0.0,0.03
,,,,Action,0.03,0.0,0.0,0.0,0.03
,,,,Misc,0.0,0.0,0.02,0.0,0.03
,,,,Role-Playing,0.0,0.01,0.02,0.0,0.03
,,,,Racing,0.0,0.02,0.0,0.0,0.03
,,,,Platform,0.0,0.01,0.01,0.0,0.03
,,,,Role-Playing,0.0,0.02,0.0,0.0,0.03
,,,,Role-Playing,0.0,0.02,0.0,0.01,0.03
,,,,Action,0.0,0.01,0.01,0.0,0.03
,,,,Shooter,0.0,0.02,0.0,0.0,0.03
,,,,Action,0.03,0.0,0.0,0.0,0.03
,,,,Simulation,0.0,0.02,0.0,0.01,0.03
,,,,Action,0.0,0.01,0.01,0.0,0.03
,,,,Platform,0.02,0.0,0.0,0.0,0.03
,,,,Shooter,0.0,0.02,0.0,0.01,0.03
,,,,Sports,0.0,0.01,0.02,0.0,0.03
,,,,Simulation,0.03,0.0,0.0,0.0,0.03
,,,,Racing,0.03,0.0,0.0,0.0,0.03
,,,,Adventure,0.03,0.0,0.0,0.0,0.03
,,,,Adventure,0.0,0.02,0.0,0.01,0.03
,,,,Action,0.0,0.02,0.0,0.0,0.03
,,,,Simulation,0.0,0.0,0.02,0.0,0.03
,,,,Role-Playing,0.0,0.0,0.02,0.0,0.03
,,,,Adventure,0.03,0.0,0.0,0.0,0.03
,,,,Sports,0.0,0.01,0.02,0.0,0.03
,,,,Strategy,0.03,0.0,0.0,0.0,0.03
,,,,Shooter,0.0,0.0,0.02,0.0,0.03
,,,,Sports,0.03,0.0,0.0,0.0,0.03
,,,,Shooter,0.03,0.0,0.0,0.0,0.03
,,,,Adventure,0.03,0.0,0.0,0.0,0.03
,,,,Shooter,0.0,0.01,0.01,0.0,0.03
,,,,Adventure,0.03,0.0,0.0,0.0,0.03
,,,,Puzzle,0.0,0.01,0.01,0.0,0.03
,,,,Sports,0.03,0.0,0.0,0.0,0.03
,,,,Platform,0.0,0.01,0.01,0.0,0.03
,,,,Shooter,0.0,0.02,0.0,0.0,0.03
,,,,Simulation,0.03,0.0,0.0,0.0,0.03
,,,,Action,0.03,0.0,0.0,0.0,0.03
,,,,Platform,0.0,0.0,0.02,0.0,0.03
,,,,Adventure,0.03,0.0,0.0,0.0,0.03
,,,,Sports,0.0,0.01,0.02,0.0,0.03
,,,,Racing,0.0,0.01,0.01,0.0,0.03
,,,,Strategy,0.0,0.0,0.02,0.0,0.03
,,,,Simulation,0.0,0.0,0.02,0.0,0.03
,,,,Action,0.0,0.0,0.02,0.0,0.03
,,,,Misc,0.0,0.01,0.02,0.0,0.03
,,,,Adventure,0.03,0.0,0.0,0.0,0.03
,,,,Strategy,0.0,0.02,0.0,0.0,0.03
,,,,Sports,0.0,0.0,0.02,0.0,0.03
,,,,Adventure,0.0,0.02,0.0,0.0,0.03
,,,,Misc,0.0,0.01,0.02,0.0,0.03
,,,,Strategy,0.0,0.02,0.0,0.01,0.03
,,,,Sports,0.0,0.0,0.02,0.0,0.03
,,,,Action,0.0,0.01,0.01,0.0,0.03
,,,,Misc,0.03,0.0,0.0,0.0,0.03
,,,,Sports,0.0,0.01,0.01,0.0,0.03
,,,,Misc,0.03,0.0,0.0,0.0,0.03
,,,,Racing,0.0,0.0,0.02,0.0,0.03
,,,,Action,0.0,0.01,0.02,0.0,0.03
,,,,Simulation,0.03,0.0,0.0,0.0,0.03
,,,,Action,0.0,0.02,0.0,0.0,0.03
,,,,Racing,0.0,0.0,0.02,0.0,0.03
,,,,Role-Playing,0.0,0.02,0.0,0.0,0.03
,,,,Misc,0.03,0.0,0.0,0.0,0.03
,,,,Shooter,0.0,0.01,0.02,0.0,0.03
,,,,Role-Playing,0.0,0.01,0.01,0.0,0.03
,,,,Simulation,0.0,0.0,0.02,0.0,0.03
,,,,Shooter,0.0,0.02,0.0,0.0,0.03
,,,,Adventure,0.03,0.0,0.0,0.0,0.03
,,,,Simulation,0.03,0.0,0.0,0.0,0.03
,,,,Adventure,0.0,0.02,0.0,0.0,0.03
,,,,Puzzle,0.0,0.01,0.02,0.0,0.03
,,,,Adventure,0.03,0.0,0.0,0.0,0.03
,,,,Action,0.0,0.02,0.0,0.0,0.03
,,,,Misc,0.0,0.0,0.02,0.0,0.03
,,,,Role-Playing,0.0,0.0,0.02,0.0,0.03
,,,,Adventure,0.03,0.0,0.0,0.0,0.03
,,,,Simulation,0.0,0.0,0.02,0.0,0.03
,,,,Puzzle,0.0,0.0,0.02,0.0,0.03
,,,,Action,0.03,0.0,0.0,0.0,0.03
,,,,Action,0.0,0.02,0.0,0.0,0.03
,,,,Fighting,0.0,0.01,0.02,0.0,0.03
,,,,Adventure,0.03,0.0,0.0,0.0,0.03
,,,,Action,0.03,0.0,0.0,0.0,0.03
,,,,Adventure,0.03,0.0,0.0,0.0,0.03
,,,,Role-Playing,0.01,0.01,0.0,0.0,0.03
,,,,Platform,0.0,0.0,0.02,0.0,0.03
,,,,Action,0.0,0.01,0.02,0.0,0.03
,,,,Sports,0.03,0.0,0.0,0.0,0.03
,,,,Platform,0.0,0.01,0.01,0.0,0.03
,,,,Role-Playing,0.03,0.0,0.0,0.0,0.03
,,,,Action,0.03,0.0,0.0,0.0,0.03
,,,,Simulation,0.03,0.0,0.0,0.0,0.03
,,,,Adventure,0.03,0.0,0.0,0.0,0.03
,,,,Sports,0.0,0.02,0.0,0.0,0.03
,,,,Strategy,0.0,0.02,0.0,0.0,0.03
,,,,Role-Playing,0.0,0.02,0.0,0.0,0.03
,,,,Misc,0.03,0.0,0.0,0.0,0.03
,,,,Shooter,0.0,0.01,0.01,0.0,0.03
,,,,Adventure,0.0,0.01,0.02,0.0,0.03
,,,,Sports,0.0,0.01,0.01,0.0,0.03
,,,,Action,0.0,0.0,0.02,0.0,0.03
,,,,Simulation,0.0,0.0,0.02,0.0,0.03
,,,,Adventure,0.03,0.0,0.0,0.0,0.03
,,,,Shooter,0.0,0.01,0.01,0.0,0.03
,,,,Simulation,0.0,0.0,0.02,0.0,0.03
,,,,Racing,0.0,0.01,0.02,0.0,0.03
,,,,Adventure,0.03,0.0,0.0,0.0,0.03
,,,,Misc,0.03,0.0,0.0,0.0,0.03
,,,,Strategy,0.0,0.01,0.01,0.0,0.03
,,,,Action,0.0,0.0,0.02,0.0,0.03
,,,,Sports,0.0,0.02,0.0,0.0,0.03
,,,,Simulation,0.0,0.02,0.0,0.0,0.03
,,,,Action,0.0,0.02,0.0,0.0,0.03
,,,,Adventure,0.03,0.0,0.0,0.0,0.03
,,,,Misc,0.03,0.0,0.0,0.0,0.03
,,,,Misc,0.03,0.0,0.0,0.0,0.03
,,,,Sports,0.0,0.01,0.01,0.0,0.03
,,,,Role-Playing,0.02,0.0,0.0,0.0,0.03
,,,,Shooter,0.0,0.01,0.01,0.0,0.03
,,,,Adventure,0.03,0.0,0.0,0.0,0.03
,,,,Action,0.03,0.0,0.0,0.0,0.03
,,,,Adventure,0.0,0.0,0.02,0.0,0.03
,,,,Misc,0.03,0.0,0.0,0.0,0.03
,,,,Action,0.03,0.0,0.0,0.0,0.03
,,,,Puzzle,0.0,0.0,0.02,0.0,0.03
,,,,Simulation,0.03,0.0,0.0,0.0,0.03
,,,,Platform,0.0,0.0,0.02,0.0,0.03
,,,,Fighting,0.0,0.01,0.01,0.0,0.03
,,,,Action,0.03,0.0,0.0,0.0,0.03
,,,,Adventure,0.02,0.0,0.0,0.0,0.03
,,,,Adventure,0.03,0.0,0.0,0.0,0.03
,,,,Adventure,0.03,0.0,0.0,0.0,0.03
,,,,Adventure,0.03,0.0,0.0,0.0,0.03
,,,,Sports,0.03,0.0,0.0,0.0,0.03
,,,,Role-Playing,0.02,0.0,0.0,0.0,0.02
,,,,Simulation,0.0,0.0,0.02,0.0,0.02
,,,,Adventure,0.02,0.0,0.0,0.0,0.02
,,,,Sports,0.0,0.0,0.02,0.0,0.02
,,,,Action,0.0,0.0,0.02,0.0,0.02
,,,,Strategy,0.0,0.02,0.0,0.0,0.02
,,,,Misc,0.02,0.0,0.0,0.0,0.02
,,,,Adventure,0.02,0.0,0.0,0.0,0.02
,,,,Puzzle,0.0,0.0,0.02,0.0,0.02
,,,,Puzzle,0.0,0.02,0.0,0.0,0.02
,,,,Strategy,0.0,0.02,0.0,0.0,0.02
,,,,Racing,0.0,0.01,0.02,0.0,0.02
,,,,Adventure,0.02,0.0,0.0,0.0,0.02
,,,,Adventure,0.02,0.0,0.0,0.0,0.02
,,,,Racing,0.0,0.01,0.02,0.0,0.02
,,,,Adventure,0.02,0.0,0.0,0.0,0.02
,,,,Racing,0.0,0.0,0.02,0.0,0.02
,,,,Adventure,0.0,0.02,0.0,0.0,0.02
,,,,Misc,0.02,0.0,0.0,0.0,0.02
,,,,Shooter,0.02,0.0,0.0,0.0,0.02
,,,,Misc,0.0,0.02,0.0,0.0,0.02
,,,,Strategy,0.0,0.02,0.0,0.0,0.02
,,,,Strategy,0.0,0.02,0.0,0.0,0.02
,,,,Fighting,0.02,0.0,0.0,0.0,0.02
,,,,Strategy,0.0,0.02,0.0,0.0,0.02
,,,,Adventure,0.0,0.02,0.0,0.0,0.02
,,,,Action,0.02,0.0,0.0,0.0,0.02
,,,,Shooter,0.02,0.0,0.0,0.0,0.02
,,,,Action,0.02,0.0,0.0,0.0,0.02
,,,,Fighting,0.0,0.01,0.02,0.0,0.02
,,,,Shooter,0.0,0.01,0.02,0.0,0.02
,,,,Strategy,0.0,0.01,0.01,0.0,0.02
,,,,Simulation,0.0,0.0,0.02,0.0,0.02
,,,,Adventure,0.02,0.0,0.0,0.0,0.02
,,,,Simulation,0.02,0.0,0.0,0.0,0.02
,,,,Simulation,0.02,0.0,0.0,0.0,0.02
,,,,Role-Playing,0.0,0.02,0.0,0.0,0.02
,,,,Sports,0.02,0.0,0.0,0.0,0.02
,,,,Racing,0.0,0.0,0.02,0.0,0.02
,,,,Action,0.02,0.0,0.0,0.0,0.02
,,,,Action,0.02,0.0,0.0,0.0,0.02
,,,,Sports,0.02,0.0,0.0,0.0,0.02
,,,,Misc,0.0,0.0,0.02,0.0,0.02
,,,,Action,0.02,0.0,0.0,0.0,0.02
,,,,Shooter,0.0,0.01,0.02,0.0,0.02
,,,,Simulation,0.0,0.01,0.02,0.0,0.02
,,,,Action,0.0,0.02,0.0,0.0,0.02
,,,,Role-Playing,0.02,0.0,0.0,0.0,0.02
,,,,Sports,0.0,0.01,0.02,0.0,0.02
,,,,Adventure,0.02,0.0,0.0,0.0,0.02
,,,,Racing,0.0,0.01,0.01,0.0,0.02
,,,,Action,0.0,0.01,0.01,0.0,0.02
,,,,Fighting,0.02,0.0,0.0,0.0,0.02
,,,,Simulation,0.0,0.02,0.0,0.0,0.02
,,,,Action,0.0,0.01,0.02,0.0,0.02
,,,,Action,0.0,0.01,0.02,0.0,0.02
,,,,Shooter,0.0,0.02,0.0,0.01,0.02
,,,,Simulation,0.0,0.02,0.0,0.0,0.02
,,,,Action,0.0,0.0,0.02,0.0,0.02
,,,,Simulation,0.0,0.02,0.0,0.0,0.02
,,,,Simulation,0.0,0.0,0.02,0.0,0.02
,,,,Action,0.02,0.0,0.0,0.0,0.02
,,,,Role-Playing,0.02,0.0,0.0,0.0,0.02
,,,,Action,0.02,0.0,0.0,0.0,0.02
,,,,Strategy,0.0,0.02,0.0,0.0,0.02
,,,,Action,0.0,0.0,0.02,0.0,0.02
,,,,Platform,0.0,0.01,0.02,0.0,0.02
,,,,Action,0.02,0.0,0.0,0.0,0.02
,,,,Adventure,0.02,0.0,0.0,0.0,0.02
,,,,Fighting,0.02,0.0,0.0,0.0,0.02
,,,,Role-Playing,0.02,0.0,0.0,0.0,0.02
,,,,Adventure,0.02,0.0,0.0,0.0,0.02
,,,,Role-Playing,0.0,0.02,0.0,0.0,0.02
,,,,Sports,0.0,0.02,0.0,0.0,0.02
,,,,Sports,0.0,0.02,0.0,0.0,0.02
,,,,Misc,0.02,0.0,0.0,0.0,0.02
,,,,Action,0.02,0.0,0.0,0.0,0.02
,,,,Puzzle,0.0,0.0,0.02,0.0,0.02
,,,,Action,0.0,0.01,0.02,0.0,0.02
,,,,Sports,0.0,0.01,0.01,0.0,0.02
,,,,Shooter,0.0,0.01,0.02,0.0,0.02
,,,,Racing,0.0,0.01,0.01,0.0,0.02
,,,,Racing,0.0,0.01,0.02,0.0,0.02
,,,,Strategy,0.02,0.0,0.0,0.0,0.02
,,,,Strategy,0.0,0.02,0.0,0.0,0.02
,,,,Strategy,0.0,0.02,0.0,0.0,0.02
,,,,Racing,0.0,0.01,0.01,0.0,0.02
,,,,Puzzle,0.02,0.0,0.0,0.0,0.02
,,,,Shooter,0.02,0.0,0.0,0.0,0.02
,,,,Misc,0.0,0.0,0.02,0.0,0.02
,,,,Shooter,0.02,0.0,0.0,0.0,0.02
,,,,Racing,0.02,0.0,0.0,0.0,0.02
,,,,Action,0.02,0.0,0.0,0.0,0.02
,,,,Adventure,0.02,0.0,0.0,0.0,0.02
,,,,Adventure,0.02,0.0,0.0,0.0,0.02
,,,,Shooter,0.0,0.02,0.0,0.0,0.02
,,,,Adventure,0.02,0.0,0.0,0.0,0.02
,,,,Action,0.02,0.0,0.0,0.0,0.02
,,,,Simulation,0.0,0.02,0.0,0.0,0.02
,,,,Platform,0.0,0.0,0.02,0.0,0.02
,,,,Shooter,0.0,0.01,0.02,0.0,0.02
,,,,Shooter,0.0,0.02,0.0,0.0,0.02
,,,,Platform,0.0,0.01,0.01,0.0,0.02
,,,,Racing,0.0,0.02,0.0,0.0,0.02
,,,,Role-Playing,0.02,0.0,0.0,0.0,0.02
,,,,Simulation,0.0,0.02,0.0,0.0,0.02
,,,,Sports,0.02,0.0,0.0,0.0,0.02
,,,,Misc,0.02,0.0,0.0,0.0,0.02
,,,,Puzzle,0.0,0.02,0.0,0.01,0.02
,,,,Simulation,0.02,0.0,0.0,0.0,0.02
,,,,Adventure,0.02,0.0,0.0,0.0,0.02
,,,,Role-Playing,0.02,0.0,0.0,0.0,0.02
,,,,Action,0.0,0.02,0.0,0.0,0.02
,,,,Adventure,0.02,0.0,0.0,0.0,0.02
,,,,Shooter,0.0,0.02,0.0,0.0,0.02
,,,,Adventure,0.02,0.0,0.0,0.0,0.02
,,,,Strategy,0.0,0.0,0.02,0.0,0.02
,,,,Strategy,0.0,0.02,0.0,0.0,0.02
,,,,Fighting,0.0,0.01,0.01,0.0,0.02
,,,,Sports,0.0,0.0,0.02,0.0,0.02
,,,,Adventure,0.02,0.0,0.0,0.0,0.02
,,,,Adventure,0.02,0.0,0.0,0.0,0.02
,,,,Simulation,0.0,0.02,0.0,0.0,0.02
,,,,Action,0.0,0.02,0.0,0.0,0.02
,,,,Adventure,0.02,0.0,0.0,0.0,0.02
,,,,Sports,0.0,0.02,0.0,0.0,0.02
,,,,Puzzle,0.0,0.01,0.01,0.0,0.02
,,,,Role-Playing,0.02,0.0,0.0,0.0,0.02
,,,,Sports,0.02,0.0,0.0,0.0,0.02
,,,,Adventure,0.02,0.0,0.0,0.0,0.02
,,,,Shooter,0.0,0.01,0.02,0.0,0.02
,,,,Action,0.02,0.0,0.0,0.0,0.02
,,,,Adventure,0.02,0.0,0.0,0.0,0.02
,,,,Adventure,0.02,0.0,0.0,0.0,0.02
,,,,Adventure,0.0,0.0,0.02,0.0,0.02
,,,,Fighting,0.0,0.02,0.0,0.0,0.02
,,,,Role-Playing,0.02,0.0,0.0,0.0,0.02
,,,,Action,0.0,0.02,0.0,0.0,0.02
,,,,Strategy,0.02,0.0,0.0,0.0,0.02
,,,,Racing,0.0,0.01,0.02,0.0,0.02
,,,,Action,0.0,0.01,0.01,0.0,0.02
,,,,Puzzle,0.0,0.0,0.02,0.0,0.02
,,,,Action,0.0,0.02,0.0,0.0,0.02
,,,,Racing,0.0,0.0,0.02,0.0,0.02
,,,,Misc,0.0,0.01,0.01,0.0,0.02
,,,,Action,0.02,0.0,0.0,0.0,0.02
,,,,Action,0.0,0.0,0.02,0.0,0.02
,,,,Platform,0.0,0.02,0.0,0.0,0.02
,,,,Shooter,0.0,0.0,0.02,0.0,0.02
,,,,Adventure,0.02,0.0,0.0,0.0,0.02
,,,,Adventure,0.02,0.0,0.0,0.0,0.02
,,,,Role-Playing,0.0,0.01,0.02,0.0,0.02
,,,,Strategy,0.0,0.0,0.02,0.0,0.02
,,,,Racing,0.0,0.02,0.0,0.0,0.02
,,,,Platform,0.0,0.01,0.02,0.0,0.02
,,,,Adventure,0.02,0.0,0.0,0.0,0.02
,,,,Racing,0.0,0.02,0.0,0.0,0.02
,,,,Role-Playing,0.0,0.01,0.02,0.0,0.02
,,,,Adventure,0.02,0.0,0.0,0.0,0.02
,,,,Misc,0.02,0.0,0.0,0.0,0.02
,,,,Puzzle,0.0,0.0,0.02,0.0,0.02
,,,,Action,0.02,0.0,0.0,0.0,0.02
,,,,Action,0.0,0.02,0.0,0.0,0.02
,,,,Puzzle,0.0,0.0,0.02,0.0,0.02
,,,,Simulation,0.0,0.02,0.0,0.0,0.02
,,,,Sports,0.0,0.01,0.01,0.0,0.02
,,,,Role-Playing,0.02,0.0,0.0,0.0,0.02
,,,,Racing,0.0,0.02,0.0,0.0,0.02
,,,,Puzzle,0.0,0.0,0.02,0.0,0.02
,,,,Adventure,0.02,0.0,0.0,0.0,0.02
,,,,Puzzle,0.0,0.0,0.02,0.0,0.02
,,,,Shooter,0.0,0.02,0.0,0.0,0.02
,,,,Misc,0.0,0.02,0.0,0.0,0.02
,,,,Action,0.0,0.01,0.01,0.0,0.02
,,,,Sports,0.02,0.01,0.0,0.0,0.02
,,,,Action,0.02,0.0,0.0,0.0,0.02
,,,,Fighting,0.02,0.0,0.0,0.0,0.02
,,,,Action,0.0,0.02,0.0,0.0,0.02
,,,,Strategy,0.0,0.02,0.0,0.0,0.02
,,,,Shooter,0.0,0.01,0.01,0.0,0.02
,,,,Shooter,0.0,0.02,0.0,0.0,0.02
,,,,Puzzle,0.0,0.02,0.0,0.0,0.02
,,,,Role-Playing,0.02,0.0,0.0,0.0,0.02
,,,,Adventure,0.02,0.0,0.0,0.0,0.02
,,,,Sports,0.0,0.0,0.02,0.0,0.02
,,,,Racing,0.0,0.02,0.0,0.0,0.02
,,,,Racing,0.0,0.0,0.02,0.0,0.02
,,,,Role-Playing,0.02,0.0,0.0,0.0,0.02
,,,,Role-Playing,0.02,0.0,0.0,0.0,0.02
,,,,Action,0.0,0.0,0.02,0.0,0.02
,,,,Misc,0.02,0.0,0.0,0.0,0.02
,,,,Misc,0.02,0.0,0.0,0.0,0.02
,,,,Puzzle,0.0,0.01,0.01,0.0,0.02
,,,,Adventure,0.02,0.0,0.0,0.0,0.02
,,,,Fighting,0.02,0.0,0.0,0.0,0.02
,,,,Action,0.0,0.02,0.0,0.0,0.02
,,,,Shooter,0.0,0.02,0.0,0.0,0.02
,,,,Adventure,0.02,0.0,0.0,0.0,0.02
,,,,Racing,0.0,0.0,0.02,0.0,0.02
,,,,Adventure,0.02,0.0,0.0,0.0,0.02
,,,,Adventure,0.0,0.02,0.0,0.0,0.02
,,,,Adventure,0.02,0.0,0.0,0.0,0.02
,,,,Adventure,0.02,0.0,0.0,0.0,0.02
,,,,Action,0.0,0.01,0.01,0.0,0.02
,,,,Misc,0.02,0.0,0.0,0.0,0.02
,,,,Adventure,0.02,0.0,0.0,0.0,0.02
,,,,Role-Playing,0.02,0.0,0.0,0.0,0.02
,,,,Role-Playing,0.0,0.01,0.02,0.0,0.02
,,,,Fighting,0.0,0.0,0.02,0.0,0.02
,,,,Sports,0.0,0.0,0.02,0.0,0.02
,,,,Misc,0.02,0.0,0.0,0.0,0.02
,,,,Action,0.0,0.0,0.02,0.0,0.02
,,,,Racing,0.0,0.02,0.0,0.0,0.02
,,,,Action,0.0,0.02,0.0,0.0,0.02
,,,,Adventure,0.02,0.0,0.0,0.0,0.02
,,,,Action,0.02,0.0,0.0,0.0,0.02
,,,,Role-Playing,0.02,0.0,0.0,0.0,0.02
,,,,Sports,0.02,0.0,0.0,0.0,0.02
,,,,Action,0.0,0.0,0.02,0.0,0.02
,,,,Misc,0.0,0.0,0.02,0.0,0.02
,,,,Adventure,0.02,0.0,0.0,0.0,0.02
,,,,Adventure,0.02,0.0,0.0,0.0,0.02
,,,,Shooter,0.0,0.02,0.0,0.0,0.02
,,,,Action,0.0,0.01,0.01,0.0,0.02
,,,,Sports,0.0,0.0,0.02,0.0,0.02
,,,,Strategy,0.0,0.02,0.0,0.0,0.02
,,,,Racing,0.0,0.0,0.02,0.0,0.02
,,,,Fighting,0.0,0.01,0.01,0.0,0.02
,,,,Racing,0.0,0.01,0.01,0.0,0.02
,,,,Shooter,0.0,0.02,0.0,0.0,0.02
,,,,Shooter,0.0,0.02,0.0,0.0,0.02
,,,,Misc,0.02,0.0,0.0,0.0,0.02
,,,,Action,0.0,0.02,0.0,0.01,0.02
,,,,Adventure,0.02,0.0,0.0,0.0,0.02
,,,,Simulation,0.0,0.02,0.0,0.0,0.02
,,,,Strategy,0.0,0.02,0.0,0.0,0.02
,,,,Role-Playing,0.0,0.02,0.0,0.0,0.02
,,,,Puzzle,0.0,0.0,0.02,0.0,0.02
,,,,Strategy,0.0,0.01,0.02,0.0,0.02
,,,,Misc,0.02,0.0,0.0,0.0,0.02
,,,,Sports,0.0,0.0,0.02,0.0,0.02
,,,,Sports,0.0,0.01,0.01,0.0,0.02
,,,,Sports,0.0,0.0,0.02,0.0,0.02
,,,,Racing,0.0,0.02,0.0,0.0,0.02
,,,,Sports,0.0,0.02,0.0,0.0,0.02
,,,,Action,0.02,0.0,0.0,0.0,0.02
,,,,Shooter,0.0,0.0,0.02,0.0,0.02
,,,,Shooter,0.0,0.0,0.02,0.0,0.02
,,,,Action,0.02,0.0,0.0,0.0,0.02
,,,,Sports,0.0,0.0,0.02,0.0,0.02
,,,,Role-Playing,0.02,0.0,0.0,0.0,0.02
,,,,Fighting,0.0,0.01,0.01,0.0,0.02
,,,,Puzzle,0.02,0.0,0.0,0.0,0.02
,,,,Adventure,0.0,0.0,0.02,0.0,0.02
,,,,Simulation,0.0,0.02,0.0,0.0,0.02
,,,,Sports,0.0,0.01,0.01,0.0,0.02
,,,,Misc,0.02,0.0,0.0,0.0,0.02
,,,,Action,0.0,0.0,0.02,0.0,0.02
,,,,Simulation,0.0,0.0,0.02,0.0,0.02
,,,,Puzzle,0.02,0.0,0.0,0.0,0.02
,,,,Role-Playing,0.02,0.0,0.0,0.0,0.02
,,,,Adventure,0.0,0.0,0.02,0.0,0.02
,,,,Action,0.0,0.02,0.0,0.0,0.02
,,,,Strategy,0.0,0.02,0.0,0.0,0.02
,,,,Adventure,0.02,0.0,0.0,0.0,0.02
,,,,Role-Playing,0.0,0.02,0.0,0.0,0.02
,,,,Adventure,0.02,0.0,0.0,0.0,0.02
,,,,Shooter,0.02,0.0,0.0,0.0,0.02
,,,,Adventure,0.02,0.0,0.0,0.0,0.02
,,,,Puzzle,0.0,0.01,0.01,0.0,0.02
,,,,Adventure,0.0,0.02,0.0,0.0,0.02
,,,,Action,0.02,0.0,0.0,0.0,0.02
,,,,Misc,0.0,0.0,0.02,0.0,0.02
,,,,Shooter,0.0,0.02,0.0,0.0,0.02
,,,,Strategy,0.0,0.02,0.0,0.0,0.02
,,,,Action,0.02,0.0,0.0,0.0,0.02
,,,,Shooter,0.02,0.0,0.0,0.0,0.02
,,,,Misc,0.02,0.0,0.0,0.0,0.02
,,,,Misc,0.02,0.0,0.0,0.0,0.02
,,,,Strategy,0.0,0.0,0.02,0.0,0.02
,,,,Adventure,0.02,0.0,0.0,0.0,0.02
,,,,Racing,0.0,0.02,0.0,0.0,0.02
,,,,Shooter,0.0,0.0,0.02,0.0,0.02
,,,,Misc,0.02,0.0,0.0,0.0,0.02
,,,,Simulation,0.02,0.0,0.0,0.0,0.02
,,,,Simulation,0.0,0.0,0.02,0.0,0.02
,,,,Adventure,0.02,0.0,0.0,0.0,0.02
,,,,Action,0.0,0.0,0.02,0.0,0.02
,,,,Shooter,0.0,0.0,0.02,0.0,0.02
,,,,Action,0.0,0.01,0.01,0.0,0.02
,,,,Adventure,0.02,0.0,0.0,0.0,0.02
,,,,Adventure,0.0,0.02,0.0,0.0,0.02
,,,,Misc,0.02,0.0,0.0,0.0,0.02
,,,,Adventure,0.0,0.02,0.0,0.01,0.02
,,,,Racing,0.0,0.02,0.0,0.0,0.02
,,,,Sports,0.0,0.02,0.0,0.0,0.02
,,,,Sports,0.0,0.02,0.0,0.0,0.02
,,,,Strategy,0.0,0.01,0.01,0.0,0.02
,,,,Sports,0.0,0.01,0.01,0.0,0.02
,,,,Platform,0.0,0.0,0.02,0.0,0.02
,,,,Adventure,0.0,0.02,0.0,0.0,0.02
,,,,Sports,0.0,0.02,0.0,0.0,0.02
,,,,Adventure,0.02,0.0,0.0,0.0,0.02
,,,,Action,0.0,0.0,0.02,0.0,0.02
,,,,Adventure,0.0,0.0,0.02,0.0,0.02
,,,,Adventure,0.02,0.0,0.0,0.0,0.02
,,,,Strategy,0.02,0.0,0.0,0.0,0.02
,,,,Action,0.02,0.0,0.0,0.0,0.02
,,,,Adventure,0.02,0.0,0.0,0.0,0.02
,,,,Fighting,0.0,0.0,0.02,0.0,0.02
,,,,Role-Playing,0.0,0.02,0.0,0.0,0.02
,,,,Puzzle,0.0,0.0,0.02,0.0,0.02
,,,,Sports,0.02,0.0,0.0,0.0,0.02
,,,,Adventure,0.0,0.01,0.01,0.0,0.02
,,,,Adventure,0.02,0.0,0.0,0.0,0.02
,,,,Adventure,0.02,0.0,0.0,0.0,0.02
,,,,Adventure,0.02,0.0,0.0,0.0,0.02
,,,,Sports,0.0,0.0,0.02,0.0,0.02
,,,,Role-Playing,0.02,0.0,0.0,0.0,0.02
,,,,Racing,0.0,0.0,0.02,0.0,0.02
,,,,Role-Playing,0.0,0.02,0.0,0.0,0.02
,,,,Action,0.0,0.0,0.02,0.0,0.02
,,,,Simulation,0.0,0.01,0.01,0.0,0.02
,,,,Strategy,0.0,0.02,0.0,0.0,0.02
,,,,Misc,0.0,0.02,0.0,0.01,0.02
,,,,Role-Playing,0.0,0.02,0.0,0.0,0.02
,,,,Action,0.02,0.0,0.0,0.0,0.02
,,,,Puzzle,0.02,0.0,0.0,0.0,0.02
,,,,Puzzle,0.0,0.0,0.02,0.0,0.02
,,,,Action,0.02,0.0,0.0,0.0,0.02
,,,,Simulation,0.0,0.0,0.02,0.0,0.02
,,,,Adventure,0.02,0.0,0.0,0.0,0.02
,,,,Misc,0.02,0.0,0.0,0.0,0.02
,,,,Racing,0.0,0.0,0.02,0.0,0.02
,,,,Adventure,0.02,0.0,0.0,0.0,0.02
,,,,Shooter,0.0,0.01,0.01,0.0,0.02
,,,,Puzzle,0.0,0.02,0.0,0.0,0.02
,,,,Strategy,0.02,0.0,0.0,0.0,0.02
,,,,Platform,0.0,0.0,0.02,0.0,0.02
,,,,Action,0.0,0.02,0.0,0.0,0.02
,,,,Strategy,0.0,0.01,0.0,0.0,0.02
,,,,Shooter,0.0,0.0,0.02,0.0,0.02
,,,,Shooter,0.0,0.02,0.0,0.0,0.02
,,,,Adventure,0.02,0.0,0.0,0.0,0.02
,,,,Misc,0.0,0.02,0.0,0.0,0.02
,,,,Action,0.02,0.0,0.0,0.0,0.02
,,,,Fighting,0.02,0.0,0.0,0.0,0.02
,,,,Sports,0.02,0.0,0.0,0.0,0.02
,,,,Action,0.0,0.02,0.0,0.0,0.02
,,,,Racing,0.0,0.0,0.02,0.0,0.02
,,,,Puzzle,0.0,0.0,0.02,0.0,0.02
,,,,Misc,0.0,0.02,0.0,0.0,0.02
,,,,Sports,0.02,0.0,0.0,0.0,0.02
,,,,Adventure,0.02,0.0,0.0,0.0,0.02
,,,,Platform,0.0,0.0,0.02,0.0,0.02
,,,,Action,0.02,0.0,0.0,0.0,0.02
,,,,Racing,0.0,0.01,0.01,0.0,0.02
,,,,Adventure,0.02,0.0,0.0,0.0,0.02
,,,,Role-Playing,0.0,0.0,0.02,0.0,0.02
,,,,Action,0.01,0.0,0.01,0.0,0.02
,,,,Shooter,0.0,0.02,0.0,0.0,0.02
,,,,Simulation,0.02,0.0,0.0,0.0,0.02
,,,,Racing,0.0,0.0,0.02,0.0,0.02
,,,,Strategy,0.0,0.01,0.01,0.0,0.02
,,,,Misc,0.0,0.02,0.0,0.0,0.02
,,,,Misc,0.0,0.01,0.01,0.0,0.02
,,,,Misc,0.0,0.0,0.02,0.0,0.02
,,,,Shooter,0.0,0.01,0.02,0.0,0.02
,,,,Adventure,0.02,0.0,0.0,0.0,0.02
,,,,Misc,0.02,0.0,0.0,0.0,0.02
,,,,Shooter,0.0,0.0,0.02,0.0,0.02
,,,,Misc,0.02,0.0,0.0,0.0,0.02
,,,,Adventure,0.02,0.0,0.0,0.0,0.02
,,,,Adventure,0.0,0.0,0.02,0.0,0.02
,,,,Adventure,0.02,0.0,0.0,0.0,0.02
,,,,Sports,0.0,0.02,0.0,0.0,0.02
,,,,Puzzle,0.0,0.0,0.02,0.0,0.02
,,,,Adventure,0.02,0.0,0.0,0.0,0.02
,,,,Adventure,0.0,0.02,0.0,0.0,0.02
,,,,Strategy,0.0,0.01,0.0,0.01,0.02
,,,,Misc,0.02,0.0,0.0,0.0,0.02
,,,,Adventure,0.02,0.0,0.0,0.0,0.02
,,,,Strategy,0.0,0.02,0.0,0.0,0.02
,,,,Adventure,0.02,0.0,0.0,0.0,0.02
,,,,Adventure,0.02,0.0,0.0,0.0,0.02
,,,,Action,0.02,0.0,0.0,0.0,0.02
,,,,Platform,0.0,0.0,0.02,0.0,0.02
,,,,Adventure,0.02,0.0,0.0,0.0,0.02
,,,,Adventure,0.02,0.0,0.0,0.0,0.02
,,,,Racing,0.0,0.01,0.01,0.0,0.02
,,,,Role-Playing,0.02,0.0,0.0,0.0,0.02
,,,,Racing,0.0,0.02,0.0,0.0,0.02
,,,,Adventure,0.0,0.01,0.01,0.0,0.02
,,,,Platform,0.0,0.0,0.02,0.0,0.02
,,,,Adventure,0.02,0.0,0.0,0.0,0.02
,,,,Platform,0.0,0.0,0.02,0.0,0.02
,,,,Action,0.0,0.02,0.0,0.0,0.02
,,,,Misc,0.02,0.0,0.0,0.0,0.02
,,,,Role-Playing,0.0,0.02,0.0,0.0,0.02
,,,,Strategy,0.0,0.0,0.02,0.0,0.02
,,,,Strategy,0.0,0.02,0.0,0.0,0.02
,,,,Role-Playing,0.02,0.0,0.0,0.0,0.02
,,,,Fighting,0.0,0.0,0.02,0.0,0.02
,,,,Racing,0.0,0.01,0.01,0.0,0.02
,,,,Puzzle,0.0,0.0,0.01,0.0,0.02
,,,,Adventure,0.0,0.01,0.01,0.0,0.02
,,,,Adventure,0.02,0.0,0.0,0.0,0.02
,,,,Adventure,0.0,0.02,0.0,0.0,0.02
,,,,Action,0.0,0.0,0.02,0.0,0.02
,,,,Adventure,0.02,0.0,0.0,0.0,0.02
,,,,Sports,0.0,0.01,0.01,0.0,0.02
,,,,Adventure,0.0,0.02,0.0,0.0,0.02
,,,,Action,0.02,0.0,0.0,0.0,0.02
,,,,Adventure,0.02,0.0,0.0,0.0,0.02
,,,,Action,0.02,0.0,0.0,0.0,0.02
,,,,Simulation,0.02,0.0,0.0,0.0,0.02
,,,,Misc,0.0,0.01,0.01,0.0,0.02
,,,,Role-Playing,0.02,0.0,0.0,0.0,0.02
,,,,Shooter,0.0,0.0,0.02,0.0,0.02
,,,,Adventure,0.02,0.0,0.0,0.0,0.02
,,,,Role-Playing,0.0,0.02,0.0,0.0,0.02
,,,,Fighting,0.02,0.0,0.0,0.0,0.02
,,,,Role-Playing,0.02,0.0,0.0,0.0,0.02
,,,,Shooter,0.02,0.0,0.0,0.0,0.02
,,,,Action,0.0,0.0,0.02,0.0,0.02
,,,,Adventure,0.02,0.0,0.0,0.0,0.02
,,,,Puzzle,0.0,0.02,0.0,0.0,0.02
,,,,Action,0.0,0.02,0.0,0.0,0.02
,,,,Role-Playing,0.0,0.01,0.01,0.0,0.02
,,,,Action,0.0,0.0,0.01,0.0,0.02
,,,,Shooter,0.0,0.02,0.0,0.0,0.02
,,,,Adventure,0.02,0.0,0.0,0.0,0.02
,,,,Role-Playing,0.0,0.01,0.01,0.0,0.02
,,,,Adventure,0.02,0.0,0.0,0.0,0.02
,,,,Racing,0.0,0.02,0.0,0.0,0.02
,,,,Simulation,0.0,0.02,0.0,0.0,0.02
,,,,Sports,0.0,0.0,0.02,0.0,0.02
,,,,Adventure,0.02,0.0,0.0,0.0,0.02
,,,,Action,0.02,0.0,0.0,0.0,0.02
,,,,Sports,0.0,0.01,0.01,0.0,0.02
,,,,Strategy,0.0,0.02,0.0,0.0,0.02
,,,,Shooter,0.0,0.0,0.02,0.0,0.02
,,,,Shooter,0.0,0.0,0.02,0.0,0.02
,,,,Action,0.02,0.0,0.0,0.0,0.02
,,,,Simulation,0.0,0.02,0.0,0.0,0.02
,,,,Action,0.0,0.0,0.02,0.0,0.02
,,,,Action,0.02,0.0,0.0,0.0,0.02
,,,,Fighting,0.02,0.0,0.0,0.0,0.02
,,,,Adventure,0.02,0.0,0.0,0.0,0.02
,,,,Adventure,0.0,0.02,0.0,0.0,0.02
,,,,Misc,0.02,0.0,0.0,0.0,0.02
,,,,Sports,0.0,0.0,0.02,0.0,0.02
,,,,Platform,0.0,0.01,0.01,0.0,0.02
,,,,Racing,0.0,0.01,0.01,0.0,0.02
,,,,Shooter,0.0,0.0,0.02,0.0,0.02
,,,,Adventure,0.02,0.0,0.0,0.0,0.02
,,,,Simulation,0.02,0.0,0.0,0.0,0.02
,,,,Role-Playing,0.02,0.0,0.0,0.0,0.02
,,,,Adventure,0.0,0.0,0.02,0.0,0.02
,,,,Adventure,0.02,0.0,0.0,0.0,0.02
,,,,Role-Playing,0.02,0.0,0.0,0.0,0.02
,,,,Adventure,0.0,0.02,0.0,0.0,0.02
,,,,Action,0.0,0.02,0.0,0.0,0.02
,,,,Sports,0.0,0.0,0.02,0.0,0.02
,,,,Puzzle,0.0,0.0,0.02,0.0,0.02
,,,,Simulation,0.02,0.0,0.0,0.0,0.02
,,,,Strategy,0.02,0.0,0.0,0.0,0.02
,,,,Racing,0.0,0.0,0.02,0.0,0.02
,,,,Simulation,0.0,0.01,0.01,0.0,0.02
,,,,Adventure,0.0,0.01,0.01,0.0,0.02
,,,,Adventure,0.02,0.0,0.0,0.0,0.02
,,,,Role-Playing,0.02,0.0,0.0,0.0,0.02
,,,,Platform,0.0,0.01,0.01,0.0,0.02
,,,,Action,0.0,0.01,0.01,0.0,0.02
,,,,Action,0.02,0.0,0.0,0.0,0.02
,,,,Misc,0.02,0.0,0.0,0.0,0.02
,,,,Role-Playing,0.02,0.0,0.0,0.0,0.02
,,,,Misc,0.02,0.0,0.0,0.0,0.02
,,,,Racing,0.0,0.0,0.02,0.0,0.02
,,,,Adventure,0.02,0.0,0.0,0.0,0.02
,,,,Racing,0.0,0.02,0.0,0.0,0.02
,,,,Role-Playing,0.02,0.0,0.0,0.0,0.02
,,,,Misc,0.02,0.0,0.0,0.0,0.02
,,,,Action,0.02,0.0,0.0,0.0,0.02
,,,,Role-Playing,0.0,0.02,0.0,0.0,0.02
,,,,Action,0.0,0.02,0.0,0.0,0.02
,,,,Simulation,0.0,0.0,0.02,0.0,0.02
,,,,Simulation,0.02,0.0,0.0,0.0,0.02
,,,,Action,0.02,0.0,0.0,0.0,0.02
,,,,Role-Playing,0.02,0.0,0.0,0.0,0.02
,,,,Racing,0.0,0.0,0.01,0.0,0.02
,,,,Adventure,0.01,0.01,0.0,0.0,0.02
,,,,Sports,0.0,0.0,0.02,0.0,0.02
,,,,Sports,0.02,0.0,0.0,0.0,0.02
,,,,Action,0.02,0.0,0.0,0.0,0.02
,,,,Action,0.02,0.0,0.0,0.0,0.02
,,,,Adventure,0.02,0.0,0.0,0.0,0.02
,,,,Fighting,0.02,0.0,0.0,0.0,0.02
,,,,Racing,0.0,0.01,0.01,0.0,0.02
,,,,Action,0.0,0.01,0.01,0.0,0.02
,,,,Role-Playing,0.0,0.02,0.0,0.0,0.02
,,,,Simulation,0.02,0.0,0.0,0.0,0.02
,,,,Sports,0.0,0.01,0.01,0.0,0.02
,,,,Puzzle,0.0,0.0,0.02,0.0,0.02
,,,,Adventure,0.02,0.0,0.0,0.0,0.02
,,,,Strategy,0.0,0.02,0.0,0.0,0.02
,,,,Simulation,0.0,0.02,0.0,0.0,0.02
,,,,Adventure,0.02,0.0,0.0,0.0,0.02
,,,,Strategy,0.0,0.02,0.0,0.0,0.02
,,,,Puzzle,0.0,0.0,0.01,0.0,0.02
,,,,Role-Playing,0.02,0.0,0.0,0.0,0.02
,,,,Misc,0.0,0.0,0.01,0.0,0.02
,,,,Adventure,0.02,0.0,0.0,0.0,0.02
,,,,Adventure,0.02,0.0,0.0,0.0,0.02
,,,,Simulation,0.0,0.02,0.0,0.0,0.02
,,,,Adventure,0.02,0.0,0.0,0.0,0.02
,,,,Platform,0.0,0.01,0.01,0.0,0.02
,,,,Strategy,0.0,0.0,0.02,0.0,0.02
,,,,Simulation,0.0,0.01,0.0,0.0,0.02
,,,,Role-Playing,0.02,0.0,0.0,0.0,0.02
,,,,Sports,0.0,0.02,0.0,0.0,0.02
,,,,Simulation,0.0,0.02,0.0,0.0,0.02
,,,,Action,0.02,0.0,0.0,0.0,0.02
,,,,Action,0.0,0.01,0.01,0.0,0.02
,,,,Role-Playing,0.0,0.01,0.01,0.0,0.02
,,,,Adventure,0.0,0.02,0.0,0.0,0.02
,,,,Puzzle,0.0,0.02,0.0,0.0,0.02
,,,,Shooter,0.0,0.01,0.0,0.0,0.02
,,,,Action,0.0,0.01,0.01,0.0,0.02
,,,,Simulation,0.02,0.0,0.0,0.0,0.02
,,,,Puzzle,0.0,0.01,0.0,0.0,0.02
,,,,Action,0.02,0.0,0.0,0.0,0.02
,,,,Action,0.0,0.02,0.0,0.0,0.02
,,,,Action,0.0,0.02,0.0,0.0,0.02
,,,,Sports,0.0,0.02,0.0,0.0,0.02
,,,,Puzzle,0.0,0.0,0.02,0.0,0.02
,,,,Role-Playing,0.02,0.0,0.0,0.0,0.02
,,,,Strategy,0.02,0.0,0.0,0.0,0.02
,,,,Simulation,0.0,0.02,0.0,0.0,0.02
,,,,Action,0.02,0.0,0.0,0.0,0.02
,,,,Action,0.02,0.0,0.0,0.0,0.02
,,,,Action,0.0,0.0,0.02,0.0,0.02
,,,,Strategy,0.0,0.02,0.0,0.0,0.02
,,,,Role-Playing,0.0,0.02,0.0,0.0,0.02
,,,,Role-Playing,0.0,0.01,0.01,0.0,0.02
,,,,Shooter,0.0,0.02,0.0,0.0,0.02
,,,,Adventure,0.02,0.0,0.0,0.0,0.02
,,,,Fighting,0.0,0.0,0.01,0.0,0.02
,,,,Adventure,0.02,0.0,0.0,0.0,0.02
,,,,Sports,0.0,0.0,0.02,0.0,0.02
,,,,Role-Playing,0.02,0.0,0.0,0.0,0.02
,,,,Shooter,0.0,0.02,0.0,0.0,0.02
,,,,Adventure,0.02,0.0,0.0,0.0,0.02
,,,,Shooter,0.0,0.02,0.0,0.0,0.02
,,,,Adventure,0.02,0.0,0.0,0.0,0.02
,,,,Sports,0.0,0.02,0.0,0.0,0.02
,,,,Action,0.0,0.02,0.0,0.0,0.02
,,,,Platform,0.0,0.01,0.01,0.0,0.02
,,,,Puzzle,0.0,0.02,0.0,0.0,0.02
,,,,Strategy,0.0,0.02,0.0,0.0,0.02
,,,,Action,0.02,0.0,0.0,0.0,0.02
,,,,Adventure,0.0,0.02,0.0,0.0,0.02
,,,,Sports,0.02,0.0,0.0,0.0,0.02
,,,,Action,0.02,0.0,0.0,0.0,0.02
,,,,Sports,0.0,0.01,0.01,0.0,0.02
,,,,Action,0.02,0.0,0.0,0.0,0.02
,,,,Role-Playing,0.02,0.0,0.0,0.0,0.02
,,,,Racing,0.02,0.0,0.0,0.0,0.02
,,,,Fighting,0.02,0.0,0.0,0.0,0.02
,,,,Adventure,0.02,0.0,0.0,0.0,0.02
,,,,Simulation,0.02,0.0,0.0,0.0,0.02
,,,,Shooter,0.0,0.0,0.02,0.0,0.02
,,,,Adventure,0.0,0.01,0.01,0.0,0.02
,,,,Action,0.0,0.0,0.02,0.0,0.02
,,,,Adventure,0.02,0.0,0.0,0.0,0.02
,,,,Platform,0.0,0.0,0.01,0.0,0.02
,,,,Strategy,0.0,0.02,0.0,0.0,0.02
,,,,Strategy,0.0,0.01,0.01,0.0,0.02
,,,,Platform,0.0,0.0,0.01,0.0,0.02
,,,,Action,0.02,0.0,0.0,0.0,0.02
,,,,Simulation,0.0,0.02,0.0,0.0,0.02
,,,,Strategy,0.02,0.0,0.0,0.0,0.02
,,,,Role-Playing,0.02,0.0,0.0,0.0,0.02
,,,,Strategy,0.0,0.02,0.0,0.0,0.02
,,,,Action,0.02,0.0,0.0,0.0,0.02
,,,,Racing,0.0,0.0,0.01,0.0,0.02
,,,,Misc,0.0,0.02,0.0,0.0,0.02
,,,,Action,0.02,0.0,0.0,0.0,0.02
,,,,Shooter,0.0,0.0,0.02,0.0,0.02
,,,,Puzzle,0.0,0.02,0.0,0.0,0.02
,,,,Sports,0.0,0.0,0.01,0.0,0.02
,,,,Misc,0.02,0.0,0.0,0.0,0.02
,,,,Simulation,0.0,0.0,0.02,0.0,0.02
,,,,Strategy,0.0,0.01,0.01,0.0,0.02
,,,,Fighting,0.02,0.0,0.0,0.0,0.02
,,,,Shooter,0.02,0.0,0.0,0.0,0.02
,,,,Shooter,0.0,0.01,0.01,0.0,0.02
,,,,Adventure,0.02,0.0,0.0,0.0,0.02
,,,,Action,0.02,0.0,0.0,0.0,0.02
,,,,Adventure,0.02,0.0,0.0,0.0,0.02
,,,,Action,0.02,0.0,0.0,0.0,0.02
,,,,Adventure,0.0,0.02,0.0,0.0,0.02
,,,,Misc,0.02,0.0,0.0,0.0,0.02
,,,,Action,0.02,0.0,0.0,0.0,0.02
,,,,Role-Playing,0.02,0.0,0.0,0.0,0.02
,,,,Shooter,0.02,0.0,0.0,0.0,0.02
,,,,Puzzle,0.0,0.01,0.01,0.0,0.02
,,,,Role-Playing,0.02,0.0,0.0,0.0,0.02
,,,,Simulation,0.0,0.02,0.0,0.0,0.02
,,,,Racing,0.0,0.0,0.02,0.0,0.02
,,,,Simulation,0.02,0.0,0.0,0.0,0.02
,,,,Misc,0.0,0.0,0.01,0.0,0.02
,,,,Action,0.0,0.0,0.01,0.0,0.02
,,,,Racing,0.0,0.01,0.0,0.0,0.02
,,,,Misc,0.0,0.01,0.01,0.0,0.02
,,,,Adventure,0.02,0.0,0.0,0.0,0.02
,,,,Action,0.0,0.0,0.01,0.0,0.02
,,,,Adventure,0.02,0.0,0.0,0.0,0.02
,,,,Adventure,0.02,0.0,0.0,0.0,0.02
,,,,Sports,0.0,0.0,0.01,0.0,0.02
,,,,Action,0.0,0.0,0.02,0.0,0.02
,,,,Sports,0.0,0.0,0.02,0.0,0.02
,,,,Action,0.02,0.0,0.0,0.0,0.02
,,,,Action,0.02,0.0,0.0,0.0,0.02
,,,,Misc,0.0,0.0,0.01,0.0,0.02
,,,,Shooter,0.0,0.0,0.01,0.0,0.02
,,,,Shooter,0.02,0.0,0.0,0.0,0.02
,,,,Action,0.02,0.0,0.0,0.0,0.02
,,,,Action,0.0,0.0,0.01,0.0,0.02
,,,,Simulation,0.02,0.0,0.0,0.0,0.02
,,,,Puzzle,0.0,0.02,0.0,0.0,0.02
,,,,Action,0.0,0.01,0.01,0.0,0.02
,,,,Shooter,0.0,0.01,0.0,0.0,0.02
,,,,Adventure,0.02,0.0,0.0,0.0,0.02
,,,,Action,0.02,0.0,0.0,0.0,0.02
,,,,Misc,0.02,0.0,0.0,0.0,0.02
,,,,Simulation,0.02,0.0,0.0,0.0,0.02
,,,,Adventure,0.0,0.0,0.01,0.0,0.02
,,,,Misc,0.0,0.0,0.02,0.0,0.02
,,,,Shooter,0.0,0.01,0.01,0.0,0.02
,,,,Adventure,0.02,0.0,0.0,0.0,0.02
,,,,Adventure,0.02,0.0,0.0,0.0,0.02
,,,,Strategy,0.02,0.0,0.0,0.0,0.02
,,,,Adventure,0.02,0.0,0.0,0.0,0.02
,,,,Sports,0.02,0.0,0.0,0.0,0.02
,,,,Adventure,0.02,0.0,0.0,0.0,0.02
,,,,Action,0.02,0.0,0.0,0.0,0.02
,,,,Misc,0.02,0.0,0.0,0.0,0.02
,,,,Adventure,0.02,0.0,0.0,0.0,0.02
,,,,Platform,0.0,0.0,0.01,0.0,0.02
,,,,Role-Playing,0.02,0.0,0.0,0.0,0.02
,,,,Action,0.02,0.0,0.0,0.0,0.02
,,,,Action,0.02,0.0,0.0,0.0,0.02
,,,,Adventure,0.0,0.0,0.01,0.0,0.02
,,,,Sports,0.0,0.01,0.0,0.0,0.02
,,,,Adventure,0.02,0.0,0.0,0.0,0.02
,,,,Role-Playing,0.0,0.01,0.0,0.0,0.02
,,,,Misc,0.02,0.0,0.0,0.0,0.02
,,,,Simulation,0.0,0.02,0.0,0.0,0.02
,,,,Racing,0.0,0.0,0.01,0.0,0.02
,,,,Role-Playing,0.02,0.0,0.0,0.0,0.02
,,,,Action,0.02,0.0,0.0,0.0,0.02
,,,,Strategy,0.0,0.0,0.02,0.0,0.02
,,,,Action,0.0,0.02,0.0,0.0,0.02
,,,,Sports,0.0,0.0,0.02,0.0,0.02
,,,,Misc,0.0,0.02,0.0,0.0,0.02
,,,,Action,0.0,0.0,0.02,0.0,0.02
,,,,Role-Playing,0.02,0.0,0.0,0.0,0.02
,,,,Misc,0.02,0.0,0.0,0.0,0.02
,,,,Action,0.02,0.0,0.0,0.0,0.02
,,,,Sports,0.0,0.01,0.01,0.0,0.02
,,,,Sports,0.0,0.0,0.02,0.0,0.02
,,,,Misc,0.02,0.0,0.0,0.0,0.02
,,,,Racing,0.0,0.01,0.0,0.0,0.02
,,,,Puzzle,0.0,0.01,0.0,0.0,0.02
,,,,Adventure,0.02,0.0,0.0,0.0,0.02
,,,,Simulation,0.02,0.0,0.0,0.0,0.02
,,,,Role-Playing,0.02,0.0,0.0,0.0,0.02
,,,,Misc,0.02,0.0,0.0,0.0,0.02
,,,,Action,0.02,0.0,0.0,0.0,0.02
,,,,Puzzle,0.0,0.01,0.0,0.0,0.02
,,,,Misc,0.02,0.0,0.0,0.0,0.02
,,,,Puzzle,0.0,0.0,0.02,0.0,0.02
,,,,Sports,0.0,0.0,0.01,0.0,0.02
,,,,Sports,0.02,0.0,0.0,0.0,0.02
,,,,Racing,0.0,0.0,0.01,0.0,0.02
,,,,Action,0.0,0.0,0.01,0.0,0.02
,,,,Shooter,0.02,0.0,0.0,0.0,0.02
,,,,Sports,0.0,0.0,0.02,0.0,0.02
,,,,Shooter,0.0,0.01,0.0,0.0,0.02
,,,,Fighting,0.02,0.0,0.0,0.0,0.02
,,,,Simulation,0.0,0.02,0.0,0.0,0.02
,,,,Strategy,0.0,0.01,0.0,0.0,0.02
,,,,Misc,0.02,0.0,0.0,0.0,0.02
,,,,Adventure,0.02,0.0,0.0,0.0,0.02
,,,,Puzzle,0.0,0.01,0.01,0.0,0.02
,,,,Shooter,0.0,0.0,0.02,0.0,0.02
,,,,Misc,0.02,0.0,0.0,0.0,0.02
,,,,Action,0.02,0.0,0.0,0.0,0.02
,,,,Action,0.0,0.0,0.01,0.0,0.02
,,,,Shooter,0.0,0.0,0.02,0.0,0.02
,,,,Sports,0.0,0.02,0.0,0.0,0.02
,,,,Adventure,0.0,0.01,0.0,0.0,0.02
,,,,Action,0.0,0.02,0.0,0.0,0.02
,,,,Action,0.02,0.0,0.0,0.0,0.02
,,,,Adventure,0.02,0.0,0.0,0.0,0.02
,,,,Action,0.02,0.0,0.0,0.0,0.02
,,,,Misc,0.02,0.0,0.0,0.0,0.02
,,,,Racing,0.0,0.01,0.01,0.0,0.02
,,,,Action,0.0,0.02,0.0,0.0,0.02
,,,,Adventure,0.02,0.0,0.0,0.0,0.02
,,,,Adventure,0.02,0.0,0.0,0.0,0.02
,,,,Sports,0.0,0.02,0.0,0.0,0.02
,,,,Puzzle,0.0,0.0,0.01,0.0,0.02
,,,,Adventure,0.02,0.0,0.0,0.0,0.02
,,,,Puzzle,0.0,0.0,0.02,0.0,0.02
,,,,Adventure,0.02,0.0,0.0,0.0,0.02
,,,,Action,0.0,0.01,0.0,0.0,0.02
,,,,Racing,0.0,0.0,0.02,0.0,0.02
,,,,Action,0.0,0.01,0.01,0.0,0.02
,,,,Fighting,0.02,0.0,0.0,0.0,0.02
,,,,Role-Playing,0.0,0.0,0.01,0.0,0.02
,,,,Fighting,0.0,0.0,0.01,0.0,0.02
,,,,Puzzle,0.0,0.0,0.01,0.0,0.02
,,,,Simulation,0.0,0.01,0.01,0.0,0.02
,,,,Action,0.02,0.0,0.0,0.0,0.02
,,,,Action,0.02,0.0,0.0,0.0,0.02
,,,,Misc,0.02,0.0,0.0,0.0,0.02
,,,,Shooter,0.0,0.0,0.01,0.0,0.02
,,,,Role-Playing,0.02,0.0,0.0,0.0,0.02
,,,,Action,0.0,0.02,0.0,0.0,0.02
,,,,Action,0.0,0.01,0.01,0.0,0.02
,,,,Adventure,0.02,0.0,0.0,0.0,0.02
,,,,Role-Playing,0.02,0.0,0.0,0.0,0.02
,,,,Action,0.02,0.0,0.0,0.0,0.02
,,,,Sports,0.0,0.0,0.01,0.0,0.02
,,,,Sports,0.0,0.02,0.0,0.0,0.02
,,,,Sports,0.0,0.02,0.0,0.0,0.02
,,,,Sports,0.0,0.0,0.01,0.0,0.02
,,,,Role-Playing,0.0,0.01,0.01,0.0,0.02
,,,,Sports,0.0,0.0,0.02,0.0,0.02
,,,,Misc,0.0,0.0,0.01,0.0,0.02
,,,,Simulation,0.0,0.01,0.0,0.0,0.02
,,,,Role-Playing,0.0,0.01,0.01,0.0,0.02
,,,,Sports,0.0,0.0,0.01,0.0,0.02
,,,,Puzzle,0.0,0.01,0.0,0.0,0.02
,,,,Platform,0.0,0.0,0.01,0.0,0.02
,,,,Platform,0.0,0.0,0.02,0.0,0.02
,,,,Racing,0.0,0.01,0.0,0.0,0.02
,,,,Action,0.0,0.0,0.02,0.0,0.02
,,,,Misc,0.02,0.0,0.0,0.0,0.02
,,,,Strategy,0.02,0.0,0.0,0.0,0.02
,,,,Sports,0.0,0.0,0.01,0.0,0.02
,,,,Shooter,0.0,0.01,0.01,0.0,0.02
,,,,Role-Playing,0.02,0.0,0.0,0.0,0.02
,,,,Misc,0.0,0.01,0.0,0.0,0.02
,,,,Misc,0.02,0.0,0.0,0.0,0.02
,,,,Racing,0.02,0.0,0.0,0.0,0.02
,,,,Racing,0.0,0.0,0.01,0.0,0.02
,,,,Racing,0.0,0.0,0.01,0.0,0.02
,,,,Role-Playing,0.02,0.0,0.0,0.0,0.02
,,,,Puzzle,0.0,0.0,0.01,0.0,0.02
,,,,Shooter,0.0,0.01,0.0,0.0,0.02
,,,,Sports,0.0,0.01,0.01,0.0,0.02
,,,,Role-Playing,0.02,0.0,0.0,0.0,0.02
,,,,Shooter,0.0,0.0,0.01,0.0,0.02
,,,,Platform,0.0,0.0,0.01,0.0,0.02
,,,,Action,0.02,0.0,0.0,0.0,0.02
,,,,Sports,0.0,0.0,0.02,0.0,0.02
,,,,Misc,0.0,0.02,0.0,0.0,0.02
,,,,Adventure,0.0,0.01,0.0,0.0,0.02
,,,,Role-Playing,0.02,0.0,0.0,0.0,0.02
,,,,Strategy,0.0,0.01,0.0,0.0,0.02
,,,,Simulation,0.02,0.0,0.0,0.0,0.02
,,,,Adventure,0.02,0.0,0.0,0.0,0.02
,,,,Simulation,0.02,0.0,0.0,0.0,0.02
,,,,Misc,0.0,0.0,0.02,0.0,0.02
,,,,Strategy,0.02,0.0,0.0,0.0,0.02
,,,,Sports,0.02,0.0,0.0,0.0,0.02
,,,,Action,0.0,0.0,0.02,0.0,0.02
,,,,Adventure,0.02,0.0,0.0,0.0,0.02
,,,,Shooter,0.02,0.0,0.0,0.0,0.02
,,,,Adventure,0.02,0.0,0.0,0.0,0.02
,,,,Adventure,0.0,0.01,0.0,0.0,0.02
,,,,Shooter,0.0,0.0,0.01,0.0,0.02
,,,,Puzzle,0.0,0.0,0.02,0.0,0.02
,,,,Strategy,0.0,0.01,0.0,0.0,0.02
,,,,Adventure,0.02,0.0,0.0,0.0,0.02
,,,,Misc,0.02,0.0,0.0,0.0,0.02
,,,,Misc,0.02,0.0,0.0,0.0,0.02
,,,,Action,0.0,0.01,0.0,0.0,0.02
,,,,Action,0.0,0.02,0.0,0.0,0.02
,,,,Adventure,0.02,0.0,0.0,0.0,0.02
,,,,Adventure,0.02,0.0,0.0,0.0,0.02
,,,,Adventure,0.02,0.0,0.0,0.0,0.02
,,,,Misc,0.0,0.0,0.01,0.0,0.02
,,,,Adventure,0.0,0.0,0.02,0.0,0.02
,,,,Adventure,0.0,0.01,0.01,0.0,0.02
,,,,Adventure,0.0,0.02,0.0,0.0,0.02
,,,,Adventure,0.0,0.01,0.0,0.0,0.02
,,,,Strategy,0.02,0.0,0.0,0.0,0.02
,,,,Adventure,0.02,0.0,0.0,0.0,0.02
,,,,Action,0.02,0.0,0.0,0.0,0.02
,,,,Adventure,0.02,0.0,0.0,0.0,0.02
,,,,Role-Playing,0.0,0.0,0.02,0.0,0.02
,,,,Action,0.0,0.01,0.0,0.0,0.02
,,,,Misc,0.0,0.01,0.01,0.0,0.02
,,,,Adventure,0.02,0.0,0.0,0.0,0.02
,,,,Shooter,0.0,0.0,0.01,0.0,0.02
,,,,Action,0.0,0.01,0.0,0.0,0.02
,,,,Adventure,0.02,0.0,0.0,0.0,0.02
,,,,Action,0.0,0.0,0.01,0.0,0.02
,,,,Adventure,0.02,0.0,0.0,0.0,0.02
,,,,Role-Playing,0.02,0.0,0.0,0.0,0.02
,,,,Fighting,0.0,0.01,0.01,0.0,0.02
,,,,Adventure,0.02,0.0,0.0,0.0,0.02
,,,,Strategy,0.0,0.01,0.0,0.0,0.02
,,,,Adventure,0.0,0.02,0.0,0.0,0.02
,,,,Sports,0.0,0.0,0.02,0.0,0.02
,,,,Action,0.0,0.0,0.01,0.0,0.02
,,,,Strategy,0.0,0.0,0.01,0.0,0.02
,,,,Racing,0.0,0.0,0.02,0.0,0.02
,,,,Action,0.02,0.0,0.0,0.0,0.02
,,,,Action,0.02,0.0,0.0,0.0,0.02
,,,,Misc,0.0,0.0,0.01,0.0,0.02
,,,,Racing,0.0,0.0,0.01,0.0,0.02
,,,,Platform,0.0,0.0,0.01,0.0,0.02
,,,,Adventure,0.02,0.0,0.0,0.0,0.02
,,,,Adventure,0.02,0.0,0.0,0.0,0.02
,,,,Misc,0.0,0.0,0.02,0.0,0.02
,,,,Sports,0.0,0.01,0.0,0.0,0.02
,,,,Action,0.02,0.0,0.0,0.0,0.02
,,,,Strategy,0.0,0.01,0.0,0.0,0.02
,,,,Simulation,0.0,0.0,0.01,0.0,0.02
,,,,Misc,0.0,0.01,0.0,0.0,0.02
,,,,Adventure,0.02,0.0,0.0,0.0,0.02
,,,,Action,0.0,0.01,0.0,0.0,0.02
,,,,Sports,0.0,0.01,0.0,0.0,0.02
,,,,Misc,0.02,0.0,0.0,0.0,0.02
,,,,Action,0.0,0.01,0.0,0.0,0.02
,,,,Action,0.02,0.0,0.0,0.0,0.02
,,,,Simulation,0.0,0.0,0.01,0.0,0.02
,,,,Misc,0.02,0.0,0.0,0.0,0.02
,,,,Adventure,0.02,0.0,0.0,0.0,0.02
,,,,Adventure,0.02,0.0,0.0,0.0,0.02
,,,,Action,0.02,0.0,0.0,0.0,0.02
,,,,Shooter,0.0,0.0,0.01,0.0,0.02
,,,,Sports,0.0,0.02,0.0,0.0,0.02
,,,,Racing,0.0,0.0,0.02,0.0,0.02
,,,,Puzzle,0.0,0.0,0.02,0.0,0.02
,,,,Puzzle,0.0,0.0,0.01,0.0,0.02
,,,,Adventure,0.0,0.01,0.01,0.0,0.02
,,,,Action,0.0,0.01,0.01,0.0,0.02
,,,,Misc,0.02,0.0,0.0,0.0,0.02
,,,,Role-Playing,0.0,0.02,0.0,0.0,0.02
,,,,Action,0.02,0.0,0.0,0.0,0.02
,,,,Strategy,0.02,0.0,0.0,0.0,0.02
,,,,Action,0.0,0.0,0.01,0.0,0.02
,,,,Adventure,0.0,0.01,0.0,0.0,0.02
,,,,Action,0.02,0.0,0.0,0.0,0.02
,,,,Action,0.02,0.0,0.0,0.0,0.02
,,,,Adventure,0.02,0.0,0.0,0.0,0.02
,,,,Adventure,0.02,0.0,0.0,0.0,0.02
,,,,Puzzle,0.0,0.0,0.02,0.0,0.02
,,,,Racing,0.02,0.0,0.0,0.0,0.02
,,,,Shooter,0.0,0.0,0.01,0.0,0.02
,,,,Adventure,0.02,0.0,0.0,0.0,0.02
,,,,Misc,0.02,0.0,0.0,0.0,0.02
,,,,Strategy,0.0,0.01,0.0,0.0,0.02
,,,,Adventure,0.02,0.0,0.0,0.0,0.02
,,,,Action,0.02,0.0,0.0,0.0,0.02
,,,,Action,0.02,0.0,0.0,0.0,0.02
,,,,Shooter,0.0,0.01,0.0,0.0,0.02
,,,,Simulation,0.02,0.0,0.0,0.0,0.02
,,,,Misc,0.02,0.0,0.0,0.0,0.02
,,,,Platform,0.0,0.0,0.02,0.0,0.02
,,,,Racing,0.0,0.01,0.0,0.0,0.02
,,,,Role-Playing,0.02,0.0,0.0,0.0,0.02
,,,,Action,0.0,0.01,0.0,0.0,0.02
,,,,Adventure,0.02,0.0,0.0,0.0,0.02
,,,,Action,0.0,0.01,0.0,0.0,0.02
,,,,Sports,0.02,0.0,0.0,0.0,0.02
,,,,Action,0.0,0.01,0.01,0.0,0.02
,,,,Sports,0.0,0.0,0.01,0.0,0.02
,,,,Adventure,0.02,0.0,0.0,0.0,0.02
,,,,Shooter,0.0,0.0,0.01,0.0,0.02
,,,,Simulation,0.0,0.01,0.0,0.0,0.02
,,,,Sports,0.0,0.02,0.0,0.0,0.02
,,,,Platform,0.0,0.01,0.0,0.0,0.02
,,,,Action,0.02,0.0,0.0,0.0,0.02
,,,,Sports,0.0,0.0,0.01,0.0,0.02
,,,,Racing,0.0,0.0,0.01,0.0,0.02
,,,,Strategy,0.0,0.01,0.01,0.0,0.02
,,,,Sports,0.0,0.01,0.0,0.0,0.02
,,,,Adventure,0.02,0.0,0.0,0.0,0.02
,,,,Shooter,0.0,0.01,0.01,0.0,0.02
,,,,Misc,0.0,0.0,0.02,0.0,0.02
,,,,Adventure,0.02,0.0,0.0,0.0,0.02
,,,,Role-Playing,0.02,0.0,0.0,0.0,0.02
,,,,Action,0.02,0.0,0.0,0.0,0.02
,,,,Sports,0.0,0.02,0.0,0.0,0.02
,,,,Action,0.02,0.0,0.0,0.0,0.02
,,,,Racing,0.0,0.01,0.0,0.0,0.02
,,,,Adventure,0.02,0.0,0.0,0.0,0.02
,,,,Strategy,0.0,0.01,0.0,0.0,0.02
,,,,Puzzle,0.0,0.0,0.02,0.0,0.02
,,,,Action,0.0,0.0,0.01,0.0,0.02
,,,,Sports,0.02,0.0,0.0,0.0,0.02
,,,,Shooter,0.0,0.0,0.02,0.0,0.02
,,,,Strategy,0.0,0.01,0.0,0.0,0.02
,,,,Action,0.0,0.0,0.01,0.0,0.02
,,,,Sports,0.0,0.01,0.0,0.0,0.02
,,,,Strategy,0.0,0.0,0.01,0.0,0.02
,,,,Action,0.02,0.0,0.0,0.0,0.02
,,,,Action,0.02,0.0,0.0,0.0,0.02
,,,,Adventure,0.0,0.01,0.0,0.0,0.02
,,,,Puzzle,0.02,0.0,0.0,0.0,0.02
,,,,Misc,0.0,0.0,0.01,0.0,0.02
,,,,Misc,0.02,0.0,0.0,0.0,0.02
,,,,Shooter,0.0,0.0,0.02,0.0,0.02
,,,,Adventure,0.02,0.0,0.0,0.0,0.02
,,,,Misc,0.02,0.0,0.0,0.0,0.02
,,,,Simulation,0.0,0.01,0.01,0.0,0.02
,,,,Simulation,0.0,0.0,0.02,0.0,0.02
,,,,Platform,0.0,0.0,0.01,0.0,0.02
,,,,Strategy,0.0,0.01,0.0,0.0,0.02
,,,,Shooter,0.0,0.01,0.0,0.0,0.02
,,,,Puzzle,0.0,0.01,0.0,0.0,0.02
,,,,Sports,0.0,0.01,0.0,0.0,0.02
,,,,Action,0.0,0.0,0.02,0.0,0.02
,,,,Adventure,0.02,0.0,0.0,0.0,0.02
,,,,Role-Playing,0.02,0.0,0.0,0.0,0.02
,,,,Action,0.02,0.0,0.0,0.0,0.02
,,,,Misc,0.02,0.0,0.0,0.0,0.02
,,,,Misc,0.02,0.0,0.0,0.0,0.02
,,,,Adventure,0.02,0.0,0.0,0.0,0.02
,,,,Adventure,0.02,0.0,0.0,0.0,0.02
,,,,Action,0.02,0.0,0.0,0.0,0.02
,,,,Role-Playing,0.02,0.0,0.0,0.0,0.02
,,,,Shooter,0.0,0.0,0.01,0.0,0.02
,,,,Misc,0.02,0.0,0.0,0.0,0.02
,,,,Sports,0.02,0.0,0.0,0.0,0.02
,,,,Racing,0.0,0.0,0.01,0.0,0.02
,,,,Shooter,0.0,0.0,0.01,0.0,0.02
,,,,Shooter,0.0,0.0,0.02,0.0,0.02
,,,,Simulation,0.0,0.01,0.0,0.0,0.02
,,,,Role-Playing,0.0,0.0,0.01,0.0,0.02
,,,,Misc,0.02,0.0,0.0,0.0,0.02
,,,,Adventure,0.02,0.0,0.0,0.0,0.02
,,,,Action,0.0,0.01,0.0,0.0,0.02
,,,,Action,0.0,0.01,0.0,0.0,0.02
,,,,Platform,0.0,0.01,0.0,0.0,0.02
,,,,Adventure,0.02,0.0,0.0,0.0,0.02
,,,,Adventure,0.02,0.0,0.0,0.0,0.02
,,,,Action,0.02,0.0,0.0,0.0,0.02
,,,,Adventure,0.02,0.0,0.0,0.0,0.02
,,,,Sports,0.0,0.0,0.01,0.0,0.02
,,,,Strategy,0.02,0.0,0.0,0.0,0.02
,,,,Action,0.02,0.0,0.0,0.0,0.02
,,,,Action,0.02,0.0,0.0,0.0,0.02
,,,,Strategy,0.0,0.0,0.01,0.0,0.02
,,,,Racing,0.0,0.0,0.01,0.0,0.02
,,,,Adventure,0.02,0.0,0.0,0.0,0.02
,,,,Shooter,0.0,0.0,0.01,0.0,0.02
,,,,Shooter,0.02,0.0,0.0,0.0,0.02
,,,,Simulation,0.0,0.0,0.01,0.0,0.02
,,,,Sports,0.0,0.01,0.0,0.0,0.02
,,,,Action,0.0,0.0,0.01,0.0,0.02
,,,,Misc,0.02,0.0,0.0,0.0,0.02
,,,,Misc,0.0,0.01,0.0,0.0,0.02
,,,,Misc,0.02,0.0,0.0,0.0,0.02
,,,,Strategy,0.0,0.0,0.01,0.0,0.02
,,,,Adventure,0.02,0.0,0.0,0.0,0.02
,,,,Shooter,0.02,0.0,0.0,0.0,0.02
,,,,Adventure,0.02,0.0,0.0,0.0,0.02
,,,,Racing,0.0,0.0,0.01,0.0,0.02
,,,,Adventure,0.02,0.0,0.0,0.0,0.02
,,,,Fighting,0.02,0.0,0.0,0.0,0.02
,,,,Strategy,0.02,0.0,0.0,0.0,0.02
,,,,Sports,0.0,0.01,0.0,0.0,0.02
,,,,Adventure,0.02,0.0,0.0,0.0,0.02
,,,,Platform,0.0,0.0,0.01,0.0,0.02
,,,,Shooter,0.0,0.0,0.01,0.0,0.02
,,,,Action,0.02,0.0,0.0,0.0,0.02
,,,,Adventure,0.02,0.0,0.0,0.0,0.02
,,,,Racing,0.0,0.0,0.01,0.0,0.02
,,,,Shooter,0.0,0.0,0.01,0.0,0.02
,,,,Racing,0.0,0.01,0.0,0.0,0.02
,,,,Simulation,0.0,0.01,0.0,0.0,0.02
,,,,Adventure,0.02,0.0,0.0,0.0,0.02
,,,,Shooter,0.02,0.0,0.0,0.0,0.02
,,,,Simulation,0.02,0.0,0.0,0.0,0.02
,,,,Action,0.0,0.0,0.01,0.0,0.02
,,,,Strategy,0.02,0.0,0.0,0.0,0.02
,,,,Simulation,0.02,0.0,0.0,0.0,0.02
,,,,Adventure,0.02,0.0,0.0,0.0,0.02
,,,,Misc,0.02,0.0,0.0,0.0,0.02
,,,,Misc,0.02,0.0,0.0,0.0,0.02
,,,,Action,0.02,0.0,0.0,0.0,0.02
,,,,Adventure,0.0,0.0,0.01,0.0,0.02
,,,,Platform,0.0,0.01,0.01,0.0,0.02
,,,,Adventure,0.02,0.0,0.0,0.0,0.02
,,,,Role-Playing,0.0,0.0,0.01,0.0,0.02
,,,,Strategy,0.0,0.01,0.0,0.0,0.02
,,,,Platform,0.0,0.0,0.01,0.0,0.02
,,,,Adventure,0.02,0.0,0.0,0.0,0.02
,,,,Misc,0.0,0.0,0.01,0.0,0.02
,,,,Racing,0.0,0.0,0.01,0.0,0.02
,,,,Role-Playing,0.02,0.0,0.0,0.0,0.02
,,,,Misc,0.0,0.01,0.0,0.0,0.02
,,,,Platform,0.0,0.0,0.01,0.0,0.02
,,,,Role-Playing,0.02,0.0,0.0,0.0,0.02
,,,,Misc,0.0,0.0,0.01,0.0,0.02
,,,,Role-Playing,0.02,0.0,0.0,0.0,0.02
,,,,Role-Playing,0.0,0.01,0.0,0.0,0.02
,,,,Strategy,0.0,0.0,0.01,0.0,0.02
,,,,Action,0.0,0.01,0.0,0.0,0.02
,,,,Action,0.02,0.0,0.0,0.0,0.02
,,,,Racing,0.0,0.0,0.01,0.0,0.02
,,,,Fighting,0.02,0.0,0.0,0.0,0.02
,,,,Misc,0.02,0.0,0.0,0.0,0.02
,,,,Action,0.02,0.0,0.0,0.0,0.02
,,,,Racing,0.0,0.0,0.01,0.0,0.02
,,,,Adventure,0.02,0.0,0.0,0.0,0.02
,,,,Adventure,0.02,0.0,0.0,0.0,0.02
,,,,Action,0.02,0.0,0.0,0.0,0.02
,,,,Simulation,0.0,0.01,0.0,0.0,0.02
,,,,Simulation,0.0,0.01,0.01,0.0,0.02
,,,,Simulation,0.02,0.0,0.0,0.0,0.02
,,,,Shooter,0.0,0.0,0.01,0.0,0.02
,,,,Action,0.0,0.01,0.0,0.0,0.02
,,,,Action,0.0,0.01,0.01,0.0,0.02
,,,,Adventure,0.0,0.01,0.0,0.0,0.02
,,,,Misc,0.0,0.0,0.01,0.0,0.02
,,,,Action,0.02,0.0,0.0,0.0,0.02
,,,,Adventure,0.02,0.0,0.0,0.0,0.02
,,,,Adventure,0.02,0.0,0.0,0.0,0.02
,,,,Shooter,0.0,0.0,0.01,0.0,0.02
,,,,Adventure,0.02,0.0,0.0,0.0,0.02
,,,,Misc,0.02,0.0,0.0,0.0,0.02
,,,,Misc,0.02,0.0,0.0,0.0,0.02
,,,,Action,0.0,0.01,0.01,0.0,0.02
,,,,Racing,0.0,0.01,0.01,0.0,0.02
,,,,Adventure,0.02,0.0,0.0,0.0,0.02
,,,,Action,0.02,0.0,0.0,0.0,0.02
,,,,Racing,0.0,0.0,0.01,0.0,0.02
,,,,Adventure,0.02,0.0,0.0,0.0,0.02
,,,,Role-Playing,0.0,0.01,0.0,0.0,0.02
,,,,Adventure,0.02,0.0,0.0,0.0,0.02
,,,,Strategy,0.0,0.0,0.01,0.0,0.02
,,,,Misc,0.0,0.01,0.01,0.0,0.02
,,,,Adventure,0.02,0.0,0.0,0.0,0.02
,,,,Simulation,0.0,0.0,0.01,0.0,0.02
,,,,Strategy,0.0,0.01,0.0,0.0,0.02
,,,,Simulation,0.0,0.01,0.0,0.0,0.02
,,,,Puzzle,0.0,0.01,0.0,0.0,0.02
,,,,Strategy,0.0,0.01,0.0,0.0,0.02
,,,,Simulation,0.02,0.0,0.0,0.0,0.02
,,,,Simulation,0.02,0.0,0.0,0.0,0.02
,,,,Simulation,0.0,0.0,0.01,0.0,0.02
,,,,Strategy,0.02,0.0,0.0,0.0,0.02
,,,,Racing,0.0,0.01,0.01,0.0,0.02
,,,,Adventure,0.02,0.0,0.0,0.0,0.02
,,,,Adventure,0.02,0.0,0.0,0.0,0.02
,,,,Adventure,0.02,0.0,0.0,0.0,0.02
,,,,Adventure,0.02,0.0,0.0,0.0,0.02
,,,,Misc,0.0,0.0,0.01,0.0,0.02
,,,,Adventure,0.02,0.0,0.0,0.0,0.02
,,,,Racing,0.0,0.0,0.01,0.0,0.02
,,,,Action,0.02,0.0,0.0,0.0,0.02
,,,,Adventure,0.0,0.0,0.01,0.0,0.02
,,,,Action,0.0,0.01,0.0,0.0,0.01
,,,,Action,0.01,0.0,0.0,0.0,0.01
,,,,Action,0.01,0.0,0.0,0.0,0.01
,,,,Misc,0.01,0.0,0.0,0.0,0.01
,,,,Puzzle,0.0,0.0,0.01,0.0,0.01
,,,,Simulation,0.0,0.01,0.0,0.0,0.01
,,,,Adventure,0.01,0.0,0.0,0.0,0.01
,,,,Action,0.0,0.0,0.01,0.0,0.01
,,,,Sports,0.0,0.01,0.0,0.0,0.01
,,,,Role-Playing,0.01,0.0,0.0,0.0,0.01
,,,,Fighting,0.01,0.0,0.0,0.0,0.01
,,,,Platform,0.0,0.01,0.0,0.0,0.01
,,,,Puzzle,0.01,0.0,0.0,0.0,0.01
,,,,Fighting,0.01,0.0,0.0,0.0,0.01
,,,,Adventure,0.01,0.0,0.0,0.0,0.01
,,,,Sports,0.0,0.01,0.0,0.0,0.01
,,,,Adventure,0.0,0.01,0.0,0.0,0.01
,,,,Action,0.01,0.0,0.0,0.0,0.01
,,,,Fighting,0.01,0.0,0.0,0.0,0.01
,,,,Fighting,0.0,0.0,0.01,0.0,0.01
,,,,Misc,0.0,0.0,0.01,0.0,0.01
,,,,Misc,0.0,0.0,0.01,0.0,0.01
,,,,Role-Playing,0.01,0.0,0.0,0.0,0.01
,,,,Shooter,0.0,0.01,0.0,0.0,0.01
,,,,Adventure,0.01,0.0,0.0,0.0,0.01
,,,,Adventure,0.01,0.0,0.0,0.0,0.01
,,,,Adventure,0.01,0.0,0.0,0.0,0.01
,,,,Role-Playing,0.01,0.0,0.0,0.0,0.01
,,,,Role-Playing,0.0,0.01,0.0,0.0,0.01
,,,,Role-Playing,0.01,0.0,0.0,0.0,0.01
,,,,Shooter,0.0,0.01,0.0,0.0,0.01
,,,,Shooter,0.01,0.0,0.0,0.0,0.01
,,,,Sports,0.0,0.0,0.01,0.0,0.01
,,,,Strategy,0.0,0.01,0.0,0.0,0.01
,,,,Strategy,0.01,0.0,0.0,0.0,0.01
,,,,Simulation,0.0,0.0,0.01,0.0,0.01
,,,,Misc,0.01,0.0,0.0,0.0,0.01
,,,,Shooter,0.0,0.01,0.0,0.0,0.01
,,,,Strategy,0.01,0.0,0.0,0.0,0.01
,,,,Action,0.01,0.0,0.0,0.0,0.01
,,,,Action,0.01,0.0,0.0,0.0,0.01
,,,,Adventure,0.01,0.0,0.0,0.0,0.01
,,,,Sports,0.0,0.0,0.01,0.0,0.01
,,,,Action,0.01,0.0,0.0,0.0,0.01
,,,,Misc,0.01,0.0,0.0,0.0,0.01
,,,,Role-Playing,0.0,0.01,0.0,0.0,0.01
,,,,Sports,0.0,0.0,0.01,0.0,0.01
,,,,Adventure,0.01,0.0,0.0,0.0,0.01
,,,,Adventure,0.01,0.0,0.0,0.0,0.01
,,,,Adventure,0.01,0.0,0.0,0.0,0.01
,,,,Simulation,0.0,0.01,0.0,0.0,0.01
,,,,Adventure,0.01,0.0,0.0,0.0,0.01
,,,,Adventure,0.01,0.0,0.0,0.0,0.01
,,,,Platform,0.01,0.0,0.0,0.0,0.01
,,,,Shooter,0.0,0.01,0.01,0.0,0.01
,,,,Action,0.01,0.0,0.0,0.0,0.01
,,,,Misc,0.01,0.0,0.0,0.0,0.01
,,,,Sports,0.0,0.01,0.0,0.0,0.01
,,,,Misc,0.0,0.01,0.01,0.0,0.01
,,,,Adventure,0.01,0.0,0.0,0.0,0.01
,,,,Strategy,0.0,0.01,0.0,0.0,0.01
,,,,Puzzle,0.0,0.0,0.01,0.0,0.01
,,,,Role-Playing,0.01,0.0,0.0,0.0,0.01
,,,,Role-Playing,0.0,0.01,0.0,0.0,0.01
,,,,Adventure,0.01,0.0,0.0,0.0,0.01
,,,,Misc,0.0,0.0,0.01,0.0,0.01
,,,,Strategy,0.0,0.01,0.0,0.0,0.01
,,,,Misc,0.0,0.01,0.0,0.0,0.01
,,,,Misc,0.01,0.0,0.0,0.0,0.01
,,,,Action,0.01,0.0,0.0,0.0,0.01
,,,,Adventure,0.0,0.01,0.0,0.0,0.01
,,,,Strategy,0.0,0.01,0.0,0.0,0.01
,,,,Adventure,0.01,0.0,0.0,0.0,0.01
,,,,Platform,0.0,0.01,0.0,0.0,0.01
,,,,Fighting,0.01,0.0,0.0,0.0,0.01
,,,,Sports,0.01,0.0,0.0,0.0,0.01
,,,,Adventure,0.01,0.0,0.0,0.0,0.01
,,,,Sports,0.0,0.0,0.01,0.0,0.01
,,,,Racing,0.0,0.01,0.0,0.0,0.01
,,,,Racing,0.0,0.01,0.01,0.0,0.01
,,,,Misc,0.01,0.0,0.0,0.0,0.01
,,,,Simulation,0.0,0.01,0.0,0.0,0.01
,,,,Sports,0.0,0.01,0.0,0.0,0.01
,,,,Strategy,0.01,0.0,0.0,0.0,0.01
,,,,Action,0.01,0.0,0.0,0.0,0.01
,,,,Action,0.0,0.0,0.01,0.0,0.01
,,,,Misc,0.01,0.0,0.0,0.0,0.01
,,,,Simulation,0.0,0.01,0.0,0.0,0.01
,,,,Fighting,0.0,0.0,0.01,0.0,0.01
,,,,Adventure,0.0,0.0,0.01,0.0,0.01
,,,,Strategy,0.0,0.0,0.01,0.0,0.01
,,,,Misc,0.0,0.0,0.01,0.0,0.01
,,,,Simulation,0.01,0.0,0.0,0.0,0.01
,,,,Strategy,0.0,0.0,0.01,0.0,0.01
,,,,Puzzle,0.01,0.0,0.0,0.0,0.01
,,,,Action,0.01,0.0,0.0,0.0,0.01
,,,,Sports,0.0,0.0,0.01,0.0,0.01
,,,,Role-Playing,0.01,0.0,0.0,0.0,0.01
,,,,Puzzle,0.0,0.0,0.01,0.0,0.01
,,,,Puzzle,0.0,0.0,0.01,0.0,0.01
,,,,Sports,0.0,0.01,0.0,0.0,0.01
,,,,Sports,0.0,0.0,0.01,0.0,0.01
,,,,Adventure,0.01,0.0,0.0,0.0,0.01
,,,,Adventure,0.01,0.0,0.0,0.0,0.01
,,,,Role-Playing,0.01,0.0,0.0,0.0,0.01
,,,,Racing,0.0,0.0,0.01,0.0,0.01
,,,,Adventure,0.01,0.0,0.0,0.0,0.01
,,,,Sports,0.01,0.0,0.0,0.0,0.01
,,,,Adventure,0.01,0.0,0.0,0.0,0.01
,,,,Adventure,0.01,0.0,0.0,0.0,0.01
,,,,Racing,0.0,0.0,0.01,0.0,0.01
,,,,Racing,0.0,0.0,0.01,0.0,0.01
,,,,Racing,0.0,0.01,0.0,0.0,0.01
,,,,Action,0.0,0.01,0.0,0.0,0.01
,,,,Adventure,0.01,0.0,0.0,0.0,0.01
,,,,Action,0.0,0.0,0.01,0.0,0.01
,,,,Action,0.01,0.0,0.0,0.0,0.01
,,,,Racing,0.0,0.0,0.01,0.0,0.01
,,,,Action,0.0,0.01,0.0,0.0,0.01
,,,,Adventure,0.01,0.0,0.0,0.0,0.01
,,,,Misc,0.0,0.0,0.01,0.0,0.01
,,,,Action,0.0,0.0,0.01,0.0,0.01
,,,,Misc,0.01,0.0,0.0,0.0,0.01
,,,,Adventure,0.01,0.0,0.0,0.0,0.01
,,,,Action,0.0,0.01,0.0,0.0,0.01
,,,,Racing,0.01,0.0,0.0,0.0,0.01
,,,,Action,0.01,0.0,0.0,0.0,0.01
,,,,Adventure,0.01,0.0,0.0,0.0,0.01
,,,,Misc,0.01,0.0,0.0,0.0,0.01
,,,,Action,0.0,0.01,0.0,0.0,0.01
,,,,Shooter,0.01,0.0,0.0,0.0,0.01
,,,,Adventure,0.01,0.0,0.0,0.0,0.01
,,,,Adventure,0.01,0.0,0.0,0.0,0.01
,,,,Sports,0.01,0.0,0.0,0.0,0.01
,,,,Adventure,0.01,0.0,0.0,0.0,0.01
,,,,Puzzle,0.0,0.01,0.0,0.0,0.01
,,,,Adventure,0.01,0.0,0.0,0.0,0.01
,,,,Misc,0.0,0.0,0.01,0.0,0.01
,,,,Sports,0.0,0.01,0.0,0.0,0.01
,,,,Adventure,0.01,0.0,0.0,0.0,0.01
,,,,Action,0.01,0.0,0.0,0.0,0.01
,,,,Racing,0.0,0.01,0.0,0.0,0.01
,,,,Strategy,0.0,0.01,0.0,0.0,0.01
,,,,Action,0.0,0.01,0.0,0.0,0.01
,,,,Action,0.0,0.01,0.0,0.0,0.01
,,,,Adventure,0.01,0.0,0.0,0.0,0.01
,,,,Simulation,0.0,0.0,0.01,0.0,0.01
,,,,Sports,0.0,0.01,0.0,0.0,0.01
,,,,Adventure,0.0,0.0,0.01,0.0,0.01
,,,,Adventure,0.01,0.0,0.0,0.0,0.01
,,,,Adventure,0.01,0.0,0.0,0.0,0.01
,,,,Misc,0.01,0.0,0.0,0.0,0.01
,,,,Adventure,0.01,0.0,0.0,0.0,0.01
,,,,Action,0.01,0.0,0.0,0.0,0.01
,,,,Misc,0.01,0.0,0.0,0.0,0.01
,,,,Shooter,0.0,0.01,0.01,0.0,0.01
,,,,Action,0.01,0.0,0.0,0.0,0.01
,,,,Role-Playing,0.01,0.0,0.0,0.0,0.01
,,,,Sports,0.0,0.0,0.01,0.0,0.01
,,,,Action,0.01,0.0,0.0,0.0,0.01
,,,,Fighting,0.0,0.01,0.0,0.0,0.01
,,,,Racing,0.0,0.0,0.01,0.0,0.01
,,,,Sports,0.0,0.01,0.0,0.0,0.01
,,,,Action,0.0,0.01,0.0,0.0,0.01
,,,,Simulation,0.01,0.0,0.0,0.0,0.01
,,,,Puzzle,0.0,0.01,0.0,0.0,0.01
,,,,Action,0.01,0.0,0.0,0.0,0.01
,,,,Action,0.01,0.0,0.0,0.0,0.01
,,,,Racing,0.0,0.0,0.01,0.0,0.01
,,,,Simulation,0.01,0.0,0.0,0.0,0.01
,,,,Adventure,0.01,0.0,0.0,0.0,0.01
,,,,Action,0.01,0.0,0.0,0.0,0.01
,,,,Adventure,0.01,0.0,0.0,0.0,0.01
,,,,Role-Playing,0.01,0.0,0.0,0.0,0.01
,,,,Adventure,0.0,0.01,0.01,0.0,0.01
,,,,Adventure,0.01,0.0,0.0,0.0,0.01
,,,,Adventure,0.01,0.0,0.0,0.0,0.01
,,,,Fighting,0.01,0.0,0.0,0.0,0.01
,,,,Action,0.0,0.0,0.01,0.0,0.01
,,,,Platform,0.0,0.0,0.01,0.0,0.01
,,,,Shooter,0.0,0.0,0.01,0.0,0.01
,,,,Platform,0.01,0.0,0.0,0.0,0.01
,,,,Sports,0.0,0.01,0.0,0.0,0.01
,,,,Role-Playing,0.0,0.01,0.0,0.0,0.01
,,,,Adventure,0.01,0.0,0.0,0.0,0.01
,,,,Adventure,0.01,0.0,0.0,0.0,0.01
,,,,Puzzle,0.0,0.0,0.01,0.0,0.01
,,,,Action,0.0,0.01,0.0,0.0,0.01
,,,,Adventure,0.0,0.0,0.01,0.0,0.01
,,,,Adventure,0.01,0.0,0.0,0.0,0.01
,,,,Simulation,0.01,0.0,0.0,0.0,0.01
,,,,Puzzle,0.0,0.01,0.0,0.0,0.01
,,,,Strategy,0.0,0.01,0.0,0.0,0.01
,,,,Strategy,0.01,0.0,0.0,0.0,0.01
,,,,Misc,0.0,0.01,0.0,0.0,0.01
,,,,Action,0.01,0.01,0.0,0.0,0.01
,,,,Action,0.01,0.0,0.0,0.0,0.01
,,,,Simulation,0.0,0.01,0.0,0.0,0.01
,,,,Platform,0.0,0.01,0.0,0.0,0.01
,,,,Sports,0.01,0.0,0.0,0.0,0.01
,,,,Fighting,0.01,0.0,0.0,0.0,0.01
,,,,Shooter,0.0,0.01,0.0,0.0,0.01
,,,,Misc,0.01,0.0,0.0,0.0,0.01
,,,,Adventure,0.01,0.0,0.0,0.0,0.01
,,,,Fighting,0.01,0.0,0.0,0.0,0.01
,,,,Adventure,0.01,0.0,0.0,0.0,0.01
,,,,Strategy,0.0,0.01,0.0,0.0,0.01
,,,,Puzzle,0.0,0.01,0.0,0.0,0.01
,,,,Misc,0.01,0.0,0.0,0.0,0.01
,,,,Racing,0.0,0.01,0.0,0.0,0.01
,,,,Misc,0.0,0.0,0.01,0.0,0.01
,,,,Strategy,0.0,0.01,0.0,0.0,0.01
,,,,Shooter,0.01,0.0,0.0,0.0,0.01
,,,,Fighting,0.0,0.01,0.01,0.0,0.01
,,,,Platform,0.0,0.0,0.01,0.0,0.01
,,,,Action,0.0,0.01,0.0,0.0,0.01
,,,,Fighting,0.0,0.0,0.01,0.0,0.01
,,,,Strategy,0.01,0.0,0.0,0.0,0.01
,,,,Misc,0.01,0.0,0.0,0.0,0.01
,,,,Adventure,0.0,0.0,0.01,0.0,0.01
,,,,Action,0.01,0.0,0.0,0.0,0.01
,,,,Adventure,0.0,0.0,0.01,0.0,0.01
,,,,Action,0.01,0.0,0.0,0.0,0.01
,,,,Adventure,0.01,0.0,0.0,0.0,0.01
,,,,Adventure,0.01,0.0,0.0,0.0,0.01
,,,,Shooter,0.01,0.0,0.0,0.0,0.01
,,,,Misc,0.0,0.01,0.0,0.0,0.01
,,,,Adventure,0.01,0.0,0.0,0.0,0.01
,,,,Misc,0.0,0.0,0.01,0.0,0.01
,,,,Racing,0.0,0.0,0.01,0.0,0.01
,,,,Puzzle,0.0,0.0,0.01,0.0,0.01
,,,,Adventure,0.01,0.0,0.0,0.0,0.01
,,,,Misc,0.0,0.01,0.0,0.0,0.01
,,,,Adventure,0.01,0.0,0.0,0.0,0.01
,,,,Action,0.01,0.0,0.0,0.0,0.01
,,,,Action,0.0,0.01,0.0,0.0,0.01
,,,,Action,0.01,0.0,0.0,0.0,0.01
,,,,Role-Playing,0.01,0.0,0.0,0.0,0.01
,,,,Sports,0.01,0.0,0.0,0.0,0.01
,,,,Racing,0.0,0.0,0.01,0.0,0.01
,,,,Action,0.01,0.0,0.0,0.0,0.01
,,,,Action,0.0,0.0,0.01,0.0,0.01
,,,,Action,0.0,0.01,0.01,0.0,0.01
,,,,Adventure,0.01,0.0,0.0,0.0,0.01
,,,,Role-Playing,0.01,0.0,0.0,0.0,0.01
,,,,Adventure,0.01,0.0,0.0,0.0,0.01
,,,,Sports,0.01,0.0,0.0,0.0,0.01
,,,,Action,0.01,0.0,0.0,0.0,0.01
,,,,Puzzle,0.0,0.0,0.01,0.0,0.01
,,,,Shooter,0.0,0.0,0.01,0.0,0.01
,,,,Action,0.0,0.0,0.01,0.0,0.01
,,,,Role-Playing,0.01,0.0,0.0,0.0,0.01
,,,,Adventure,0.01,0.0,0.0,0.0,0.01
,,,,Role-Playing,0.0,0.0,0.01,0.0,0.01
,,,,Adventure,0.0,0.01,0.0,0.0,0.01
,,,,Adventure,0.01,0.0,0.0,0.0,0.01
,,,,Adventure,0.0,0.01,0.0,0.0,0.01
,,,,Adventure,0.01,0.0,0.0,0.0,0.01
,,,,Platform,0.0,0.0,0.01,0.0,0.01
,,,,Strategy,0.0,0.0,0.01,0.0,0.01
,,,,Role-Playing,0.01,0.0,0.0,0.0,0.01
,,,,Role-Playing,0.01,0.0,0.0,0.0,0.01
,,,,Shooter,0.0,0.0,0.01,0.0,0.01
,,,,Misc,0.01,0.0,0.0,0.0,0.01
,,,,Racing,0.0,0.01,0.0,0.0,0.01
,,,,Racing,0.0,0.01,0.0,0.0,0.01
,,,,Role-Playing,0.01,0.0,0.0,0.0,0.01
,,,,Fighting,0.01,0.0,0.0,0.0,0.01
,,,,Simulation,0.01,0.0,0.0,0.0,0.01
,,,,Action,0.0,0.0,0.01,0.0,0.01
,,,,Platform,0.01,0.0,0.0,0.0,0.01
,,,,Misc,0.01,0.0,0.0,0.0,0.01
,,,,Adventure,0.0,0.01,0.0,0.0,0.01
,,,,Misc,0.01,0.0,0.0,0.0,0.01
,,,,Platform,0.01,0.0,0.0,0.0,0.01
,,,,Adventure,0.01,0.0,0.0,0.0,0.01
,,,,Shooter,0.0,0.01,0.0,0.0,0.01
,,,,Role-Playing,0.01,0.0,0.0,0.0,0.01
,,,,Sports,0.0,0.01,0.0,0.0,0.01
,,,,Action,0.01,0.0,0.0,0.0,0.01
,,,,Action,0.0,0.0,0.01,0.0,0.01
,,,,Misc,0.01,0.0,0.0,0.0,0.01
,,,,Adventure,0.01,0.0,0.0,0.0,0.01
,,,,Shooter,0.01,0.0,0.0,0.0,0.01
,,,,Strategy,0.01,0.0,0.0,0.0,0.01
,,,,Adventure,0.01,0.0,0.0,0.0,0.01
,,,,Adventure,0.01,0.0,0.0,0.0,0.01
,,,,Misc,0.01,0.0,0.0,0.0,0.01
,,,,Action,0.01,0.0,0.0,0.0,0.01
,,,,Action,0.01,0.0,0.0,0.0,0.01
,,,,Racing,0.0,0.0,0.01,0.0,0.01
,,,,Puzzle,0.0,0.0,0.01,0.0,0.01
,,,,Adventure,0.01,0.0,0.0,0.0,0.01
,,,,Strategy,0.0,0.01,0.0,0.0,0.01
,,,,Action,0.0,0.01,0.0,0.0,0.01
,,,,Misc,0.01,0.0,0.0,0.0,0.01
,,,,Racing,0.0,0.01,0.0,0.0,0.01
,,,,Adventure,0.01,0.0,0.0,0.0,0.01
,,,,Puzzle,0.0,0.0,0.01,0.0,0.01
,,,,Misc,0.01,0.0,0.0,0.0,0.01
,,,,Fighting,0.01,0.0,0.0,0.0,0.01
,,,,Shooter,0.0,0.0,0.01,0.0,0.01
,,,,Adventure,0.01,0.0,0.0,0.0,0.01
,,,,Shooter,0.0,0.01,0.0,0.0,0.01
,,,,Misc,0.0,0.01,0.01,0.0,0.01
,,,,Action,0.01,0.0,0.0,0.0,0.01
,,,,Strategy,0.0,0.01,0.0,0.0,0.01
,,,,Shooter,0.0,0.0,0.01,0.0,0.01
,,,,Adventure,0.01,0.0,0.0,0.0,0.01
,,,,Strategy,0.0,0.01,0.0,0.0,0.01
,,,,Adventure,0.01,0.0,0.0,0.0,0.01
,,,,Adventure,0.01,0.0,0.0,0.0,0.01
,,,,Sports,0.0,0.0,0.01,0.0,0.01
,,,,Simulation,0.0,0.0,0.01,0.0,0.01
,,,,Adventure,0.01,0.0,0.0,0.0,0.01
,,,,Action,0.0,0.0,0.01,0.0,0.01
,,,,Action,0.0,0.01,0.0,0.0,0.01
,,,,Misc,0.01,0.0,0.0,0.0,0.01
,,,,Fighting,0.01,0.0,0.0,0.0,0.01
,,,,Strategy,0.01,0.0,0.0,0.0,0.01
,,,,Action,0.01,0.0,0.0,0.0,0.01
,,,,Action,0.0,0.01,0.0,0.0,0.01
,,,,Puzzle,0.0,0.01,0.0,0.0,0.01
,,,,Action,0.01,0.0,0.0,0.0,0.01
,,,,Racing,0.0,0.0,0.01,0.0,0.01
,,,,Misc,0.0,0.0,0.01,0.0,0.01
,,,,Racing,0.0,0.01,0.0,0.0,0.01
,,,,Racing,0.0,0.0,0.01,0.0,0.01
,,,,Shooter,0.0,0.0,0.01,0.0,0.01
,,,,Racing,0.0,0.0,0.01,0.0,0.01
,,,,Misc,0.01,0.0,0.0,0.0,0.01
,,,,Strategy,0.0,0.01,0.0,0.0,0.01
,,,,Action,0.0,0.0,0.01,0.0,0.01
,,,,Strategy,0.01,0.0,0.0,0.0,0.01
,,,,Adventure,0.01,0.0,0.0,0.0,0.01
,,,,Adventure,0.01,0.0,0.0,0.0,0.01
,,,,Adventure,0.01,0.0,0.0,0.0,0.01
,,,,Adventure,0.01,0.0,0.0,0.0,0.01
,,,,Role-Playing,0.0,0.0,0.01,0.0,0.01
,,,,Action,0.01,0.0,0.0,0.0,0.01
,,,,Puzzle,0.0,0.0,0.01,0.0,0.01
,,,,Misc,0.01,0.0,0.0,0.0,0.01
,,,,Adventure,0.01,0.0,0.0,0.0,0.01
,,,,Racing,0.0,0.01,0.0,0.0,0.01
,,,,Action,0.0,0.01,0.0,0.0,0.01
,,,,Racing,0.01,0.0,0.0,0.0,0.01
,,,,Role-Playing,0.01,0.0,0.0,0.0,0.01
,,,,Shooter,0.0,0.0,0.01,0.0,0.01
,,,,Simulation,0.0,0.01,0.0,0.0,0.01
,,,,Role-Playing,0.01,0.0,0.0,0.0,0.01
,,,,Fighting,0.01,0.0,0.0,0.0,0.01
,,,,Role-Playing,0.01,0.0,0.0,0.0,0.01
,,,,Strategy,0.01,0.0,0.0,0.0,0.01
,,,,Adventure,0.01,0.0,0.0,0.0,0.01
,,,,Shooter,0.0,0.0,0.01,0.0,0.01
,,,,Puzzle,0.0,0.0,0.01,0.0,0.01
,,,,Misc,0.01,0.0,0.0,0.0,0.01
,,,,Adventure,0.01,0.0,0.0,0.0,0.01
,,,,Adventure,0.01,0.0,0.0,0.0,0.01
,,,,Shooter,0.0,0.01,0.0,0.0,0.01
,,,,Racing,0.0,0.0,0.01,0.0,0.01
,,,,Adventure,0.01,0.0,0.0,0.0,0.01
,,,,Simulation,0.01,0.0,0.0,0.0,0.01
,,,,Adventure,0.01,0.0,0.0,0.0,0.01
,,,,Simulation,0.0,0.01,0.0,0.0,0.01
,,,,Misc,0.0,0.0,0.01,0.0,0.01
,,,,Action,0.0,0.0,0.01,0.0,0.01
,,,,Misc,0.01,0.0,0.0,0.0,0.01
,,,,Misc,0.0,0.0,0.01,0.0,0.01
,,,,Adventure,0.01,0.0,0.0,0.0,0.01
,,,,Action,0.01,0.0,0.0,0.0,0.01
,,,,Sports,0.0,0.01,0.0,0.0,0.01
,,,,Racing,0.0,0.01,0.0,0.0,0.01
,,,,Sports,0.0,0.01,0.0,0.0,0.01
,,,,Racing,0.0,0.0,0.01,0.0,0.01
,,,,Role-Playing,0.0,0.01,0.0,0.0,0.01
,,,,Action,0.0,0.01,0.0,0.0,0.01
,,,,Puzzle,0.01,0.0,0.0,0.0,0.01
,,,,Adventure,0.01,0.0,0.0,0.0,0.01
,,,,Sports,0.0,0.0,0.01,0.0,0.01
,,,,Adventure,0.01,0.0,0.0,0.0,0.01
,,,,Strategy,0.0,0.01,0.0,0.0,0.01
,,,,Racing,0.0,0.0,0.01,0.0,0.01
,,,,Action,0.0,0.01,0.0,0.0,0.01
,,,,Strategy,0.0,0.01,0.0,0.0,0.01
,,,,Adventure,0.0,0.0,0.01,0.0,0.01
,,,,Adventure,0.0,0.0,0.01,0.0,0.01
,,,,Action,0.01,0.0,0.0,0.0,0.01
,,,,Adventure,0.01,0.0,0.0,0.0,0.01
,,,,Adventure,0.01,0.0,0.0,0.0,0.01
,,,,Adventure,0.0,0.01,0.0,0.0,0.01
,,,,Adventure,0.01,0.0,0.0,0.0,0.01
,,,,Action,0.0,0.0,0.01,0.0,0.01
,,,,Strategy,0.01,0.0,0.0,0.0,0.01
,,,,Role-Playing,0.01,0.0,0.0,0.0,0.01
,,,,Racing,0.0,0.01,0.0,0.0,0.01
,,,,Puzzle,0.0,0.0,0.01,0.0,0.01
,,,,Misc,0.0,0.0,0.01,0.0,0.01
,,,,Puzzle,0.0,0.01,0.0,0.0,0.01
,,,,Racing,0.0,0.01,0.0,0.0,0.01
,,,,Action,0.01,0.0,0.0,0.0,0.01
,,,,Role-Playing,0.01,0.0,0.0,0.0,0.01
,,,,Strategy,0.01,0.0,0.0,0.0,0.01
,,,,Simulation,0.0,0.01,0.0,0.0,0.01
,,,,Misc,0.0,0.01,0.0,0.0,0.01
,,,,Sports,0.0,0.0,0.01,0.0,0.01
,,,,Action,0.0,0.01,0.0,0.0,0.01
,,,,Adventure,0.0,0.0,0.01,0.0,0.01
,,,,Adventure,0.01,0.0,0.0,0.0,0.01
,,,,Sports,0.0,0.01,0.0,0.0,0.01
,,,,Sports,0.0,0.01,0.0,0.0,0.01
,,,,Sports,0.0,0.01,0.0,0.0,0.01
,,,,Adventure,0.01,0.0,0.0,0.0,0.01
,,,,Adventure,0.0,0.01,0.0,0.0,0.01
,,,,Misc,0.01,0.0,0.0,0.0,0.01
,,,,Sports,0.0,0.01,0.0,0.0,0.01
,,,,Action,0.01,0.0,0.0,0.0,0.01
,,,,Adventure,0.01,0.0,0.0,0.0,0.01
,,,,Misc,0.0,0.0,0.01,0.0,0.01
,,,,Role-Playing,0.0,0.01,0.0,0.0,0.01
,,,,Sports,0.0,0.01,0.0,0.0,0.01
,,,,Adventure,0.01,0.0,0.0,0.0,0.01
,,,,Action,0.01,0.0,0.0,0.0,0.01
,,,,Adventure,0.0,0.0,0.01,0.0,0.01
,,,,Adventure,0.01,0.0,0.0,0.0,0.01
,,,,Action,0.0,0.0,0.01,0.0,0.01
,,,,Action,0.0,0.01,0.0,0.0,0.01
,,,,Fighting,0.01,0.0,0.0,0.0,0.01
,,,,Racing,0.0,0.01,0.0,0.0,0.01
,,,,Adventure,0.0,0.01,0.0,0.0,0.01
,,,,Fighting,0.01,0.0,0.0,0.0,0.01
,,,,Action,0.0,0.0,0.01,0.0,0.01
,,,,Adventure,0.01,0.0,0.0,0.0,0.01
,,,,Action,0.01,0.0,0.0,0.0,0.01
,,,,Misc,0.0,0.0,0.01,0.0,0.01
,,,,Fighting,0.01,0.0,0.0,0.0,0.01
,,,,Adventure,0.01,0.0,0.0,0.0,0.01
,,,,Puzzle,0.0,0.0,0.01,0.0,0.01
,,,,Sports,0.01,0.0,0.0,0.0,0.01
,,,,Adventure,0.01,0.0,0.0,0.0,0.01
,,,,Sports,0.0,0.01,0.0,0.0,0.01
,,,,Adventure,0.01,0.0,0.0,0.0,0.01
,,,,Simulation,0.01,0.0,0.0,0.0,0.01
,,,,Adventure,0.01,0.0,0.0,0.0,0.01
,,,,Puzzle,0.0,0.01,0.0,0.0,0.01
,,,,Adventure,0.01,0.0,0.0,0.0,0.01
,,,,Sports,0.0,0.0,0.01,0.0,0.01
,,,,Role-Playing,0.0,0.0,0.01,0.0,0.01
,,,,Racing,0.0,0.0,0.01,0.0,0.01
,,,,Simulation,0.0,0.01,0.0,0.0,0.01
,,,,Adventure,0.01,0.0,0.0,0.0,0.01
,,,,Adventure,0.01,0.0,0.0,0.0,0.01
,,,,Adventure,0.01,0.0,0.0,0.0,0.01
,,,,Shooter,0.0,0.01,0.0,0.0,0.01
,,,,Adventure,0.01,0.0,0.0,0.0,0.01
,,,,Adventure,0.01,0.0,0.0,0.0,0.01
,,,,Strategy,0.0,0.01,0.0,0.0,0.01
,,,,Sports,0.0,0.0,0.01,0.0,0.01
,,,,Action,0.01,0.0,0.0,0.0,0.01
,,,,Action,0.01,0.0,0.0,0.0,0.01
,,,,Shooter,0.01,0.0,0.0,0.0,0.01
,,,,Sports,0.01,0.0,0.0,0.0,0.01
,,,,Racing,0.01,0.0,0.0,0.0,0.01
,,,,Adventure,0.01,0.0,0.0,0.0,0.01
,,,,Action,0.0,0.0,0.01,0.0,0.01
,,,,Sports,0.0,0.0,0.01,0.0,0.01
,,,,Adventure,0.01,0.0,0.0,0.0,0.01
,,,,Action,0.0,0.01,0.0,0.0,0.01
,,,,Action,0.0,0.01,0.0,0.0,0.01
,,,,Role-Playing,0.0,0.01,0.0,0.0,0.01
,,,,Action,0.0,0.01,0.0,0.0,0.01
,,,,Adventure,0.01,0.0,0.0,0.0,0.01
,,,,Action,0.0,0.01,0.0,0.0,0.01
,,,,Action,0.0,0.01,0.0,0.0,0.01
,,,,Adventure,0.01,0.0,0.0,0.0,0.01
,,,,Fighting,0.01,0.0,0.0,0.0,0.01
,,,,Misc,0.01,0.0,0.0,0.0,0.01
,,,,Misc,0.01,0.0,0.0,0.0,0.01
,,,,Action,0.01,0.0,0.0,0.0,0.01
,,,,Sports,0.0,0.01,0.0,0.0,0.01
,,,,Action,0.0,0.01,0.0,0.0,0.01
,,,,Sports,0.0,0.0,0.01,0.0,0.01
,,,,Sports,0.0,0.0,0.01,0.0,0.01
,,,,Adventure,0.01,0.0,0.0,0.0,0.01
,,,,Puzzle,0.0,0.0,0.01,0.0,0.01
,,,,Simulation,0.01,0.01,0.0,0.0,0.01
,,,,Role-Playing,0.01,0.0,0.0,0.0,0.01
,,,,Adventure,0.01,0.0,0.0,0.0,0.01
,,,,Role-Playing,0.01,0.0,0.0,0.0,0.01
,,,,Adventure,0.01,0.0,0.0,0.0,0.01
,,,,Misc,0.01,0.0,0.0,0.0,0.01
,,,,Racing,0.0,0.01,0.0,0.0,0.01
,,,,Action,0.01,0.0,0.0,0.0,0.01
,,,,Adventure,0.01,0.0,0.0,0.0,0.01
,,,,Strategy,0.0,0.01,0.0,0.0,0.01
,,,,Shooter,0.0,0.0,0.01,0.0,0.01
,,,,Shooter,0.01,0.0,0.0,0.0,0.01
,,,,Action,0.01,0.0,0.0,0.0,0.01
,,,,Strategy,0.01,0.0,0.0,0.0,0.01
,,,,Adventure,0.0,0.01,0.0,0.0,0.01
,,,,Simulation,0.01,0.0,0.0,0.0,0.01
,,,,Role-Playing,0.01,0.0,0.0,0.0,0.01
,,,,Fighting,0.0,0.0,0.01,0.0,0.01
,,,,Strategy,0.0,0.01,0.0,0.0,0.01
,,,,Misc,0.0,0.0,0.01,0.0,0.01
,,,,Action,0.01,0.0,0.0,0.0,0.01
,,,,Adventure,0.01,0.0,0.0,0.0,0.01
,,,,Misc,0.01,0.0,0.0,0.0,0.01
,,,,Puzzle,0.01,0.0,0.0,0.0,0.01
,,,,Racing,0.0,0.0,0.01,0.0,0.01
,,,,Racing,0.0,0.0,0.01,0.0,0.01
,,,,Sports,0.0,0.01,0.0,0.0,0.01
,,,,Misc,0.01,0.0,0.0,0.0,0.01
,,,,Action,0.0,0.01,0.0,0.0,0.01
,,,,Puzzle,0.0,0.01,0.0,0.0,0.01
,,,,Action,0.01,0.0,0.0,0.0,0.01
,,,,Strategy,0.01,0.0,0.0,0.0,0.01
,,,,Puzzle,0.0,0.0,0.01,0.0,0.01
,,,,Platform,0.0,0.0,0.01,0.0,0.01
,,,,Action,0.01,0.0,0.0,0.0,0.01
,,,,Adventure,0.01,0.0,0.0,0.0,0.01
,,,,Shooter,0.0,0.0,0.01,0.0,0.01
,,,,Adventure,0.01,0.0,0.0,0.0,0.01
,,,,Adventure,0.01,0.0,0.0,0.0,0.01
,,,,Adventure,0.01,0.0,0.0,0.0,0.01
,,,,Misc,0.0,0.01,0.0,0.0,0.01
,,,,Fighting,0.0,0.0,0.01,0.0,0.01
,,,,Adventure,0.01,0.0,0.0,0.0,0.01
,,,,Role-Playing,0.0,0.01,0.0,0.0,0.01
,,,,Action,0.0,0.01,0.0,0.0,0.01
,,,,Strategy,0.01,0.0,0.0,0.0,0.01
,,,,Simulation,0.0,0.01,0.0,0.0,0.01
,,,,Puzzle,0.0,0.0,0.01,0.0,0.01
,,,,Misc,0.0,0.01,0.0,0.0,0.01
,,,,Simulation,0.01,0.0,0.0,0.0,0.01
,,,,Role-Playing,0.01,0.0,0.0,0.0,0.01
,,,,Misc,0.01,0.0,0.0,0.0,0.01
,,,,Action,0.0,0.01,0.0,0.0,0.01
,,,,Puzzle,0.0,0.0,0.01,0.0,0.01
,,,,Misc,0.01,0.0,0.0,0.0,0.01
,,,,Role-Playing,0.01,0.0,0.0,0.0,0.01
,,,,Adventure,0.01,0.0,0.0,0.0,0.01
,,,,Racing,0.0,0.0,0.01,0.0,0.01
,,,,Misc,0.01,0.0,0.0,0.0,0.01
,,,,Adventure,0.01,0.0,0.0,0.0,0.01
,,,,Role-Playing,0.01,0.0,0.0,0.0,0.01
,,,,Adventure,0.01,0.0,0.0,0.0,0.01
,,,,Adventure,0.01,0.0,0.0,0.0,0.01
,,,,Adventure,0.01,0.0,0.0,0.0,0.01
,,,,Action,0.01,0.0,0.0,0.0,0.01
,,,,Racing,0.0,0.01,0.0,0.0,0.01
,,,,Action,0.0,0.01,0.0,0.0,0.01
,,,,Strategy,0.0,0.01,0.0,0.0,0.01
,,,,Action,0.01,0.0,0.0,0.0,0.01
,,,,Adventure,0.01,0.0,0.0,0.0,0.01
,,,,Action,0.01,0.0,0.0,0.0,0.01
,,,,Misc,0.0,0.01,0.0,0.0,0.01
,,,,Action,0.0,0.0,0.01,0.0,0.01
,,,,Adventure,0.0,0.0,0.01,0.0,0.01
,,,,Strategy,0.0,0.01,0.0,0.0,0.01
,,,,Adventure,0.0,0.01,0.0,0.0,0.01
,,,,Fighting,0.01,0.0,0.0,0.0,0.01
,,,,Misc,0.01,0.0,0.0,0.0,0.01
,,,,Racing,0.0,0.01,0.0,0.0,0.01
,,,,Sports,0.01,0.0,0.0,0.0,0.01
,,,,Puzzle,0.0,0.0,0.01,0.0,0.01
,,,,Action,0.01,0.0,0.0,0.0,0.01
,,,,Puzzle,0.0,0.0,0.01,0.0,0.01
,,,,Action,0.01,0.0,0.0,0.0,0.01
,,,,Action,0.0,0.0,0.01,0.0,0.01
,,,,Action,0.01,0.0,0.0,0.0,0.01
,,,,Adventure,0.01,0.0,0.0,0.0,0.01
,,,,Fighting,0.01,0.0,0.0,0.0,0.01
,,,,Role-Playing,0.0,0.01,0.0,0.0,0.01
,,,,Adventure,0.0,0.0,0.01,0.0,0.01
,,,,Strategy,0.0,0.01,0.0,0.0,0.01
,,,,Role-Playing,0.0,0.0,0.01,0.0,0.01
,,,,Adventure,0.01,0.0,0.0,0.0,0.01
,,,,Sports,0.0,0.01,0.0,0.0,0.01
,,,,Adventure,0.01,0.0,0.0,0.0,0.01
,,,,Adventure,0.01,0.0,0.0,0.0,0.01
,,,,Adventure,0.01,0.0,0.0,0.0,0.01
,,,,Platform,0.0,0.0,0.01,0.0,0.01
,,,,Fighting,0.0,0.0,0.01,0.0,0.01
,,,,Action,0.0,0.0,0.01,0.0,0.01
,,,,Platform,0.0,0.01,0.0,0.0,0.01
,,,,Strategy,0.0,0.0,0.01,0.0,0.01
,,,,Action,0.01,0.0,0.0,0.0,0.01
,,,,Puzzle,0.01,0.0,0.0,0.0,0.01
,,,,Shooter,0.0,0.0,0.01,0.0,0.01
,,,,Simulation,0.0,0.01,0.0,0.0,0.01
,,,,Adventure,0.01,0.0,0.0,0.0,0.01
,,,,Adventure,0.01,0.0,0.0,0.0,0.01
,,,,Racing,0.0,0.0,0.01,0.0,0.01
,,,,Racing,0.01,0.0,0.0,0.0,0.01
,,,,Adventure,0.01,0.0,0.0,0.0,0.01
,,,,Sports,0.0,0.01,0.0,0.0,0.01
,,,,Shooter,0.0,0.01,0.0,0.0,0.01
,,,,Sports,0.0,0.0,0.01,0.0,0.01
,,,,Sports,0.0,0.0,0.01,0.0,0.01
,,,,Adventure,0.01,0.0,0.0,0.0,0.01
,,,,Sports,0.0,0.01,0.0,0.0,0.01
,,,,Action,0.0,0.0,0.01,0.0,0.01
,,,,Action,0.0,0.0,0.01,0.0,0.01
,,,,Puzzle,0.0,0.0,0.01,0.0,0.01
,,,,Shooter,0.0,0.0,0.01,0.0,0.01
,,,,Adventure,0.0,0.01,0.0,0.0,0.01
,,,,Sports,0.01,0.0,0.0,0.0,0.01
,,,,Puzzle,0.0,0.0,0.01,0.0,0.01
,,,,Action,0.01,0.0,0.0,0.0,0.01
,,,,Role-Playing,0.01,0.0,0.0,0.0,0.01
,,,,Adventure,0.0,0.0,0.01,0.0,0.01
,,,,Simulation,0.0,0.0,0.01,0.0,0.01
,,,,Platform,0.0,0.0,0.01,0.0,0.01
,,,,Shooter,0.0,0.0,0.01,0.0,0.01
,,,,Racing,0.0,0.0,0.0,0.0,0.01
,,,,Puzzle,0.0,0.01,0.0,0.0,0.01
,,,,Platform,0.0,0.0,0.01,0.0,0.01
